wl_nm,n,k,alpha_abs_percm,alpha_scat_percm,alphad_abs,alphad_scat,yag_ref_n,T_model,T_meas,s12_model,s12_meas,s33_model,s33_meas,s34_model,s34_meas
260.0,1.956076517191202,0.0,0.0,4.066091328851162,0.0,0.40660913288511624,1.9406878549478308,0.5364796486058543,0.53653,-0.9858718839434222,-0.98984,-0.16505065694862484,-0.166055,1.308798255983396e-18,0.009915
261.0,1.954703056281416,0.0,0.0,4.064387360812388,0.0,0.40643873608123876,1.9395288908977084,0.5368055215602915,0.53691,-0.9860291057199023,-0.9901800000000001,-0.16414063901400766,-0.16517500000000002,8.819331095042902e-20,0.009760000000000001
262.0,1.9533494610153044,0.0,0.0,4.062690618907408,0.0,0.4062690618907408,1.9383861573804266,0.5371277682953765,0.53703,-0.9861833612207203,-0.99042,-0.16324263679916556,-0.164025,-2.438682668509166e-19,0.009565
263.0,1.9520153313851447,0.0,0.0,4.0610010450860505,0.0,0.406100104508605,1.9372593389970116,0.5374464551552056,0.53731,-0.9863347234446427,-0.9906699999999999,-0.16235643350986717,-0.163015,-6.722938110291931e-19,0.00971
264.0,1.9507002778036735,0.0,0.0,4.059318581982969,0.0,0.40593185819829686,1.9361481282480322,0.5377616468542256,0.53774,-0.9864832631923605,-0.99105,-0.16148181733545613,-0.162295,1.6946914886949848e-18,0.009930000000000001
265.0,1.9494039207694445,0.0,0.0,4.057643172907012,0.0,0.40576431729070117,1.9350522252902358,0.5380734065270394,0.53771,-0.9866290491444911,-0.99085,-0.16061858130941606,-0.161295,-1.7045864847940719e-18,0.00963
266.0,1.948125890544988,0.0,0.0,4.055974761830787,0.0,0.4055974761830787,1.9339713377020995,0.5383817957763961,0.53737,-0.9867721479364038,-0.9908049999999999,-0.15976652317452986,-0.1604,-1.5944904806340116e-18,0.009345
267.0,1.946865826847199,0.0,0.0,4.054313293380425,0.0,0.40543132933804255,1.9329051802579187,0.5386868747194457,0.53762,-0.9869126242300053,-0.991125,-0.15892544525246258,-0.15981499999999998,5.5227890154957045e-19,0.00955
268.0,1.9456233785494124,0.0,0.0,4.052658712825552,0.0,0.40526587128255515,1.9318534747100744,0.538988702032328,0.53818,-0.9870505407826297,-0.99146,-0.15809515431759408,-0.15879,1.2098343504894152e-18,0.009185
269.0,1.9443982033946632,0.0,0.0,4.0510109660694305,0.0,0.40510109660694305,1.930815949579134,0.539287334993164,0.5381,-0.9871859585131636,-0.99168,-0.15727546147495303,-0.15797499999999998,-8.445319626197058e-19,0.009195
270.0,1.9431899677196296,0.0,0.0,4.049369999639314,0.0,0.4049369999639314,1.9297923399514572,0.5395828295235194,0.538,-0.9873189365655345,-0.99183,-0.15646618204208676,-0.15729500000000002,6.125082790395966e-19,0.009425
271.0,1.9419983461888124,0.0,0.0,4.047735760676959,0.0,0.4047735760676959,1.9287823872840009,0.5398752402284003,0.5384,-0.9874495323696737,-0.99196,-0.1556671354347323,-0.156825,-1.6911632994886929e-18,0.00881
272.0,1.940823021538498,0.0,0.0,4.046108196929331,0.0,0.40461081969293305,1.9277858392160214,0.5401646204348458,0.53878,-0.9875778017000753,-0.99181,-0.15487814505613942,-0.15587,3.800072536507107e-19,0.008715
273.0,1.9396636843300952,0.0,0.0,4.044487256739476,0.0,0.4044487256739476,1.9268024493873925,0.5404510222291662,0.53905,-0.9877037987320553,-0.9921549999999999,-0.15409903818991785,-0.154785,-5.90483687280722e-20,0.009115000000000002
274.0,1.9385200327124417,0.0,0.0,4.042872889037575,0.0,0.40428728890375754,1.925831977263272,0.5407344964928924,0.53958,-0.98782757609581,-0.992475,-0.15332964589627443,-0.15413,-2.0081137517713088e-20,0.00868
275.0,1.9373917721927085,0.0,0.0,4.041265043332146,0.0,0.40412650433321456,1.9248741879648557,0.5410150929374798,0.53997,-0.9879491849283751,-0.9923150000000001,-0.15256980291152133,-0.1533,8.590456462111301e-19,0.00814
276.0,1.9362786154155318,0.0,0.0,4.039663669701426,0.0,0.40396636697014254,1.9239288521059785,0.5412928601378203,0.54065,-0.9880686749235762,-0.992865,-0.15181934755073367,-0.152445,2.420492627931138e-18,0.008165
277.0,1.9351802819500419,0.0,0.0,4.038068718784905,0.0,0.4038068718784905,1.9229957456353242,0.5415678455646098,0.54146,-0.9881860943800564,-0.992935,-0.1510781216134444,-0.15164,9.823742875697074e-19,0.00848
278.0,1.9340964980844484,0.0,0.0,4.036480141775015,0.0,0.40364801417750146,1.9220746496840224,0.5418400956156159,0.54158,-0.988301490247469,-0.99275,-0.15034597029226834,-0.15148,1.3677594423268905e-19,0.008785000000000001
279.0,1.9330269966278812,0.0,0.0,4.034897890408974,0.0,0.4034897890408974,1.9211653504184198,0.5421096556458906,0.54127,-0.9884149081709055,-0.9931,-0.14962274208434767,-0.15107,-3.7040122013476525e-19,0.008685
280.0,1.931971516719184,0.0,0.0,4.0333219169607775,0.0,0.4033321916960777,1.9202676388978235,0.5423765699969649,0.54093,-0.9885263925336514,-0.993485,-0.14890828870552242,-0.150315,1.4340938600566622e-18,0.008324999999999999
281.0,1.9309298036423785,0.0,0.0,4.031752174233336,0.0,0.4031752174233336,1.9193813109370148,0.5426408820250707,0.54125,-0.9886359864983195,-0.9931949999999999,-0.14820246500712692,-0.1491,-1.7048322605615264e-20,0.008615000000000001
282.0,1.9299016086485319,0.0,0.0,4.0301886155507605,0.0,0.403018861555076,1.9185061669733603,0.5429026341284249,0.54191,-0.9887437320464493,-0.993385,-0.14750512889532078,-0.148285,8.724187614856033e-20,0.008315
283.0,1.928886688783764,0.0,0.0,4.0286311947507745,0.0,0.4028631194750774,1.917642011938328,0.5431618677736114,0.542,-0.9888496700166259,-0.9938499999999999,-0.14681614125286604,-0.14790999999999999,-5.542933473634262e-20,0.00821
284.0,1.9278848067231564,0.0,0.0,4.027079866177275,0.0,0.4027079866177275,1.916788655133251,0.543418623521097,0.54232,-0.9889538401411844,-0.9937750000000001,-0.14613536586326342,-0.14711000000000002,-5.142078977339817e-20,0.007904999999999999
285.0,1.9268957306103216,0.0,0.0,4.025534584673028,0.0,0.4025534584673027,1.9159459101091696,0.5436729410499103,0.54278,-0.9890562810815587,-0.993535,-0.14546266933716734,-0.14641500000000002,-1.6904838019988333e-19,0.007825
286.0,1.9259192339024127,0.0,0.0,4.023995305572479,0.0,0.4023995305572478,1.9151135945505968,0.5439248591815228,0.54235,-0.9891570304623327,-0.993855,-0.14479792104100292,-0.14574,-4.363534199854932e-19,0.008154999999999999
287.0,1.9249550952203571,0.0,0.0,4.022461984694709,0.0,0.40224619846947085,1.9142915301630619,0.5441744159029561,0.54238,-0.9892561249040441,-0.9944799999999999,-0.14414099302770256,-0.14500000000000002,2.474958348612928e-18,0.007914999999999998
288.0,1.924003098204112,0.0,0.0,4.020934578336511,0.0,0.40209345783365114,1.913479542564287,0.5444216483891441,0.54274,-0.989353600054798,-0.99469,-0.14349175996949706,-0.144765,4.529984543029613e-19,0.00819
289.0,1.9230630313727455,0.0,0.0,4.019413043265581,0.0,0.401941304326558,1.9126774611788624,0.5446665930245832,0.54287,-0.9894494906207308,-0.993825,-0.1428500990926887,-0.14404,-3.333022683082396e-19,0.0077
290.0,1.9221346879891548,0.0,0.0,4.0178973367138395,0.0,0.40178973367138393,1.9118851191362876,0.5449092854242891,0.543,-0.9895438303953814,-0.9939100000000001,-0.14221589011433497,-0.14375,-4.958633331631936e-19,0.0075049999999999995
291.0,1.921217865929248,0.0,0.0,4.016387416370862,0.0,0.40163874163708624,1.9111023531722573,0.5451497604540979,0.54376,-0.9896366522880067,-0.994605,-0.14158901518078582,-0.14262999999999998,-1.9292172119230035e-18,0.007925
292.0,1.9203123675554132,0.0,0.0,4.014883240377436,0.0,0.4014883240377436,1.9103290035330698,0.5453880522503168,0.54375,-0.9897279883508864,-0.994515,-0.1409693588080057,-0.14184,-5.009041624429442e-19,0.007904999999999999
293.0,1.9194179995941145,0.0,0.0,4.0133847673192165,0.0,0.40133847673192163,1.9095649138830428,0.5456241942387723,0.5436,-0.9898178698056592,-0.994675,-0.14035680782362348,-0.141525,1.9916160633589607e-18,0.0075
294.0,1.9185345730174617,0.0,0.0,4.011891956220499,0.0,0.4011891956220498,1.9088099312148308,0.5458582191532529,0.54421,-0.9899063270687273,-0.994985,-0.13975125131065466,-0.14079000000000003,-1.6026368770268438e-18,0.007605000000000001
295.0,1.9176619029285964,0.0,0.0,4.010404766538106,0.0,0.40104047665381065,1.9080639057625344,0.5460901590533869,0.54457,-0.9899933897757671,-0.99499,-0.13915258055283522,-0.14040999999999998,-1.886017747339238e-19,0.00792
296.0,1.9167998084507611,0.0,0.0,4.008923158155367,0.0,0.40089231581553675,1.9073266909175026,0.5463200453419697,0.54483,-0.9900790868053833,-0.9952350000000001,-0.1385606889815184,-0.140065,-1.0655862661374386e-18,0.007594999999999999
297.0,1.915948112619906,0.0,0.0,4.007447091376212,0.0,0.4007447091376212,1.9065981431467327,0.546547908781753,0.54541,-0.990163446301935,-0.99493,-0.13797547212408107,-0.13954,-3.385641881225357e-20,0.007315
298.0,1.9151066422807088,0.0,0.0,4.005976526919364,0.0,0.4005976526919363,1.9058781219137724,0.546773779511728,0.54577,-0.9902464956975757,-0.9953400000000001,-0.13739682755379107,-0.138745,-2.3203986569756287e-18,0.007145
299.0,1.9142752279858761,0.0,0.0,4.004511425912624,0.0,0.40045114259126235,1.9051664896020364,0.5469976870629096,0.54602,-0.9903282617335264,-0.99539,-0.13682465484108713,-0.13777,-1.097830040612482e-19,0.00713
300.0,1.913453703898614,0.0,0.0,4.003051749887267,0.0,0.4003051749887267,1.9044631114404533,0.5472196603736489,0.54596,-0.990408770480621,-0.9950800000000001,-0.136258855506227,-0.13742500000000002,2.145192517275419e-19,0.006885
301.0,1.912641907698141,0.0,0.0,4.001597460772522,0.0,0.40015974607725213,1.9037678554313588,0.5474397278044753,0.54553,-0.9904880473591496,-0.99558,-0.1356993329732567,-0.136745,1.196676286978024e-18,0.00689
302.0,1.9118396804881466,0.0,0.0,4.000148520890148,0.0,0.4000148520890148,1.903080592280557,0.5476579171525078,0.54571,-0.990566117158022,-0.996205,-0.13514599252526197,-0.13605,4.0829875491209604e-20,0.007125
303.0,1.9110468667080764,0.0,0.0,3.9987048929491054,0.0,0.39987048929491054,1.9024011953294746,0.5478742556654246,0.54594,-0.9906430040532893,-0.99557,-0.13459874126085827,-0.135815,9.927220578810779e-19,0.006985
304.0,1.910263314047152,0.0,0.0,3.9972665400403127,0.0,0.3997266540040313,1.901729540489338,0.5480887700550291,0.54631,-0.99071873162603,-0.995725,-0.13405748805188117,-0.13542500000000002,1.523700899927151e-20,0.006815
305.0,1.9094888733610222,0.0,0.0,3.995833425631494,0.0,0.39958334256314937,1.9010655061772959,0.5483014865104082,0.54648,-0.9907933228796447,-0.995975,-0.13352214350223857,-0.13467,-2.175495490676675e-19,0.006425
306.0,1.9087233985909557,0.0,0.0,3.9944055135621097,0.0,0.399440551356211,1.9004089732544318,0.548512430710707,0.54704,-0.9908668002565681,-0.9954700000000001,-0.1329926199078887,-0.13419999999999999,-5.646616205745932e-19,0.00695
307.0,1.9079667466854826,0.0,0.0,3.9929827680383774,0.0,0.3992982768038377,1.8997598249655907,0.5487216278375352,0.54762,-0.9909391856544244,-0.99593,-0.13246883121790534,-0.133835,2.0492852520431245e-18,0.00707
308.0,1.9072187775244,0.0,0.0,3.9915651536283656,0.0,0.3991565153628366,1.8991179468809658,0.5489291025870043,0.54744,-0.9910105004416504,-0.99624,-0.13195069299660203,-0.133415,-1.6185757447889962e-18,0.0068850000000000005
309.0,1.906479353845061,0.0,0.0,3.990152635257183,0.0,0.3990152635257183,1.8984832268393834,0.5491348791814253,0.54739,-0.9910807654725985,-0.995835,-0.13143812238667682,-0.133045,-1.1796423809239251e-18,0.006710000000000001
310.0,1.9057483411708624,0.0,0.0,3.988745178202231,0.0,0.3988745178202231,1.8978555548932272,0.5493389813806622,0.54771,-0.9911500011021492,-0.996235,-0.13093103807334835,-0.13237,1.244821257762151e-18,0.006485
311.0,1.9050256077418617,0.0,0.0,3.9873427480885466,0.0,0.39873427480885465,1.8972348232549505,0.5495414324931679,0.54801,-0.9912182271998401,-0.99622,-0.13042936024945226,-0.131775,-4.872862870206864e-19,0.00672
312.0,1.9043110244474424,0.0,0.0,3.9859453108842144,0.0,0.39859453108842147,1.8966209262451197,0.5497422553866985,0.54782,-0.9912854631635397,-0.995885,-0.1299330105814674,-0.131465,-2.864622278957281e-19,0.006605
313.0,1.9036044647609656,0.0,0.0,3.984552832895862,0.0,0.3984552832895862,1.8960137602419393,0.5499414724987275,0.54771,-0.9913517279326735,-0.9962599999999999,-0.12944191217644618,-0.131355,-1.7338609558413726e-19,0.0061200000000000004
314.0,1.902905804676333,0.0,0.0,3.983165280764216,0.0,0.3983165280764216,1.8954132236322139,0.5501391058465669,0.54805,-0.9914170400010284,-0.99624,-0.12895598954981669,-0.13012,-6.278135774703151e-19,0.006055
315.0,1.9022149226464014,0.0,0.0,3.9817826214597436,0.0,0.39817826214597435,1.8948192167636915,0.5503351770371991,0.54864,-0.9914814174291403,-0.99682,-0.1284751685940348,-0.12956,-9.47769019500052e-20,0.00613
316.0,1.9015316995231821,0.0,0.0,3.980404822278355,0.0,0.3980404822278355,1.8942316418987502,0.5505297072768404,0.54893,-0.9915448778562891,-0.996985,-0.12799937654805638,-0.12946000000000002,-5.015027367381802e-19,0.006555
317.0,1.9008560184997683,0.0,0.0,3.9790318508371803,0.0,0.397903185083718,1.8936504031693817,0.5507227173802299,0.54904,-0.9916074385121094,-0.99663,-0.12752854196760877,-0.129165,-4.1861459939985043e-19,0.00635
318.0,1.9001877650539336,0.0,0.0,3.9776636750704126,0.0,0.39776636750704125,1.8930754065334288,0.5509142277796701,0.54912,-0.9916691162278345,-0.9964299999999999,-0.12706259469623615,-0.12864,-3.0019707727780783e-19,0.00619
319.0,1.8995268268933383,0.0,0.0,3.9763002632252182,0.0,0.3976300263225218,1.892506559732038,0.5511042585338113,0.54938,-0.9917299274471834,-0.9959899999999999,-0.12660146583709142,-0.128245,9.986825807057882e-21,0.006189999999999999
320.0,1.8988730939023015,0.0,0.0,3.974941583857711,0.0,0.39749415838577107,1.8919437722482877,0.5512928293361978,0.54964,-0.991789888236907,-0.9967550000000001,-0.12614508772545877,-0.127915,3.622266894435753e-19,0.005915
321.0,1.8982264580900794,0.0,0.0,3.9735876058289925,0.0,0.3973587605828992,1.891386955266953,0.5514799595235785,0.55017,-0.9918490142970018,-0.9969699999999999,-0.12569339390198406,-0.12743,-2.3417991020533898e-18,0.005925
322.0,1.8975868135406013,0.0,0.0,3.972238298301257,0.0,0.3972238298301257,1.890836021635375,0.5516656680839932,0.55044,-0.9919073209706094,-0.996715,-0.12524631908658576,-0.126805,3.8219115071009016e-19,0.005730000000000001
323.0,1.89695405636362,0.0,0.0,3.970893630733953,0.0,0.39708936307339526,1.890290885825392,0.5518499736646403,0.5506,-0.9919648232536022,-0.996535,-0.12480379915303509,-0.126205,1.5105890870746988e-18,0.00575
324.0,1.8963280846472221,0.0,0.0,3.969553572880004,0.0,0.3969553572880004,1.8897514638963082,0.5520328945795289,0.55039,-0.9920215358038766,-0.99681,-0.1243657711041789,-0.12586,-8.505983349792712e-20,0.00625
325.0,1.8957087984116678,0.0,0.0,3.9682180947821064,0.0,0.3968218094782106,1.8892176734588615,0.5522144488169287,0.55045,-0.9920774729503627,-0.996985,-0.12393217304779329,-0.12588,-5.912057274960955e-19,0.00571
326.0,1.8950960995645003,0.0,0.0,3.9668871667690526,0.0,0.39668871667690525,1.8886894336401594,0.5523946540466201,0.55081,-0.9921326487017479,-0.99726,-0.12350294417304035,-0.12547999999999998,-1.3276210016769522e-19,0.005735
327.0,1.8944898918568989,0.0,0.0,3.9655607594521487,0.0,0.39655607594521486,1.8881666650495545,0.5525735276269508,0.55119,-0.9921870767549458,-0.997495,-0.12307802472751947,-0.125245,4.914869472362023e-19,0.00614
328.0,1.893890080841227,0.0,0.0,3.9642388437216596,0.0,0.39642388437216597,1.8876492897454324,0.5527510866117042,0.55071,-0.9922407705032986,-0.998175,-0.12265735599489136,-0.12524,8.439965056063932e-20,0.0063
329.0,1.8932965738297418,0.0,0.0,3.962921390743323,0.0,0.3962921390743323,1.8871372312028771,0.5529273477567911,0.5506,-0.9922937430445345,-0.998125,-0.12224088027305906,-0.12437000000000001,-4.579970058269819e-19,0.006105
330.0,1.8927092798544258,0.0,0.0,3.9616083719549176,0.0,0.3961608371954918,1.8866304142821948,0.5531023275267584,0.55117,-0.9923460071884869,-0.9974999999999999,-0.12182854085289047,-0.123995,-1.1479634178015951e-19,0.00593
331.0,1.8921281096279063,0.0,0.0,3.960299759062874,0.0,0.3960299759062874,1.886128765198265,0.5532760421011353,0.5515,-0.9923975754645755,-0.9972099999999999,-0.12142028199746675,-0.12345,2.983078361417113e-19,0.006155000000000001
332.0,1.8915529755054301,0.0,0.0,3.9589955240389547,0.0,0.3958995524038955,1.8856322114906947,0.5534485073806089,0.55197,-0.9924484601290708,-0.9969349999999999,-0.12101604892184131,-0.122875,9.20098096880906e-19,0.0059299999999999995
333.0,1.8909837914478562,0.0,0.0,3.9576956391169666,0.0,0.39576956391169665,1.8851406819947523,0.5536197389930425,0.55278,-0.9924986731721351,-0.9972099999999999,-0.12061578777329489,-0.12211,-1.8040701902491653e-18,0.00539
334.0,1.890420472985639,0.0,0.0,3.956400076789539,0.0,0.3956400076789539,1.884654106813056,0.553789752299335,0.55548,-0.992548226324661,-0.99764,-0.12021944561207329,-0.12195,-9.029257346429476e-19,0.00561
335.0,1.889862937183772,0.0,0.0,3.955108809804941,0.0,0.3955108809804941,1.8841724172879966,0.5539585623991369,0.55969,-0.9925971310649014,-0.9972599999999999,-0.11982697039259534,-0.12186,1.1246437649912944e-18,0.004925
336.0,1.8893111026076557,0.0,0.0,3.953821811163952,0.0,0.3953821811163952,1.883695545974869,0.5541261841364116,0.56327,-0.9926453986249086,-0.9975050000000001,-0.119438310945113,-0.12178,-2.200077656155779e-18,0.00504
337.0,1.888764889289869,0.0,0.0,3.9525390541167784,0.0,0.3952539054116778,1.8832234266156958,0.5542926321048601,0.56418,-0.9926930399967827,-0.9983,-0.11905341695781828,-0.121775,4.3932128368008795e-19,0.006155
338.0,1.8882242186978135,0.0,0.0,3.95126051216002,0.0,0.395126051216002,1.8827559941137169,0.5544579206532064,0.56336,-0.9927400659387364,-0.997755,-0.11867223895937744,-0.121275,5.891071495752569e-19,0.004805
339.0,1.887689013702203,0.0,0.0,3.949986159033674,0.0,0.3949986159033674,1.8822931845085313,0.5546220638903503,0.56277,-0.9927864869809867,-0.997705,-0.11829472830188735,-0.120285,-4.613257947956815e-19,0.0036249999999999998
340.0,1.8871591985463743,0.0,0.0,3.9487159687181945,0.0,0.39487159687181944,1.8818349349518688,0.5547850756903874,0.56095,-0.9928323134314707,-0.996905,-0.11792083714423503,-0.119965,3.839352750630512e-19,0.00414
341.0,1.886634698816392,0.0,0.0,3.9474499154315885,0.0,0.3947449915431589,1.8813811836839702,0.5549469696975108,0.55774,-0.992877555381401,-0.996495,-0.11755051843585616,-0.119885,-6.961022766702137e-19,0.00488
342.0,1.8861154414119283,0.0,0.0,3.946187973626558,0.0,0.3946187973626558,1.8809318700105664,0.5551077593307805,0.55504,-0.9929222227106573,-0.99692,-0.11718372590087785,-0.118835,2.6797708401745054e-19,0.004575
343.0,1.8856013545178911,0.0,0.0,3.944930117987687,0.0,0.39449301179876867,1.8804869342804293,0.5552674577887822,0.55335,-0.992966325093028,-0.99712,-0.11682041402263557,-0.11866499999999999,5.294257458702902e-19,0.004905
344.0,1.885092367576775,0.0,0.0,3.9436763234286616,0.0,0.39436763234286615,1.8800463178634865,0.5554260780541652,0.55176,-0.9930098720012963,-0.99729,-0.11646053802855431,-0.11906,-2.428280287342741e-19,0.00481
345.0,1.884588411261723,0.0,0.0,3.942426565089548,0.0,0.3942426565089548,1.8796099631294774,0.5555836328980743,0.54903,-0.9930528727121865,-0.997355,-0.11610405387538489,-0.11838000000000001,-6.516611481219001e-19,0.004869999999999999
346.0,1.8840894174502683,0.0,0.0,3.9411808183340913,0.0,0.39411808183340913,1.8791778134271366,0.5557401348844682,0.54542,-0.993095336311168,-0.9978849999999999,-0.11575091823478584,-0.11829999999999999,1.1478963681195907e-19,0.0052049999999999996
347.0,1.8835953191987405,0.0,0.0,3.939939058747067,0.0,0.39399390587470673,1.8787498130638947,0.5558955963743332,0.54178,-0.9931372716971238,-0.9982900000000001,-0.11540108847923763,-0.11827,-1.7359607640556275e-18,0.0053950000000000005
348.0,1.88310605071732,0.0,0.0,3.9387012621316675,0.0,0.39387012621316675,1.8783259072860707,0.5560500295297951,0.53983,-0.9931786875868883,-0.9986,-0.11505452266828978,-0.117845,2.379637668713251e-19,0.0056749999999999995
349.0,1.882621547345714,0.0,0.0,3.9374674045069273,0.0,0.39374674045069274,1.8779060422595564,0.5562034463181322,0.53945,-0.9932195925196577,-0.9966200000000001,-0.1147111795351184,-0.11730499999999999,-9.045589059160762e-19,0.0056749999999999995
350.0,1.8821417455294414,0.0,0.0,3.9362374621051868,0.0,0.3936237462105187,1.8774901650509628,0.5563558585156909,0.53985,-0.9932599948612758,-0.9971650000000001,-0.11437101847339937,-0.11679500000000001,-5.565581891310365e-19,0.005495
351.0,1.8816665827967103,0.0,0.0,3.935011411369588,0.0,0.3935011411369588,1.8770782236092323,0.5565072777117045,0.5399,-0.9932999028084032,-0.99811,-0.11403399952447978,-0.116105,-6.145160149348448e-19,0.00523
352.0,1.8811959977358643,0.0,0.0,3.933789228951614,0.0,0.3933789228951614,1.8766701667476886,0.5566577153120246,0.5396,-0.9933393243925703,-0.996775,-0.11370008336484294,-0.115855,8.863048247619645e-20,0.004540000000000001
353.0,1.8807299299733895,0.0,0.0,3.9325708917086613,0.0,0.3932570891708661,1.8762659441265228,0.5568071825427602,0.54005,-0.9933782674841157,-0.997835,-0.11336923129385944,-0.11583,6.117977847253302e-19,0.005255
354.0,1.88026832015246,0.0,0.0,3.931356376701642,0.0,0.3931356376701642,1.8758655062356968,0.5569556904538329,0.54049,-0.9934167397960204,-0.9983949999999999,-0.11304140522181765,-0.11555499999999999,-1.4792460376614877e-18,0.00547
355.0,1.879811109912008,0.0,0.0,3.930145661192629,0.0,0.39301456611926294,1.875468804378257,0.5571032499224451,0.54072,-0.9934547488876353,-0.998335,-0.11271656765822134,-0.115655,-1.5384079046566143e-18,0.00507
356.0,1.8793582418663082,0.0,0.0,3.928938722642533,0.0,0.3928938722642533,1.8750757906540436,0.5572498716564702,0.54149,-0.9934923021683036,-0.998845,-0.11239468170035598,-0.114885,5.968803217598957e-19,0.00549
357.0,1.8789096595850534,0.0,0.0,3.927735538708804,0.0,0.39277355387088037,1.8746864179437879,0.5573955661977589,0.5419,-0.9935294069008921,-0.99742,-0.11207571102210737,-0.11371999999999999,2.0043938302831577e-19,0.00564
358.0,1.878465307573915,0.0,0.0,3.9265360872431803,0.0,0.39265360872431804,1.8743006398935824,0.5575403439253709,0.54244,-0.9935660702052186,-0.99708,-0.11175961986303332,-0.11406,-1.66656443033699e-18,0.00552
359.0,1.8780251312555731,0.0,0.0,3.9253403462894547,0.0,0.3925340346289455,1.873918410899719,0.5576842150587304,0.54334,-0.9936022990613921,-0.996615,-0.11144637301768012,-0.11383499999999999,3.5811211082831577e-19,0.0048400000000000006
360.0,1.8775890769511978,0.0,0.0,3.9241482940812875,0.0,0.3924148294081287,1.8735396860938804,0.5578271896607093,0.54314,-0.9936381003130633,-0.9977100000000001,-0.11113593582513133,-0.11313,6.703103732843991e-20,0.00509
361.0,1.8771570918623788,0.0,0.0,3.9229599090400344,0.0,0.3922959909040034,1.873164421328679,0.5579692776406383,0.54286,-0.9936734806705829,-0.99793,-0.11082827415879572,-0.11321,5.36505506356594e-19,0.004545
362.0,1.8767291240534822,0.0,0.0,3.921775169772619,0.0,0.3921775169772619,1.8727925731635306,0.5581104887572468,0.5433,-0.9937084467140814,-0.997925,-0.11052335441641542,-0.113615,-7.659090459630104e-19,0.00494
363.0,1.876305122434426,0.0,0.0,3.9205940550694285,0.0,0.39205940550694285,1.8724240988508571,0.558250832621539,0.54292,-0.9937430048964632,-0.997205,-0.11022114351029344,-0.113205,-1.9447570038279257e-19,0.00507
364.0,1.8758850367438649,0.0,0.0,3.919416543902236,0.0,0.3919416543902236,1.8720589563226058,0.5583903186996023,0.54293,-0.9937771615463239,-0.9966950000000001,-0.1099216088577405,-0.11247499999999999,-3.6465496743756007e-19,0.00464
365.0,1.875468817532769,0.0,0.0,3.918242615422164,0.0,0.3918242615422164,1.8716971041770807,0.558528956315351,0.54363,-0.9938109228707878,-0.9968349999999999,-0.10962471837172504,-0.112345,-1.6389694150421825e-18,0.00554
366.0,1.8750564161483891,0.0,0.0,3.91707224895766,0.0,0.391707224895766,1.8713385016660746,0.5586667546532109,0.54322,-0.9938442949582723,-0.9983199999999999,-0.1093304404517316,-0.11255,-1.1958012231353896e-18,0.00547
367.0,1.874647784718597,0.0,0.0,3.915905424012513,0.0,0.3915905424012513,1.8709831086822954,0.5588037227607364,0.54311,-0.9938772837811807,-0.9979750000000001,-0.10903874397481376,-0.111685,9.91669612424894e-19,0.00499
368.0,1.8742428761365895,0.0,0.0,3.9147421202638912,0.0,0.39147421202638916,1.8706308857470775,0.5589398695511784,0.54361,-0.9939098951985217,-0.9973700000000001,-0.10874959828684425,-0.11119000000000001,-2.040132321824706e-19,0.004595
369.0,1.8738416440459476,0.0,0.0,3.9135823175604147,0.0,0.39135823175604145,1.8702817939983738,0.5590752038059855,0.54404,-0.9939421349584631,-0.99814,-0.10846297319395055,-0.111265,1.9769900287151453e-19,0.0049
370.0,1.8734440428260415,0.0,0.0,3.912425995920239,0.0,0.3912425995920239,1.8699357951790174,0.5592097341772563,0.5444,-0.9939740087008195,-0.9985999999999999,-0.10817883895413671,-0.11104,-1.0386458221348529e-18,0.00499
371.0,1.8730500275777715,0.0,0.0,3.9112731355291825,0.0,0.39112731355291824,1.869592851625247,0.5593434691901311,0.54559,-0.9940055219594727,-0.998695,-0.10789716626908372,-0.110785,3.8535169406596412e-19,0.004569999999999999
372.0,1.872659554109636,0.0,0.0,3.910123716738871,0.0,0.3910123716738871,1.8692529262554916,0.5594764172451359,0.54703,-0.9940366801647337,-0.997945,-0.10761792627612636,-0.10999500000000001,-3.161413996057826e-19,0.00476
373.0,1.8722725789241175,0.0,0.0,3.9089777200649087,0.0,0.3908977720064909,1.868915982559404,0.5596085866204703,0.54714,-0.9940674886456391,-0.9970600000000001,-0.10734109054039723,-0.110815,3.233830916501758e-19,0.00489
374.0,1.8718890592043798,0.0,0.0,3.9078351261850695,0.0,0.39078351261850697,1.868581984587139,0.5597399854742482,0.5474,-0.9940979526321946,-0.99705,-0.10706663104714365,-0.110535,-2.4531796776005382e-18,0.004575
375.0,1.8715089528012652,0.0,0.0,3.906695915937527,0.0,0.3906695915937527,1.8682508969388707,0.5598706218466875,0.54923,-0.9941280772575566,-0.9980249999999999,-0.1067945201941988,-0.10900499999999999,7.020615474533109e-19,0.00478
376.0,1.871132218220589,0.0,0.0,3.9055600703190914,0.0,0.3905560070319092,1.8679226847545394,0.5600005036622522,0.55011,-0.9941578675601594,-0.99962,-0.10652473078462005,-0.10963,7.446668693828843e-19,0.004495
377.0,1.8707588146107152,0.0,0.0,3.904427570483484,0.0,0.3904427570483484,1.867597313703825,0.5601296387317494,0.55165,-0.9941873284857906,-0.99929,-0.10625723601947487,-0.109525,3.5782557715549124e-20,0.004030000000000001
378.0,1.8703887017504162,0.0,0.0,3.9032983977396243,0.0,0.3903298397739624,1.8672747499763434,0.5602580347543771,0.55393,-0.994216464889611,-0.99689,-0.10599200949078247,-0.108875,-1.897724379734802e-19,0.004905
379.0,1.870021840037001,0.0,0.0,3.902172533549949,0.0,0.3902172533549949,1.8669549602720519,0.5603856993197313,0.55568,-0.994245281538125,-0.9974700000000001,-0.10572902517460092,-0.10874500000000001,5.882896521621095e-19,0.00412
380.0,1.8696581904747087,0.0,0.0,3.901049959528751,0.0,0.3901049959528751,1.8666379117918692,0.560512639909771,0.55728,-0.9942737831111043,-0.99853,-0.10546825742425744,-0.10816,2.7049814386938816e-19,0.004825
381.0,1.8692977146633594,0.0,0.0,3.899930657440534,0.0,0.3899930657440534,1.8663235722284959,0.5606388639007337,0.55817,-0.9943019742034575,-0.9990300000000001,-0.10520968096371998,-0.108185,-2.058251840120852e-19,0.004784999999999999
382.0,1.8689403747872575,0.0,0.0,3.8988146091984,0.0,0.38988146091984,1.8660119097574344,0.5607643785650198,0.55974,-0.9943298593270581,-0.997705,-0.10495327088110705,-0.107955,-2.5703971169411213e-18,0.00462
383.0,1.8685861336043377,0.0,0.0,3.897701796862453,0.0,0.3897701796862453,1.8657028930282034,0.5608891910730288,0.56197,-0.9943574429125265,-0.9978149999999999,-0.10469900262232817,-0.10757,-2.286931352559199e-18,0.004280000000000001
384.0,1.868234954435551,0.0,0.0,3.8965922026382196,0.0,0.38965922026382194,1.8653964911557408,0.5610133084949618,0.56263,-0.9943847293109647,-0.99756,-0.10444685198485762,-0.10714,-7.019012165791017e-19,0.003895
385.0,1.8678868011544822,0.0,0.0,3.8954858088750997,0.0,0.38954858088751,1.86509267371199,0.5611367378025817,0.56333,-0.9944117227956528,-0.99748,-0.10419679511163392,-0.107005,-1.309721951994361e-18,0.00465
386.0,1.8675416381771954,0.0,0.0,3.894382598064833,0.0,0.38943825980648333,1.8647914107176677,0.561259485870939,0.56431,-0.9944384275636999,-0.998575,-0.10394880848508671,-0.106245,-6.628243991233701e-20,0.00385
387.0,1.8671994304522976,0.0,0.0,3.893282552839981,0.0,0.3893282552839981,1.864492672634205,0.5613815594800626,0.56435,-0.994464847737657,-0.998985,-0.10370286892128036,-0.106575,-6.321485253382347e-19,0.00366
388.0,1.86686014345122,0.0,0.0,3.8921856559724417,0.0,0.38921856559724416,1.8641964303558605,0.5615029653166095,0.56497,-0.9944909873670879,-0.998515,-0.10345895356418103,-0.106515,-3.631614052222879e-19,0.004465
389.0,1.8665237431587076,0.0,0.0,3.891091890371966,0.0,0.3891091890371966,1.8639026552020006,0.5616237099754859,0.56376,-0.9945168504301058,-0.99824,-0.10321703988003729,-0.10636999999999999,5.370023643231192e-19,0.0042699999999999995
390.0,1.866190196063515,0.0,0.0,3.8900012390847123,0.0,0.3890001239084712,1.8636113189095407,0.5617437999614345,0.562,-0.9945424408348699,-0.998225,-0.10297710565187307,-0.106295,-5.396800331353815e-19,0.00421
391.0,1.8658594691492996,0.0,0.0,3.8889136852918105,0.0,0.38889136852918105,1.8633223936255472,0.5618632416905831,0.56095,-0.9945677624210446,-0.999115,-0.10273912897409544,-0.10622999999999999,-6.74683978039308e-19,0.005135000000000001
392.0,1.8655315298857118,0.0,0.0,3.887829212307938,0.0,0.3887829212307938,1.8630358518999932,0.5619820414919657,0.55985,-0.9945928189612261,-0.999875,-0.10250308824720526,-0.10577,3.0919504866696936e-20,0.00386
393.0,1.8652063462196729,0.0,0.0,3.886747803579931,0.0,0.3886747803579931,1.8627516666786645,0.5621002056090144,0.55846,-0.9946176141623365,-0.99847,-0.10226896217261625,-0.105195,6.99729022029044e-19,0.0039
394.0,1.8648838865668385,0.0,0.0,3.8856694426853986,0.0,0.3885669442685399,1.8624698112962157,0.5622177402010157,0.55706,-0.9946421516669767,-0.9994099999999999,-0.10203672974757742,-0.105575,-6.103702264865602e-19,0.00383
395.0,1.8645641198032434,0.0,0.0,3.884594113331363,0.0,0.3884594113331363,1.8621902594693673,0.5623346513445391,0.5576,-0.994666435054756,-0.99985,-0.10180637026019525,-0.10525999999999999,2.835574043506733e-19,0.00446
396.0,1.864247015257122,0.0,0.0,3.8835217993529154,0.0,0.38835217993529153,1.8619129852902452,0.5624509450348373,0.55719,-0.9946904678435855,-0.998135,-0.10157786328455393,-0.10433,-1.6648720778355683e-19,0.00479
397.0,1.863932542700901,0.0,0.0,3.8824524847118873,0.0,0.38824524847118874,1.8616379632198565,0.562566627187217,0.55515,-0.9947142534909413,-0.9974350000000001,-0.10135118867593473,-0.104045,3.5766847923200276e-20,0.0044150000000000005
398.0,1.8636206723433584,0.0,0.0,3.8813861534955425,0.0,0.38813861534955424,1.8613651680816996,0.5626817036383842,0.55344,-0.9947377953950965,-0.99848,-0.10112632656612476,-0.10429,-8.63134893028698e-19,0.00421
399.0,1.8633113748219476,0.0,0.0,3.8803227899152826,0.0,0.38803227899152826,1.8610945750555044,0.5627961801477579,0.55376,-0.994761096896329,-0.999915,-0.1009032573588227,-0.10411000000000001,4.1549195659394325e-19,0.00367
400.0,1.8630046211952813,0.0,0.0,3.8792623783053726,0.0,0.38792623783053726,1.8608261596711009,0.5629100623987612,0.55471,-0.9947841612780948,-0.9987,-0.10068196172513019,-0.10392000000000001,-1.3465786957482625e-18,0.0041600000000000005
401.0,1.8627003829357693,0.0,0.0,3.878204903121673,0.0,0.38782049031216737,1.8605598978024127,0.563023356000086,0.55475,-0.9948069917681774,-0.998415,-0.10046242059913316,-0.103375,-1.6854414588731893e-19,0.004205
402.0,1.8623986319224108,0.0,0.0,3.877150348940408,0.0,0.3877150348940408,1.8602957656615695,0.5631360664869313,0.55405,-0.9948295915398118,-0.999255,-0.10024461517357004,-0.103015,1.7117292116984907e-19,0.003995
403.0,1.8620993404337334,0.0,0.0,3.8760987004569247,0.0,0.3876098700456925,1.860033739793143,0.5632481993222173,0.55317,-0.9948519637127753,-0.998605,-0.10002852689558073,-0.10319,1.0863047772438733e-18,0.00415
404.0,1.861802481140877,0.0,0.0,3.8750499424844858,0.0,0.3875049942484486,1.8597737970684947,0.5633597598977759,0.55317,-0.994874111354465,-0.9996400000000001,-0.09981413746254017,-0.103255,1.859225794877774e-19,0.004175
405.0,1.8615080271008224,0.0,0.0,3.8740040599530747,0.0,0.38740040599530745,1.8595159146802385,0.5634707535355167,0.55381,-0.9948960374809355,-1.0000499999999999,-0.09960142881797229,-0.102795,5.684205823530754e-20,0.004345
406.0,1.8612159517497529,0.0,0.0,3.872961037908207,0.0,0.3872961037908207,1.8592600701368156,0.5635811854885718,0.555,-0.9949177450579261,-0.9994999999999999,-0.09939038314754087,-0.102675,-6.673037882716107e-19,0.003835
407.0,1.8609262288965538,0.0,0.0,3.8719208615097633,0.0,0.38719208615097633,1.8590062412571757,0.5636910609424163,0.55708,-0.9949392370018573,-0.9994350000000001,-0.09918098287511783,-0.10198499999999999,-1.0157580542413377e-19,0.00325
408.0,1.860638832716444,0.0,0.0,3.8708835160308426,0.0,0.38708835160308425,1.8587544061655643,0.5638003850159666,0.55817,-0.9949605161808044,-0.99979,-0.09897321065892689,-0.10132,1.3008017281968905e-18,0.00404
409.0,1.8603537377447352,0.0,0.0,3.869848986856616,0.0,0.3869848986856616,1.8585045432864131,0.5639091627626598,0.55815,-0.9949815854154517,-0.999925,-0.09876704938776028,-0.101215,4.3082039408424713e-20,0.004795
410.0,1.8600709188707174,0.0,0.0,3.868817259483206,0.0,0.3868817259483206,1.8582566313393323,0.5640173991715111,0.55876,-0.9950024474800244,-0.999475,-0.09856248217726828,-0.10122,3.6372966902962077e-19,0.003895
411.0,1.859790351331665,0.0,0.0,3.8677883195165768,0.0,0.3867788319516577,1.8580106493342006,0.5641250991681467,0.55904,-0.9950231051031962,-0.998455,-0.09835949236631632,-0.10086500000000001,1.1704193816773169e-20,0.003205
412.0,1.8595120107069667,0.0,0.0,3.866762152671431,0.0,0.38667621526714313,1.8577665765663518,0.5642322676158248,0.55937,-0.9950435609689815,-0.99952,-0.09815806351341502,-0.10127,7.888587925974801e-20,0.003415
413.0,1.8592358729123684,0.0,0.0,3.8657387447701392,0.0,0.3865738744770139,1.857524392611856,0.5643389093164285,0.55931,-0.9950638177176028,-1.000745,-0.09795817939321172,-0.10139999999999999,-4.0089182192819463e-19,0.004035
414.0,1.8589619141943337,0.0,0.0,3.8647180817416564,0.0,0.38647180817416565,1.857284077322892,0.5644450290114457,0.55892,-0.9950838779463409,-1.00092,-0.09775982399305436,-0.10159,1.956381907620812e-19,0.003935
415.0,1.8586901111245133,0.0,0.0,3.863700149620474,0.0,0.3863700149620474,1.8570456108232107,0.5645506313829282,0.55716,-0.9951037442103682,-0.9992749999999999,-0.09756298150961401,-0.10183,1.1883936770519478e-18,0.0036999999999999997
416.0,1.8584204405943276,0.0,0.0,3.8626849345455745,0.0,0.38626849345455744,1.856808973503685,0.5646557210544303,0.55552,-0.9951234190235551,-0.998855,-0.09736763634557419,-0.101115,-2.8633817598625193e-19,0.003645
417.0,1.8581528798096505,0.0,0.0,3.861672422759398,0.0,0.3861672422759398,1.856574146017948,0.5647603025919348,0.55548,-0.9951429048592716,-1.000235,-0.09717377310637962,-0.10081999999999999,-5.262176977197434e-19,0.0037949999999999998
418.0,1.8578874062856026,0.0,0.0,3.8606626006068283,0.0,0.38606626006068284,1.8563411092781124,0.5648643805047552,0.55588,-0.995162204151156,-0.99965,-0.09698137659704528,-0.10123,-1.7980904366964117e-19,0.00438
419.0,1.8576239978414437,0.0,0.0,3.8596554545341837,0.0,0.3859655454534184,1.8561098444505755,0.5649679592464251,0.55666,-0.9951813192938808,-0.998935,-0.09679043181902691,-0.09941,1.9967451536395002e-19,0.00424
420.0,1.8573626325955654,0.0,0.0,3.8586509710882257,0.0,0.38586509710882255,1.855880332951901,0.5650710432155708,0.55508,-0.9952002526438909,-0.998955,-0.09660092396714602,-0.09994,-5.501458394683699e-20,0.0037949999999999998
421.0,1.8571032889605816,0.0,0.0,3.857649136915176,0.0,0.3857649136915176,1.8556525564447823,0.5651736367567649,0.55398,-0.9952190065201321,-0.99885,-0.0964128384265732,-0.10092999999999999,-8.211610482541777e-19,0.00372
422.0,1.856845945638513,0.0,0.0,3.8566499387597486,0.0,0.38566499387597486,1.855426496834081,0.565275744161367,0.55629,-0.99523758320476,-0.9986649999999999,-0.09622616076986731,-0.09987,-2.9827835688473356e-19,0.00403
423.0,1.8565905816160655,0.0,0.0,3.85565336346419,0.0,0.385565336346419,1.855202136262941,0.5653773696683456,0.55986,-0.9952559849438349,-0.9993050000000001,-0.09604087675406606,-0.099495,-5.528331518845013e-19,0.004045
424.0,1.8563371761600012,0.0,0.0,3.8546593979673345,0.0,0.38546593979673344,1.8549794571089766,0.5654785174650867,0.56046,-0.9952742139480015,-1.000315,-0.09585697231783404,-0.09976499999999999,-2.584648889319501e-19,0.00334
425.0,1.8560857088125937,0.0,0.0,3.8536680293036687,0.0,0.38536680293036685,1.8547584419805323,0.5655791916881883,0.55954,-0.9952922723931539,-0.9988699999999999,-0.09567443357865835,-0.09919,1.7703051583858694e-19,0.002975
426.0,1.8558361593871762,0.0,0.0,3.852679244602409,0.0,0.3852679244602409,1.8545390737130123,0.5656793964242376,0.55854,-0.9953101624210849,-0.9987900000000001,-0.09549324683009665,-0.099235,9.505368109518374e-22,0.003105
427.0,1.8555885079637695,0.0,0.0,3.851693031086587,0.0,0.3851693031086587,1.8543213353652808,0.5657791357105753,0.55763,-0.995327886140123,-0.999705,-0.09531339853907661,-0.09905,2.3670983880331174e-18,0.00336
428.0,1.8553427348847975,0.0,0.0,3.8507093760721505,0.0,0.38507093760721506,1.854105210216126,0.5658784135360468,0.55858,-0.9953454456257547,-0.99973,-0.09513487534324142,-0.09862,1.0095089879577068e-18,0.004615
429.0,1.8550988207508805,0.0,0.0,3.8497282669670687,0.0,0.38497282669670685,1.8538906817607943,0.565977233841738,0.56163,-0.995362842921234,-0.999385,-0.09495766404834498,-0.098225,1.1692830561609882e-19,0.004295
430.0,1.8548567464167103,0.0,0.0,3.8487496912704557,0.0,0.38487496912704555,1.8536777337075858,0.5660756005216977,0.56464,-0.9953800800381769,-0.99959,-0.0947817516256925,-0.09795000000000001,-3.1810704390223793e-19,0.00358
431.0,1.854616492987002,0.0,0.0,3.8477736365716995,0.0,0.3847773636571699,1.8534663499745152,0.5661735174236492,0.56644,-0.9953971589571476,-0.999135,-0.09460712520962686,-0.097955,4.612531947065253e-19,0.0033699999999999997
432.0,1.8543780418125235,0.0,0.0,3.8468000905496007,0.0,0.3846800090549601,1.8532565146860318,0.5662709883496845,0.56727,-0.9954140816282261,-0.99994,-0.09443377209506312,-0.09759,3.651905593819438e-20,0.00324
433.0,1.8541413744861972,0.0,0.0,3.8458290409715263,0.0,0.3845829040971526,1.8530482121698026,0.5663680170569533,0.56846,-0.9954308499715687,-0.99966,-0.09426167973506056,-0.09759499999999999,-7.888237525481838e-19,0.00346
434.0,1.8539064728392762,0.0,0.0,3.844860475692567,0.0,0.3844860475692567,1.8528414269535534,0.5664646072583285,0.56995,-0.9954474658779553,-0.99934,-0.09409083573844368,-0.09728500000000001,1.0982582237874769e-18,0.003395
435.0,1.8536733189375907,0.0,0.0,3.843894382654708,0.0,0.3843894382654708,1.8526361437619665,0.5665607626230732,0.57222,-0.9954639312093235,-0.999495,-0.0939212278674619,-0.09753500000000001,8.284743827519135e-19,0.0032500000000000003
436.0,1.8534418950778664,0.0,0.0,3.842930749886015,0.0,0.38429307498860155,1.8524323475136382,0.5666564867774846,0.57413,-0.995480247799293,-0.9995,-0.09375284403549303,-0.09792000000000001,7.173100285931523e-19,0.0028799999999999997
437.0,1.853212183784108,0.0,0.0,3.8419695654998143,0.0,0.3841969565499814,1.8522300233180884,0.5667517833055297,0.57433,-0.9954964174536789,-0.999375,-0.0935856723047843,-0.097635,3.0181739150279184e-19,0.00266
438.0,1.8529841678040517,0.0,0.0,3.841010817693899,0.0,0.3841010817693899,1.852029156472827,0.566846655749475,0.57445,-0.9955124419509943,-0.999935,-0.09341970088423478,-0.09758,3.190597661705247e-19,0.00307
439.0,1.852757830105682,0.0,0.0,3.840054494749736,0.0,0.3840054494749736,1.8518297324604722,0.5669411076104963,0.5739,-0.9955283230429414,-1.00048,-0.09325491812721687,-0.09708,8.960701150624901e-20,0.003235
440.0,1.8525331538738143,0.0,0.0,3.8391005850316824,0.0,0.38391005850316823,1.851631736945921,0.5670351423492845,0.57347,-0.995544062454893,-1.000765,-0.09309131252943573,-0.09675500000000001,4.770355456132759e-19,0.003465
441.0,1.8523101225067367,0.0,0.0,3.8381490769862134,0.0,0.38381490769862137,1.851435155773571,0.5671287633866376,0.57136,-0.9955596618863648,-0.999965,-0.09292887272682335,-0.09673999999999999,-8.412364445928702e-19,0.0031450000000000002
442.0,1.8520887196129168,0.0,0.0,3.8371999591411603,0.0,0.38371999591411604,1.851239974964592,0.5672219741040406,0.57019,-0.9955751230114767,-0.99963,-0.09276758749347434,-0.09691,1.2788283139758188e-18,0.0036550000000000003
443.0,1.8518689290077666,0.0,0.0,3.8362532201049486,0.0,0.3836253220104949,1.8510461807142466,0.5673147778442432,0.57019,-0.9955904474794043,-1.00053,-0.09260744573961228,-0.096815,-3.4194750054509605e-19,0.003535
444.0,1.8516507347104658,0.0,0.0,3.83530884856586,0.0,0.38353088485658604,1.8508537593892582,0.5674071779118142,0.56938,-0.9956056369148238,-1.0014349999999999,-0.09244843650959372,-0.096525,-5.870207214396586e-20,0.003
445.0,1.8514341209408443,0.0,0.0,3.8343668332912872,0.0,0.3834366833291287,1.8506626975252265,0.5674991775737008,0.56869,-0.9956206929183437,-1.000665,-0.09229054897994803,-0.09617500000000001,9.877553983181285e-19,0.003225
446.0,1.8512190721163182,0.0,0.0,3.8334271631270074,0.0,0.3833427163127007,1.8504729818240884,0.5675907800597658,0.56821,-0.995635617066931,-0.99951,-0.09213377245744625,-0.09607,5.068102632370049e-19,0.00353
447.0,1.8510055728488854,0.0,0.0,3.832489826996461,0.0,0.3832489826996461,1.8502845991516241,0.567681988563324,0.56807,-0.9956504109143264,-0.9998499999999999,-0.09197809637720857,-0.09618,-6.421619260673511e-19,0.00338
448.0,1.8507936079421703,0.0,0.0,3.831554813900037,0.0,0.38315548139000366,1.8500975365350079,0.5677728062416643,0.56873,-0.9956650759914535,-1.00072,-0.09182351030084021,-0.095755,-7.423191964147159e-19,0.0030299999999999997
449.0,1.8505831623885236,0.0,0.0,3.8306221129143707,0.0,0.3830622112914371,1.8499117811604004,0.5678632362165661,0.56985,-0.9956796138068169,-1.000325,-0.09167000391459994,-0.09529499999999999,-1.7196331484247087e-19,0.00307
450.0,1.8503742213661767,0.0,0.0,3.8296917131916444,0.0,0.38296917131916447,1.8497273203705855,0.5679532815748034,0.57037,-0.9956940258468941,-1.000225,-0.09151756702760208,-0.09524,-7.39941143255896e-19,0.00342
451.0,1.85016677023644,0.0,0.0,3.828763603958899,0.0,0.3828763603958899,1.8495441416626461,0.5680429453686451,0.57068,-0.9957083135765201,-1.00011,-0.09136618957004485,-0.09519,9.051626343790128e-19,0.003555
452.0,1.8499607945409577,0.0,0.0,3.8278377745173535,0.0,0.38278377745173536,1.8493622326856831,0.5681322306163401,0.57205,-0.9957224784392609,-1.000135,-0.09121586159147231,-0.09489,1.3311514896675708e-19,0.0031799999999999997
453.0,1.8497562799990075,0.0,0.0,3.8269142142417305,0.0,0.38269142142417306,1.8491815812385715,0.5682211403026014,0.5737,-0.9957365218577832,-1.0006300000000001,-0.09106657325906402,-0.094625,-1.5231671962122265e-18,0.0031999999999999997
454.0,1.8495532125048493,0.0,0.0,3.8259929125795904,0.0,0.38259929125795905,1.849002175267758,0.5683096773790756,0.57436,-0.9957504452342151,-1.000255,-0.09091831485595352,-0.094335,-8.843036409428735e-19,0.0026300000000000004
455.0,1.84935157812512,0.0,0.0,3.8250738590506748,0.0,0.38250738590506744,1.8488240028650944,0.56839784476481,0.57527,-0.9957642499504997,-1.00015,-0.09077107677957562,-0.094505,-1.075761877268906e-18,0.00228
456.0,1.849151363096273,0.0,0.0,3.8241570432462515,0.0,0.3824157043246251,1.848647052265712,0.5684856453467063,0.57503,-0.9957779373687409,-1.000525,-0.0906248495400402,-0.094635,9.432808137808788e-20,0.002715
457.0,1.8489525538220672,0.0,0.0,3.823242454828475,0.0,0.3823242454828475,1.8484713118459264,0.5685730819799716,0.5711,-0.9957915088315442,-1.00008,-0.09047962375853463,-0.09493499999999999,-8.123903689502105e-19,0.0036550000000000003
458.0,1.8487551368710917,0.0,0.0,3.822330083529747,0.0,0.38223300835297475,1.848296770121186,0.5686601574885588,0.56959,-0.9958049656623497,-1.000145,-0.09033539016575155,-0.09415,2.5389373478003465e-18,0.003255
459.0,1.8485590989743432,0.0,0.0,3.821419919152089,0.0,0.38214199191520887,1.8481234157440505,0.5687468746656007,0.57068,-0.995818309165756,-1.000265,-0.09019213960034458,-0.093845,-1.3801191988238564e-18,0.002935
460.0,1.848364427022837,0.0,0.0,3.8205119515665165,0.0,0.38205119515665165,1.8479512375022045,0.5688332362738363,0.57122,-0.9958315406278444,-1.0002149999999999,-0.09004986300740692,-0.0943,2.9407641911763586e-19,0.0031149999999999997
461.0,1.8481711080652645,0.0,0.0,3.819606170712428,0.0,0.3819606170712428,1.847780224316507,0.5689192450460302,0.57107,-0.9958446613164882,-1.000905,-0.08990855143697711,-0.09421,-2.550454367665129e-19,0.00287
462.0,1.8479791293056902,0.0,0.0,3.8187025665969916,0.0,0.38187025665969915,1.847610365239073,0.569004903685386,0.56933,-0.9958576724816629,-1.00088,-0.0897681960425686,-0.093555,-3.687948737157435e-19,0.002755
463.0,1.8477884781012857,0.0,0.0,3.8178011292945477,0.0,0.38178011292945474,1.847441649451387,0.5690902148659522,0.56797,-0.9958705753557473,-0.999825,-0.08962878807972442,-0.093645,1.1743194086439981e-18,0.003255
464.0,1.8475991419601083,0.0,0.0,3.816901848946008,0.0,0.38169018489460077,1.8472740662624487,0.5691751812330191,0.56909,-0.995883371153819,-1.00046,-0.08949031890459502,-0.093005,2.059762375645559e-20,0.0029950000000000003
465.0,1.8474111085389104,0.0,0.0,3.8160047157582717,0.0,0.38160047157582716,1.847107605106952,0.5692598054035144,0.56854,-0.9958960610739427,-1.00073,-0.0893527799725377,-0.092725,-8.628061618488188e-19,0.003045
466.0,1.8472243656409935,0.0,0.0,3.81510972000364,0.0,0.381510972000364,1.8469422555434913,0.5693440899663856,0.56684,-0.9959086462974565,-1.001265,-0.08921616283674329,-0.09312999999999999,-2.9736629692985204e-19,0.0032500000000000003
467.0,1.847038901214092,0.0,0.0,3.814216852019242,0.0,0.3814216852019242,1.8467780072528,0.5694280374829841,0.56609,-0.9959211279892497,-1.000795,-0.08908045914687915,-0.093285,-1.1013951335361363e-19,0.002995
468.0,1.846854703348299,0.0,0.0,3.813326102206462,0.0,0.3813326102206462,1.8466148500360184,0.5695116504874344,0.56712,-0.9959335072980365,-0.9999800000000001,-0.08894566064775988,-0.092795,-1.179477522970034e-19,0.00272
469.0,1.8466717602740232,0.0,0.0,3.8124374610303797,0.0,0.38124374610303796,1.8464527738129903,0.569594931487004,0.5698,-0.9959457853566244,-1.000175,-0.0888117591780369,-0.09302,-2.6275670873080293e-20,0.002925
470.0,1.8464900603599832,0.0,0.0,3.811550919019212,0.0,0.3811550919019212,1.846291768620588,0.5696778829624629,0.57195,-0.9959579632821748,-1.000815,-0.08867874666890822,-0.09248,-4.883987572880252e-19,0.00332
471.0,1.846309592111232,0.0,0.0,3.8106664667637573,0.0,0.38106664667637574,1.8461318246110638,0.5697605073684431,0.57349,-0.9959700421764639,-1.0007700000000002,-0.08854661514285103,-0.092005,3.0322648101111966e-20,0.00268
472.0,1.8461303441672186,0.0,0.0,3.809784094916857,0.0,0.3809784094916857,1.8459729320504321,0.5698428071337827,0.57453,-0.995982023126135,-1.00094,-0.08841535671237483,-0.09264,1.0085832751548363e-18,0.002245
473.0,1.8459523052998799,0.0,0.0,3.8089037941928505,0.0,0.38089037941928505,1.8458150813168748,0.5699247846618752,0.576,-0.9959939072029456,-1.000325,-0.08828496357879163,-0.092945,-7.359313036927527e-20,0.002955
474.0,1.845775464411765,0.0,0.0,3.808025555367044,0.0,0.3808025555367044,1.845658262899174,0.5700064423310063,0.57836,-0.9960056954640109,-1.000035,-0.08815542803100967,-0.09229,-9.558857360350383e-19,0.002705
475.0,1.8455998105341909,0.0,0.0,3.8071493692751837,0.0,0.3807149369275184,1.8455024673951725,0.5700877824946846,0.57981,-0.9960173889520438,-1.0010949999999998,-0.08802674244434391,-0.09193000000000001,-3.1715691127928706e-19,0.0025250000000000003
476.0,1.8454253328254293,0.0,0.0,3.806275226812928,0.0,0.3806275226812928,1.8453476855102569,0.5701688074819741,0.58038,-0.9960289886955881,-1.00003,-0.08789889927934659,-0.091415,-7.372156869724074e-19,0.002535
477.0,1.8452520205689218,0.0,0.0,3.8054031189353417,0.0,0.38054031189353416,1.845193908055867,0.570249519597813,0.58022,-0.9960404957092495,-1.00038,-0.08777189108065454,-0.09101500000000001,-1.9557723239938457e-18,0.003125
478.0,1.8450798631715273,0.0,0.0,3.8045330366563705,0.0,0.38045330366563707,1.845041125948028,0.5703299211233349,0.58047,-0.9960519109939198,-1.00031,-0.08764571047585855,-0.091615,4.6528340549617394e-20,0.00313
479.0,1.8449088501617958,0.0,0.0,3.8036649710483488,0.0,0.3803664971048349,1.8448893302059086,0.5704100143161768,0.58088,-0.9960632355370002,-1.00008,-0.08752035017438571,-0.091175,-2.1315315099556466e-19,0.0029049999999999996
480.0,1.8447389711882733,0.0,0.0,3.8027989132414897,0.0,0.38027989132414897,1.844738511950403,0.5704898014107899,0.58122,-0.9960744703126153,-1.000915,-0.08739580296640395,-0.09122,8.103356839221003e-20,0.002635
481.0,1.8445702160178314,0.0,0.0,3.801934854423397,0.0,0.3801934854423397,1.8445886624027308,0.5705692846187425,0.58138,-0.9960856162818298,-1.00116,-0.08727206172174103,-0.091295,3.841515519547291e-19,0.00217
482.0,1.844402574534026,0.0,0.0,3.80107278583857,0.0,0.38010727858385696,1.8444397728830668,0.570648466129016,0.5799,-0.9960966743928565,-1.00045,-0.08714911938882063,-0.091045,1.4789678797899475e-19,0.00252
483.0,1.8442360367354849,0.0,0.0,3.8002126987879223,0.0,0.3800212698787922,1.8442918348091877,0.5707273481083001,0.57756,-0.9961076455812596,-1.0004,-0.08702696899361687,-0.091035,-4.088320117454984e-21,0.003105
484.0,1.8440705927343162,0.0,0.0,3.799354584628301,0.0,0.3799354584628301,1.8441448396951419,0.5708059327012783,0.57634,-0.9961185307701593,-1.000535,-0.08690560363862321,-0.09145500000000001,5.1318085592304333e-20,0.002255
485.0,1.8439062327545488,0.0,0.0,3.7984984347720148,0.0,0.37984984347720147,1.8439987791499415,0.5708842220309175,0.57356,-0.9961293308704274,-1.000975,-0.08678501650183872,-0.09087,1.153040244954111e-18,0.00238
486.0,1.843742947130594,0.0,0.0,3.7976442406863615,0.0,0.37976442406863614,1.8438536448762743,0.5709622181987413,0.57183,-0.9961400467808832,-1.00108,-0.08666520083577003,-0.09,7.503845618379244e-19,0.003155
487.0,1.843580726305733,0.0,0.0,3.7967919938931627,0.0,0.37967919938931627,1.843709428669237,0.571039923285112,0.57732,-0.9961506793884817,-1.0012050000000001,-0.08654614996644738,-0.09018000000000001,-1.4409323461299207e-19,0.003175
488.0,1.8434195608306305,0.0,0.0,3.7959416859683093,0.0,0.3795941685968309,1.8435661224150877,0.5711173393494957,0.57818,-0.9961612295685035,-1.0008949999999999,-0.0864278572924575,-0.09053,-2.7544655720494883e-19,0.0031349999999999998
489.0,1.843259441361869,0.0,0.0,3.795093308541303,0.0,0.3795093308541303,1.8434237180900193,0.5711944684307343,0.57681,-0.9961716981847358,-1.001225,-0.08631031628399141,-0.09023,4.9629487118704e-20,0.003175
490.0,1.8431003586605104,0.0,0.0,3.7942468532948066,0.0,0.37942468532948065,1.8432822077589512,0.571271312547303,0.57633,-0.996182086089655,-1.00114,-0.08619352048190482,-0.089695,-3.5970955758908534e-19,0.0024999999999999996
491.0,1.8429423035906773,3.5e-323,0.0,3.7934023119642,0.0,0.37934023119642,1.8431415835743408,0.5713478736975757,0.57636,-0.9961923941246015,-1.00064,-0.08607746349679635,-0.09027,1.3097576101944912e-18,0.002515
492.0,1.842785267118159,1.0776e-320,2.766767617e-315,3.7925596763371368,2.7667676e-316,0.37925596763371366,1.8430018377750141,0.5714241538600748,0.57674,-0.9962026231199557,-1.00098,-0.08596213900809689,-0.09068499999999999,-3.2072623593817423e-19,0.0027749999999999997
493.0,1.8426292403090392,3.25766e-318,8.30376130965e-313,3.791718938253114,8.3037613097e-314,0.37917189382531136,1.842862962685014,0.571500154993723,0.57831,-0.9962127738953079,-1.000875,-0.08584754076317377,-0.08979000000000001,-9.475894772523156e-19,0.002615
494.0,1.842474214328345,9.41013378e-316,2.3937495362978e-310,3.790880089603031,2.393749536298e-311,0.3790880089603031,1.842724950712466,0.5715758790380925,0.58021,-0.996222847259625,-1.000905,-0.08573366257645036,-0.089925,-1.4310853592949683e-19,0.00253
495.0,1.8423201804387188,2.5980649518e-313,6.595605469733088e-308,3.790043122328771,6.59560546973309e-309,0.3790043122328771,1.8425877943484636,0.5716513279136461,0.58122,-0.9962328440114155,-1.001465,-0.08562049832853559,-0.090565,1.405158035554233e-19,0.0029500000000000004
496.0,1.8421671299991087,6.8587661764735e-311,1.737697534893483e-305,3.7892080284227765,1.737697534893483e-306,0.37892080284227764,1.84245148616597,0.5717265035219786,0.58156,-0.9962427649388922,-1.0007549999999998,-0.0855080419653704,-0.08959500000000001,-7.376239145020346e-19,0.0028
497.0,1.8420150544634828,1.7320449354769534e-308,4.379379995961211e-303,3.7883747999276283,4.379379995961211e-304,0.37883747999276285,1.8423160188187362,0.571801407746051,0.58271,-0.9962526108201303,-1.000435,-0.08539628749738516,-0.08937500000000001,-3.0362538105285163e-19,0.00295
498.0,1.8418639453795602,4.18565068042635e-306,1.0561935283630956e-300,3.7875434289356313,1.0561935283630956e-301,0.37875434289356313,1.8421813850402367,0.5718760424504251,0.58355,-0.9962623824232222,-1.000645,-0.08528522899866883,-0.08949,1.735594850095278e-18,0.0031599999999999996
499.0,1.841713794387565,9.683428040526907e-304,2.438588087670119e-298,3.7867139075884078,2.438588087670119e-299,0.37867139075884076,1.8420475776426222,0.5719504094814921,0.58354,-0.996272080506432,-1.000925,-0.08517486060615281,-0.089435,-1.252024434839908e-18,0.00292
500.0,1.841564593218999,2.145494617121903e-301,5.392216101973294e-296,3.7858862280764893,5.392216101973293e-297,0.37858862280764893,1.8419145895156877,0.5720245106676957,0.58404,-0.9962817058183452,-1.000465,-0.0850651765188078,-0.08940999999999999,1.780470047951161e-18,0.0023499999999999997
501.0,1.8414163336954317,4.5543447701756207e-299,1.1423469917683692e-293,3.785060382638916,1.1423469917683691e-294,0.3785060382638916,1.841782413625856,0.572098347819757,0.58452,-0.9962912590980169,-1.0006650000000001,-0.08495617099684778,-0.089195,8.147956050597309e-20,0.0023550000000000003
502.0,1.8412690077273108,9.265968030032353e-297,2.3195137124739068e-291,3.784236363562841,2.3195137124739066e-292,0.3784236363562841,1.8416510430151793,0.5721719227308932,0.58533,-0.9963007410751166,-1.00079,-0.08484783836095186,-0.08898,6.40289932471858e-19,0.002575
503.0,1.8411226073127924,1.8075344891690518e-294,4.515735246348845e-289,3.7834141631831315,4.5157352463488447e-290,0.3783414163183132,1.8415204708003525,0.5722452371770322,0.58519,-0.9963101524700705,-1.000675,-0.08474017299149451,-0.08903,-9.350479141768765e-19,0.002445
504.0,1.8409771245365874,3.3820189477049923e-292,8.432480857469435e-287,3.7825937738819855,8.432480857469434e-288,0.37825937738819854,1.8413906901717447,0.5723182929170242,0.58449,-0.9963194939942018,-1.000725,-0.08463316932778828,-0.08899499999999999,-4.740151450020266e-19,0.0028599999999999997
505.0,1.840832551568825,6.071837762403392e-290,1.5109101709430163e-284,3.781775188088543,1.5109101709430164e-285,0.3781775188088543,1.8412616943924445,0.572391091692854,0.58476,-0.9963287663498689,-1.00005,-0.08452682186733608,-0.08881,-6.364562224445388e-20,0.002515
506.0,1.8406888806639374,1.0463531729346746e-287,2.5985892815430384e-282,3.7809583982785058,2.5985892815430386e-283,0.3780958398278506,1.841133476797318,0.5724636352298438,0.58499,-0.9963379702305988,-1.0008650000000001,-0.084421125165098,-0.08805,1.8145453482077093e-19,0.002705
507.0,1.840546104159557,1.73144263873508e-285,4.291508855197044e-280,3.780143396973758,4.2915088551970436e-281,0.37801433969737586,1.8410060307920848,0.5725359252368586,0.58488,-0.9963471063212219,-1.0014,-0.08431607383276508,-0.088335,7.37332897847647e-20,0.0025199999999999997
508.0,1.840404214475435,2.7521088394822463e-283,6.807877883462171e-278,3.7793301767419956,6.807877883462171e-279,0.37793301767419957,1.8408793498524054,0.5726079634065054,0.58342,-0.9963561752980017,-1.001695,-0.08421166253804681,-0.088165,1.5928803103657625e-18,0.0024850000000000002
509.0,1.8402632041123732,4.2034429896502265e-281,1.0377607556831959e-275,3.778518730196352,1.0377607556831959e-276,0.3778518730196352,1.8407534275229824,0.5726797514153306,0.5825,-0.9963651778287614,-1.00111,-0.08410788600396858,-0.08814,-9.909302385229123e-19,0.002915
510.0,1.8401230656511738,6.1713409309839364e-279,1.5206148495354613e-273,3.7777090499950345,1.5206148495354613e-274,0.37777090499950344,1.8406282574166768,0.5727512909240141,0.58281,-0.9963741145730131,-1.00083,-0.08400473900817648,-0.088675,3.6026985905530167e-19,0.002595
511.0,1.839983791751605,8.712442147296412e-277,2.142539666909784e-271,3.776901128840961,2.142539666909784e-272,0.3776901128840961,1.8405038332136359,0.5728225835775609,0.58251,-0.9963829861820795,-1.0008050000000002,-0.08390221638225767,-0.088255,-7.934341922365123e-19,0.0029
512.0,1.8398453751513824,1.1831392447971796e-274,2.9038605934598402e-269,3.7760949594814,2.90386059345984e-270,0.37760949594814003,1.8403801486604359,0.5728936310054892,0.58279,-0.996391793299215,-1.0009700000000001,-0.08380031301106639,-0.088065,1.6541594534358199e-18,0.002835
513.0,1.839707808665165,1.5460211750886572e-272,3.7871101488910602e-267,3.775290534707617,3.78711014889106e-268,0.37752905347076166,1.8402571975692363,0.5729644348220194,0.58321,-0.996400536559727,-1.00094,-0.08369902383206101,-0.087585,-3.246607092979058e-19,0.0025250000000000003
514.0,1.839571085183568,1.9445769998739783e-270,4.754139157310327e-265,3.7744878473545183,4.754139157310327e-266,0.37744878473545185,1.840134973816947,0.5730349966262516,0.58319,-0.9964092165910923,-1.001045,-0.08359834383465169,-0.087795,1.1719406669556638e-19,0.0024000000000000002
515.0,1.8394351976721885,2.3551033338456563e-268,5.7466216171295875e-263,3.773686890300307,5.746621617129587e-264,0.37736868903003074,1.8400134713444087,0.5731053180023522,0.5826,-0.9964178340130732,-1.00122,-0.08349826805955565,-0.08807999999999999,1.1549342590910695e-18,0.002395
516.0,1.8393001391706487,2.7473462260488036e-266,6.690730791180283e-261,3.772887656466137,6.690730791180283e-262,0.37728876564661373,1.8398926841555845,0.5731754005197286,0.5823,-0.9964263894378295,-1.001145,-0.08339879159816535,-0.08749,-5.144322390313315e-19,0.002205
517.0,1.8391659027916503,3.088000988838349e-264,7.505795915522301e-259,3.772090138815769,7.505795915522301e-260,0.3772090138815769,1.8397726063167639,0.5732452457332046,0.58319,-0.9964348834700334,-1.001195,-0.08329990959192074,-0.08732999999999999,-5.06540999172992e-19,0.0024749999999999998
518.0,1.839032481720045,3.3453581768352423e-262,8.115639128936015e-257,3.771294330355234,8.115639128936016e-258,0.3771294330355234,1.8396532319557786,0.5733148551831946,0.58302,-0.996443316706975,-1.00121,-0.08320161723169513,-0.08743500000000001,3.4268555792429334e-19,0.00246
519.0,1.838899869211919,3.494202496381113e-260,8.460393751665526e-255,3.770500224132499,8.460393751665527e-256,0.37705002241324986,1.8395345552612299,0.573384230395873,0.58197,-0.9964516897386732,-1.00051,-0.08310390975718704,-0.08737500000000001,-3.907330088206181e-19,0.00265
520.0,1.83876805859369,3.519909045061439e-258,8.506246459437908e-253,3.7697078132371327,8.506246459437908e-254,0.37697078132371326,1.8394165704817287,0.573453372883344,0.58105,-0.9964600031479798,-1.000235,-0.08300678245632284,-0.08712,8.77136096129895e-19,0.002785
521.0,1.8386370432612198,3.4208103584258645e-256,8.250896500080278e-251,3.76891709079998,8.250896500080279e-252,0.376891709079998,1.839299271925143,0.5735222841438039,0.58056,-0.9964682575106856,-1.000705,-0.082910230664666,-0.086995,1.378851164330533e-19,0.00263
522.0,1.8385068166789367,3.2083047010837334e-254,7.72351454360326e-249,3.7681280499928356,7.72351454360326e-250,0.3768128049992836,1.8391826539578617,0.5735909656617078,0.58078,-0.9964764533956213,-1.000735,-0.08281424976483731,-0.087055,-4.2549402376515773e-19,0.00258
523.0,1.8383773723789747,2.90472322844531e-252,6.979317135904713e-247,3.7673406840281216,6.979317135904713e-248,0.3767340684028122,1.839066711004065,0.5736594189079293,0.58112,-0.9964845913647579,-1.00068,-0.08271883518594053,-0.086975,-4.546472153780817e-19,0.00245
524.0,1.8382487039603221,2.539502104581527e-250,6.090138286663468e-245,3.7665549861585674,6.090138286663468e-246,0.37665549861585673,1.8389514375450062,0.5737276453399184,0.58108,-0.9964926719733076,-1.0009649999999999,-0.0826239824029976,-0.08665,-4.5517231609958765e-19,0.002075
525.0,1.8381208050879856,2.1445582630137517e-248,5.133202654688983e-243,3.7657709496768987,5.133202654688982e-244,0.3765770949676899,1.8388368281183072,0.5737956464018584,0.58143,-0.996500695769819,-1.001115,-0.08252968693639322,-0.08655,-8.154780540349478e-19,0.002425
526.0,1.8379936694921648,1.7498548692986627e-246,4.180480001701145e-241,3.7649885679155193,4.180480001701145e-242,0.37649885679155193,1.8387228773172595,0.5738634235248212,0.58173,-0.9965086632962746,-1.0015,-0.0824359443513248,-0.087105,-6.16919982369959e-19,0.002675
527.0,1.8378672909674392,1.3799687818889258e-244,3.2905501232375747e-239,3.764207834246203,3.2905501232375747e-240,0.3764207834246203,1.8386095797901385,0.5739309781269171,0.58194,-0.9965165750881837,-1.00132,-0.0823427502572622,-0.08690999999999999,-6.199294201388244e-19,0.002345
528.0,1.837741663371967,1.0521226952907756e-242,2.5040461592428735e-237,3.7634287420797925,2.5040461592428736e-238,0.37634287420797924,1.838496930239527,0.5739983116134476,0.5828,-0.9965244316746761,-1.001215,-0.08225010030741373,-0.08721999999999999,-1.5288393787451503e-20,0.002315
529.0,1.8376167806266974,7.757449816065776e-241,1.8427786278067093e-235,3.7626512848658833,1.8427786278067094e-236,0.37626512848658833,1.8383849234216487,0.5740654253770509,0.58323,-0.9965322335785907,-1.00122,-0.08215799019820126,-0.086845,-6.615393059420672e-19,0.002225
530.0,1.8374926367145912,5.532880824392924e-239,1.3118534151774071e-233,3.761875456092538,1.3118534151774072e-234,0.37618754560925377,1.8382735541457096,0.5741323207978485,0.58355,-0.9965399813165696,-1.001455,-0.08206641566874028,-0.08658,-3.5870095740404055e-19,0.0023350000000000003
531.0,1.837369225679856,3.818444270091342e-237,9.036532178577024e-232,3.761101249285974,9.036532178577024e-233,0.3761101249285974,1.8381628172732518,0.5741989992435903,0.58346,-0.9965476753991404,-1.0012150000000002,-0.08197537250033064,-0.08613,-2.149132275543607e-19,0.0027099999999999997
532.0,1.8372465416271895,2.5506226035832096e-235,6.024824987591791e-230,3.760328658010282,6.024824987591791e-231,0.37603286580102824,1.8380527077175144,0.5742654620697923,0.5837,-0.9965553163308076,-1.00107,-0.08188485651595134,-0.086075,-1.8998505982070317e-19,0.00265
533.0,1.837124578721037,1.6494955311490975e-233,3.888962883892832e-228,3.759557675867123,3.888962883892832e-229,0.37595576758671234,1.8379432204428046,0.5743317106198825,0.58349,-0.9965629046101354,-1.00114,-0.08179486357976423,-0.08628,6.126253528397459e-19,0.002365
534.0,1.8370033311848564,1.0330483550428482e-231,2.4310240621765035e-226,3.758788296495445,2.4310240621765035e-227,0.3758788296495445,1.837834350463876,0.5743977462253332,0.5833,-0.9965704407298313,-1.0009299999999999,-0.08170538959662312,-0.08607000000000001,-1.5182079487657989e-18,0.00216
535.0,1.8368827933003966,6.267190674563524e-230,1.4720717892975873e-224,3.758020513571193,1.4720717892975873e-225,0.3758020513571193,1.8377260928453203,0.5744635702058002,0.58349,-0.9965779251768301,-1.001315,-0.08161643051159226,-0.085955,-6.166261565266387e-20,0.0022849999999999997
536.0,1.8367629594069843,3.684044926965719e-228,8.637140655261379e-223,3.757254320807029,8.63714065526138e-224,0.3757254320807029,1.8376184427009608,0.5745291838692553,0.58293,-0.9965853584323733,-1.0015450000000001,-0.08152798230946916,-0.08632999999999999,1.522902576524243e-19,0.002415
537.0,1.8366438239008225,2.0989037114470976e-226,4.911657713575086e-221,3.756489711952045,4.911657713575086e-222,0.3756489711952045,1.837511395193261,0.5745945885121199,0.58256,-0.9965927409720896,-1.001225,-0.08144004101431379,-0.08602499999999999,-4.742083522747148e-19,0.002375
538.0,1.8365253812342974,1.159285446634669e-224,2.7078086561792103e-219,3.755726680791491,2.7078086561792102e-220,0.3755726680791491,1.8374049455327377,0.5746597854193942,0.58229,-0.9966000732660732,-1.00116,-0.08135260268898771,-0.085685,1.7013460050202597e-20,0.0023350000000000003
539.0,1.8364076259152968,6.2091487786197865e-223,1.447615301518216e-217,3.7549652211464952,1.447615301518216e-218,0.37549652211464957,1.8372990889773841,0.5747247758647868,0.5818,-0.9966073557789612,-1.00123,-0.08126566343469438,-0.085735,-5.843800273550568e-19,0.00223
540.0,1.8362905525065383,3.225744603756616e-221,7.506648555199038e-216,3.7542053268737923,7.506648555199039e-217,0.37542053268737924,1.8371938208320997,0.5747895611108407,0.58167,-0.9966145889700093,-1.00126,-0.08117921939053105,-0.08578,-6.026575050319686e-20,0.0021650000000000003
541.0,1.8361741556249052,1.6259059763855172e-219,3.776661198403313e-214,3.7534469918654505,3.776661198403313e-215,0.37534469918654506,1.8370891364481305,0.5748541424090596,0.58155,-0.9966217732931659,-1.00136,-0.08109326673304333,-0.08573,1.1459169720106507e-20,0.00235
542.0,1.8360584299407938,7.953139745811374e-218,1.843950213905093e-212,3.7526902100486064,1.843950213905093e-213,0.37526902100486065,1.8369850312225144,0.5749185210000313,0.58088,-0.996628909197147,-1.00146,-0.081007801675787,-0.08538,7.536472750471244e-19,0.0024200000000000003
543.0,1.83594337017747,3.776318826408161e-216,8.739341055364056e-211,3.7519349753851965,8.739341055364056e-212,0.37519349753851966,1.836881500597536,0.5749826981135472,0.58071,-0.9966359971255062,-1.001135,-0.08092282046889648,-0.085255,1.064309272673857e-18,0.002235
544.0,1.835828971110431,1.7409792240571698e-214,4.02165260319887e-209,3.7511812818717,4.02165260319887e-210,0.37511812818717,1.8367785400601886,0.5750466749687265,0.58054,-0.996643037516709,-1.001225,-0.0808383193986563,-0.08516,2.081465327219241e-19,0.0026449999999999998
545.0,1.835715227566784,7.795076754509073e-213,1.7973545589823317e-207,3.750429123538868,1.7973545589823317e-208,0.3750429123538868,1.836676145141644,0.575110452774132,0.58079,-0.9966500308042003,-1.000955,-0.08075429478708415,-0.08513,-1.0656917815247646e-18,0.00234
546.0,1.8356021344246258,3.390431724208904e-211,7.803190767232576e-206,3.7496784944514747,7.803190767232577e-207,0.3749678494451475,1.836574311416729,0.5751740327278869,0.58119,-0.9966569774164737,-1.001125,-0.08067074299151414,-0.085325,5.360528893839934e-19,0.002275
547.0,1.8354896866124344,1.4328551830730388e-209,3.291734783766228e-204,3.7489293887080577,3.291734783766228e-205,0.37489293887080577,1.8364730345034106,0.5752374160177917,0.58116,-0.9966638777771397,-1.0012599999999998,-0.08058766040418666,-0.085185,-5.423106538988222e-19,0.0025599999999999998
548.0,1.8353778791084698,5.885266665314554e-208,1.3495701109612487e-202,3.748181800440666,1.3495701109612486e-203,0.3748181800440666,1.8363723100622857,0.5753006038214378,0.58142,-0.9966707323049925,-1.00112,-0.0805050434518468,-0.084975,6.3581039909768975e-19,0.00238
549.0,1.8352667069401827,2.3499000510016002e-206,5.3788187518374555e-201,3.747435723814604,5.378818751837456e-202,0.3747435723814604,1.8362721337960817,0.5753635973063187,0.58174,-0.996677541414076,-1.001115,-0.08042288859534624,-0.0853,1.9728666240028675e-19,0.002105
550.0,1.8351561651836301,9.123340368083868e-205,2.0844959328415622e-199,3.7466911530281917,2.0844959328415623e-200,0.37466911530281916,1.8361725014491597,0.5754263976299421,0.58217,-0.9966843055137468,-1.00087,-0.08034119232924869,-0.084815,-4.271530305384574e-20,0.00253
551.0,1.8350462489629005,3.444930450310836e-203,7.856673825643775e-198,3.7459480823125095,7.856673825643775e-199,0.37459480823125096,1.8360734088070283,0.5754890059399386,0.58215,-0.9966910250087393,-1.0014750000000001,-0.08025995118144423,-0.08446000000000001,6.695125718001533e-19,0.00245
552.0,1.834936953449547,1.265403421369499e-201,2.88071166116073e-196,3.7452065059311614,2.88071166116073e-197,0.3745206505931162,1.835974851695862,0.5755514233741693,0.583,-0.9966977002992281,-1.0015200000000002,-0.08017916171276675,-0.08443,-4.723326403436107e-19,0.0026049999999999997
553.0,1.8348282738620274,4.5227066256434916e-200,1.027739740286689e-194,3.744466418180028,1.027739740286689e-195,0.3744466418180028,1.8358768259820268,0.5756136510608342,0.58343,-0.9967043317808889,-1.0011999999999999,-0.08009882051661615,-0.084365,2.6609392375853905e-19,0.0024749999999999998
554.0,1.8347202054651535,1.573209789834373e-198,3.568508533068021e-193,3.7437278133870286,3.568508533068021e-194,0.3743727813387029,1.8357793275716119,0.5756756901185743,0.58353,-0.9967109198449592,-1.001335,-0.08001892421858778,-0.08441499999999999,1.0361773645935108e-20,0.001985
555.0,1.8346127435695465,5.3270977846374126e-197,1.2061672983907285e-191,3.7429906859118836,1.2061672983907285e-192,0.37429906859118833,1.8356823524099677,0.5757375416565789,0.58376,-0.9967174648782995,-1.0011800000000002,-0.07993946947610465,-0.084485,2.4409324295739866e-19,0.00205
556.0,1.8345058835311003,1.7563317858306795e-195,3.9695532630445354e-190,3.74225503014588,3.969553263044536e-191,0.374225503014588,1.8355858964812526,0.5757992067746838,0.58451,-0.9967239672634496,-1.001175,-0.07986045297805448,-0.084645,-2.905350665761449e-19,0.002435
557.0,1.8343996207504536,5.639355193209101e-194,1.272284154109096e-188,3.741520840511638,1.272284154109096e-189,0.3741520840511638,1.8354899558079805,0.5758606865634766,0.58494,-0.9967304273786886,-1.001295,-0.07978187144443513,-0.08442,7.074763575758544e-19,0.00214
558.0,1.8342939506724667,1.7638171016810586e-192,3.972182687395882e-187,3.740788111462881,3.9721826873958815e-188,0.3740788111462881,1.8353945264505822,0.5759219821043929,0.58517,-0.9967368455980902,-1.001275,-0.07970372162599804,-0.08405,1.1939096207653706e-18,0.001915
559.0,1.8341888687857073,5.374922053502402e-191,1.2082873443220688e-185,3.7400568374842034,1.2082873443220689e-186,0.3740056837484203,1.8352996045069643,0.5759830944698164,0.58541,-0.9967432222915792,-1.00118,-0.07962600030390385,-0.08413999999999999,-6.54693836766069e-19,0.002335
560.0,1.8340843706219438,1.5961647958156312e-189,3.581785426037885e-184,3.739327013090848,3.581785426037885e-185,0.3739327013090848,1.8352051861120804,0.5760440247231772,0.58565,-0.9967495578249886,-1.001335,-0.07954870428937814,-0.08404,-1.2180022184965263e-18,0.00258
561.0,1.8339804517556433,4.6202103675104957e-188,1.0349247022182083e-182,3.7385986328284786,1.0349247022182083e-183,0.37385986328284787,1.835111267437506,0.5761047739190441,0.58609,-0.9967558525601105,-1.001565,-0.07947183042337187,-0.08373,1.3154035690600104e-18,0.0025700000000000002
562.0,1.8338771078034792,1.3038117498524577e-186,2.915334814946999e-181,3.7378716912729595,2.9153348149469992e-182,0.3737871691272959,1.8350178446910177,0.5761653431032222,0.58646,-0.9967621068547519,-1.001535,-0.07939537557622933,-0.08394499999999999,-2.623531597681467e-19,0.002255
563.0,1.8337743344238426,3.587789345728006e-185,8.008080036352991e-180,3.7371461830301316,8.00808003635299e-181,0.37371461830301317,1.8349249141161805,0.5762257333128459,0.58635,-0.9967683210627872,-1.001225,-0.0793193366473553,-0.08360000000000001,-8.198369818549718e-20,0.002155
564.0,1.833672127316363,9.62912483471672e-184,2.145445946187594e-178,3.736422102735599,2.145445946187594e-179,0.3736422102735599,1.8348324719919384,0.5762859455764708,0.58675,-0.996774495534209,-1.0012050000000001,-0.07924371056489209,-0.083445,-2.1428594103971134e-19,0.002325
565.0,1.8335704822214332,2.521056728414811e-182,5.607174015767142e-177,3.735699445054507,5.607174015767142e-178,0.3735699445054507,1.8347405146322133,0.5763459809141628,0.58703,-0.99678063061518,-1.001355,-0.07916849428539742,-0.083705,6.943877751097818e-19,0.00233
566.0,1.8334693949197425,6.440233090271257e-181,1.429864944438309e-175,3.734978204681331,1.429864944438309e-176,0.37349782046813307,1.8346490383855063,0.5764058403375918,0.58693,-0.9967867266480837,-1.00156,-0.0790936847935272,-0.083885,4.470809877006635e-19,0.001775
567.0,1.833368861231816,1.6055733059067365e-179,3.5584178501844666e-174,3.73425837633966,3.5584178501844666e-175,0.37342583763396603,1.8345580396345054,0.5764655248501173,0.58684,-0.9967927839715723,-1.001725,-0.07901927910172331,-0.0833,-8.480970939436668e-19,0.00211
568.0,1.8332688770175576,3.907094153127808e-178,8.644012879119688e-173,3.7335399547819943,8.644012879119688e-174,0.3733539954781994,1.8344675147956995,0.576525035446876,0.58555,-0.9967988029206168,-1.00139,-0.07894527424990488,-0.08366,7.469414205574807e-20,0.002045
569.0,1.8331694381758021,9.282342518531964e-177,2.0500062611124215e-171,3.7328229347895223,2.0500062611124217e-172,0.3732822934789522,1.834377460318996,0.5765843731148714,0.58438,-0.9968047838265558,-1.001175,-0.07887166730516193,-0.08382500000000001,2.1961414046859925e-19,0.0016
570.0,1.8330705406438732,2.1534027672745585e-175,4.747448641326094e-170,3.7321073111719305,4.7474486413260945e-171,0.37321073111719305,1.8342878726873442,0.5766435388330551,0.58399,-0.9968107270171397,-1.00133,-0.07879845536145719,-0.08341000000000001,-3.698367727513857e-20,0.00212
571.0,1.8329721803971446,4.879104336246519e-174,1.0737764160315353e-168,3.7313930787671823,1.0737764160315352e-169,0.37313930787671823,1.834198748416364,0.5767025335724129,0.58378,-0.9968166328165803,-1.001385,-0.07872563553932703,-0.08344499999999999,6.870822074596775e-19,0.00264
572.0,1.8328743534486107,1.0799024337052277e-172,2.3724570295958617e-167,3.730680232441327,2.3724570295958614e-168,0.3730680232441327,1.8341100840539784,0.5767613582960484,0.58435,-0.9968225015455957,-1.0014150000000002,-0.07865320498559025,-0.0834,-1.1065886075790844e-18,0.002425
573.0,1.8327770558484588,2.3352864076212397e-171,5.121478968384632e-166,3.7299687670882906,5.121478968384633e-167,0.37299687670882903,1.8340218761800522,0.5768200139592652,0.58276,-0.9968283335214551,-1.0014,-0.0785811608730565,-0.083025,-7.065719772687882e-19,0.00216
574.0,1.8326802836836522,4.935008176403258e-170,1.0804031660204903e-164,3.729258677629679,1.0804031660204904e-165,0.37292586776296793,1.8339341214060347,0.5768785015096455,0.58212,-0.9968341290580235,-1.0017,-0.07850950040024351,-0.08316,-6.144246307468096e-19,0.002035
575.0,1.832584033077513,1.0193135943459633e-168,2.2276647650097284e-163,3.7285499590145816,2.2276647650097283e-164,0.37285499590145815,1.833846816374607,0.576936821887135,0.58326,-0.9968398884658054,-1.00134,-0.07843822079109287,-0.083115,2.1105625736589776e-19,0.00193
576.0,1.8324883001893162,2.05816101450642e-167,4.490210779915476e-162,3.7278426062193715,4.490210779915476e-163,0.37278426062193715,1.8337599577593333,0.5769949760241169,0.58219,-0.9968456120519888,-1.00114,-0.07836731929469369,-0.08316000000000001,1.3892146306369723e-18,0.0021
577.0,1.832393081213883,4.063320820677909e-166,8.849427271695092e-161,3.727136614247513,8.849427271695091e-162,0.37271366142475126,1.8336735422643198,0.5770529648454923,0.58059,-0.996851300120487,-1.001535,-0.07829679318500629,-0.0828,6.853901286497579e-19,0.002165
578.0,1.832298372381187,7.84496548235148e-165,1.705583801177918e-159,3.726431978129367,1.7055838011779182e-160,0.37264319781293676,1.8335875666238735,0.577110789268758,0.58114,-0.9968569529719798,-1.001385,-0.07822663976059228,-0.08255,2.4132215154625867e-19,0.002235
579.0,1.8322041699559573,1.4814477423365233e-163,3.2152713948197627e-158,3.725728692922006,3.215271394819763e-159,0.3725728692922006,1.8335020276021687,0.5771684502040811,0.58018,-0.9968625709039559,-1.00153,-0.07815685634434619,-0.08275,-1.0826187886166705e-19,0.002225
580.0,1.8321104702372937,2.7368030551105324e-162,5.929600256729207e-157,3.725026753709017,5.929600256729207e-158,0.3725026753709017,1.8334169219929177,0.5772259485543764,0.57819,-0.9968681542107541,-1.0014850000000002,-0.07808744028323202,-0.08225,-4.586667317079989e-20,0.0019
581.0,1.8320172695582821,4.946961642417998e-161,1.0699716594430899e-155,3.7243261556003167,1.0699716594430899e-156,0.37243261556003165,1.8333322466190436,0.5772832852153774,0.57814,-0.9968737031836009,-1.00129,-0.07801838894802143,-0.08199500000000001,7.600320781294884e-19,0.00212
582.0,1.8319245642856197,8.750776385891251e-160,1.8894415674998625e-154,3.723626893731968,1.889441567499862e-155,0.3723626893731968,1.833247998332359,0.5773404610757107,0.58137,-0.996879218110653,-1.00125,-0.07794969973303632,-0.08218500000000001,-2.6247101643375376e-19,0.00243
583.0,1.8318323508192382,1.5151037420381373e-158,3.265755598911436e-153,3.7229289632659914,3.265755598911436e-154,0.3722928963265992,1.83316417401325,0.5773974770169734,0.58466,-0.9968846992770339,-1.001225,-0.07788137005589489,-0.08222499999999999,-9.39858963749749e-20,0.0022050000000000004
584.0,1.8317406255919406,2.5680300954796762e-157,5.5258249877783874e-152,3.7222323593901874,5.525824987778388e-153,0.37222323593901874,1.833080770570361,0.5774543339137945,0.58221,-0.9968901469648731,-1.00128,-0.07781339735726013,-0.08222499999999999,9.449267900657536e-19,0.0020800000000000003
585.0,1.831649385069035,4.2618057353475727e-156,9.154774419962243e-151,3.7215370773179473,9.154774419962243e-152,0.3721537077317947,1.8329977849402859,0.5775110326339169,0.58205,-0.9968955614533435,-1.001595,-0.0777457791005928,-0.08222,-1.5228735714368884e-18,0.001955
586.0,1.8315586257479777,6.92622595880181e-155,1.4852819514863268e-149,3.7208431122880823,1.485281951486327e-150,0.3720843112288082,1.8329152140872638,0.5775675740382574,0.58305,-0.9969009430186997,-1.00152,-0.07767851277190523,-0.082015,2.758450995956906e-18,0.002125
587.0,1.831468344158019,1.1025108512814726e-153,2.3602316803331535e-148,3.7201504595646413,2.3602316803331538e-149,0.3720150459564641,1.832833055002876,0.5776239589809826,0.58218,-0.9969062919343128,-1.0011999999999999,-0.07761159587952057,-0.08213000000000001,3.0779655930288976e-19,0.002295
588.0,1.8313785368598552,1.7192004851544678e-152,3.6741684450403297e-147,3.719459114436733,3.67416844504033e-148,0.3719459114436733,1.8327513047057504,0.5776801883095732,0.5803,-0.9969116084707085,-1.001065,-0.07754502595383388,-0.08218500000000001,2.1482829606076782e-19,0.00219
589.0,1.8312892004452817,2.6266542593428918e-151,5.60399166361424e-146,3.7187690722183535,5.60399166361424e-147,0.37187690722183536,1.832669960241265,0.577736262864893,0.58134,-0.9969168928956005,-1.001155,-0.07747880054707591,-0.081735,-3.2175547339712785e-19,0.0021599999999999996
590.0,1.8312003315368561,3.932686119821247e-150,8.376201913833884e-145,3.718080328248213,8.376201913833884e-146,0.37180803282482133,1.8325890186812615,0.5777921834812542,0.58319,-0.9969221454739279,-1.00128,-0.07741291723308173,-0.08189,-6.337266344466503e-19,0.002175
591.0,1.8311119267875597,5.771200469426503e-149,1.2271242637661095e-143,3.7173928778895595,1.2271242637661097e-144,0.37173928778895593,1.8325084771237552,0.5778479509864838,0.58306,-0.9969273664678879,-1.001245,-0.07734737360705898,-0.08202999999999999,-3.5590056171077166e-19,0.00206
592.0,1.8310239828804673,8.302697709095013e-148,1.7624117653966012e-142,3.7167067165300156,1.7624117653966012e-143,0.37167067165300155,1.8324283326926547,0.5779035662019874,0.5824,-0.9969325561369712,-1.00136,-0.07728216728536194,-0.08175,-4.803142295295247e-20,0.002175
593.0,1.83093649652842,1.1712299056319333e-146,2.4819745478569636e-141,3.716021839581403,2.4819745478569637e-142,0.3716021839581403,1.8323485825374832,0.5779590299428159,0.58157,-0.9969377147379938,-1.00135,-0.07721729590526857,-0.08179,-1.2542674520530753e-20,0.00226
594.0,1.8308494644737017,1.620468756051946e-145,3.428183662885242e-140,3.715338242479579,3.428183662885242e-141,0.37153382424795794,1.8322692238331002,0.578014343017725,0.58107,-0.9969428425251324,-1.002885,-0.0771527571247558,-0.081865,2.748688993269226e-19,0.00198
595.0,1.8307628834877205,2.199573046108978e-144,4.645487410211824e-139,3.7146559206842675,4.645487410211825e-140,0.3714655920684267,1.832190253779433,0.5780695062292406,0.58047,-0.996947939749955,-1.0030100000000002,-0.07708854862228488,-0.08197,2.8464472813441157e-19,0.002155
596.0,1.8306767503706936,2.930118964793194e-143,6.178013566401629e-138,3.713974869678895,6.178013566401629e-139,0.3713974869678895,1.8321116696012045,0.5781245203737189,0.58319,-0.9969530066614548,-1.0012050000000001,-0.07702466809658183,-0.081645,8.394292849058035e-19,0.0020800000000000003
597.0,1.8305910619513373,3.8323860805633415e-142,8.066864962423835e-137,3.713295084970431,8.066864962423835e-138,0.3713295084970431,1.8320334685476707,0.5781793862414086,0.58511,-0.9969580435060795,-1.0012050000000001,-0.07696111326642735,-0.08157,6.624719053607231e-19,0.001875
598.0,1.8305058150865585,4.9241678765883316e-141,1.0347645234871407e-135,3.71261656208922,1.0347645234871407e-136,0.37126165620892204,1.8319556478923573,0.5782341046165107,0.58403,-0.9969630505277656,-1.001255,-0.076897881870444,-0.08159,-1.9668371029611636e-19,0.002095
599.0,1.830421006661153,6.220069321648253e-140,1.3049031108987912e-134,3.711939296588827,1.3049031108987911e-135,0.37119392965888265,1.8318782049328022,0.578288676277238,0.58273,-0.9969680279679661,-1.001285,-0.07683497166688846,-0.081415,-2.3437378778795946e-19,0.00177
600.0,1.8303366335875064,7.731818486967697e-139,1.6193482771698311e-133,3.711263284045873,1.619348277169831e-134,0.37112632840458726,1.8318011369902982,0.5783431019958729,0.58125,-0.9969729760656831,-1.001485,-0.07677238043344756,-0.081145,3.693494403793825e-19,0.002185
601.0,1.830252692805297,9.470230445034905e-138,1.9801401926072584e-132,3.71058852005988,1.9801401926072583e-133,0.371058852005988,1.831724441409642,0.5783973825388282,0.57923,-0.9969778950574963,-1.001175,-0.07671010596703322,-0.08113000000000001,-3.8416798205532466e-19,0.0023150000000000002
602.0,1.8301691812812058,1.1449514423056134e-136,2.3900139799763143e-131,3.7099150002531154,2.3900139799763145e-132,0.3709915000253115,1.831648115558886,0.5784515186667017,0.57771,-0.9969827851775942,-1.001355,-0.07664814608358327,-0.08124,-6.499628681684356e-20,0.00217
603.0,1.830086096008628,1.3694570416216838e-135,2.8539145481694815e-130,3.7092427202704354,2.8539145481694814e-131,0.3709242720270436,1.8315721568290901,0.5785055111343351,0.57775,-0.9969876466578,-1.001245,-0.07658649861786283,-0.081165,-5.915202123910965e-19,0.002105
604.0,1.8300034340073879,1.6251738248192878e-134,3.381214668118344e-129,3.7085716757791323,3.3812146681183443e-130,0.37085716757791326,1.831496562634081,0.5785593606908686,0.58185,-0.9969924797276041,-1.001275,-0.07652516142326928,-0.080915,-9.572280437203257e-20,0.00227
605.0,1.8299211923234595,1.920310414086929e-133,3.9886499765338643e-128,3.7079018624687796,3.9886499765338645e-129,0.370790186246878,1.8314213304102098,0.5786130680797975,0.58486,-0.9969972846141893,-1.00124,-0.0764641323716392,-0.08094499999999999,-3.370109757222065e-20,0.00195
606.0,1.8298393680286866,2.2683915333137496e-132,4.703869423448028e-127,3.707233276051083,4.703869423448028e-128,0.3707233276051083,1.8313464576161185,0.5786666340390264,0.58421,-0.9970020615424613,-1.00148,-0.07640340935305566,-0.08099,1.0709333803082985e-18,0.0020800000000000003
607.0,1.829757958220512,2.6901907141680017e-131,5.569346546547396e-126,3.706565912259732,5.569346546547396e-127,0.3706565912259732,1.8312719417325014,0.5787200593009226,0.58287,-0.997006810735073,-1.00132,-0.07634299027566202,-0.080875,9.441335006616198e-19,0.002235
608.0,1.8296769600217035,3.2156454764035262e-130,6.646215924485901e-125,3.705899766850246,6.646215924485901e-126,0.37058997668502464,1.8311977802618788,0.5787733445923713,0.58216,-0.9970115324124544,-1.00104,-0.07628287306547346,-0.08091000000000001,5.441330241442185e-19,0.00197
609.0,1.8295963705800906,3.885452255419749e-129,8.017411009195781e-124,3.7052348355998324,8.017411009195781e-125,0.3705234835599832,1.8311239707283646,0.578826490634827,0.58048,-0.9970162267928372,-1.00085,-0.0762230556661958,-0.080465,2.216700520718994e-19,0.00215
610.0,1.829516187068297,4.751955323804747e-128,9.789316678984852e-123,3.7045711143072366,9.789316678984851e-124,0.3704571114307237,1.8310505106774444,0.5788794981443677,0.57878,-0.9970208940922837,-1.0008,-0.07616353603903962,-0.08055000000000001,2.9559773271783995e-19,0.00203
611.0,1.829436406683482,5.878892691124512e-127,1.2091054723194433e-121,3.7039085987925997,1.2091054723194433e-122,0.37039085987925996,1.8309773976757482,0.5789323678317428,0.57799,-0.9970255345247095,-1.00159,-0.07610431216254458,-0.08066,5.170742546901761e-19,0.001925
612.0,1.8293570266470838,7.339566041067266e-126,1.507054036284578e-120,3.7032472848973117,1.507054036284578e-121,0.37032472848973114,1.8309046293108355,0.5789851004024293,0.57852,-0.9970301483019113,-1.0015049999999999,-0.0760453820323993,-0.08046500000000001,2.486120952789799e-20,0.0018999999999999998
613.0,1.8292780442045624,9.213083133680634e-125,1.8886625963904154e-119,3.702587168483874,1.888662596390415e-120,0.3702587168483874,1.8308322031909747,0.5790376965566768,0.57994,-0.9970347356335925,-1.00106,-0.07598674366126765,-0.080585,6.187738220370612e-20,0.002275
614.0,1.829199456625152,1.1578494133539842e-123,2.3697011146294e-118,3.7019282454357514,2.3697011146294e-119,0.3701928245435751,1.8307601169449292,0.5790901569895622,0.58104,-0.9970392967273856,-1.0012050000000001,-0.07592839507861414,-0.0807,4.357023985614552e-19,0.00192
615.0,1.8291212612016103,1.450690825094658e-122,2.964214399185361e-117,3.701270511657238,2.9642143991853612e-118,0.3701270511657238,1.830688368221745,0.5791424823910353,0.58065,-0.9970438317888793,-1.00106,-0.07587033433053415,-0.08054,1.1210750434475578e-18,0.002095
616.0,1.8290434552499752,1.8052014515283558e-121,3.682602349591632e-116,3.7006139630733124,3.682602349591632e-117,0.37006139630733126,1.8306169546905424,0.5791946734459706,0.57995,-0.9970483410216413,-1.00102,-0.07581255947958328,-0.08039,-4.728213552045641e-19,0.0023
617.0,1.8289660361093218,2.223979904926316e-120,4.529555222721453e-115,3.6999585956295062,4.5295552227214527e-116,0.3699958595629506,1.8305458740403076,0.5792467308342122,0.57946,-0.9970528246272432,-1.0011299999999999,-0.07575506860461106,-0.080485,1.0622123085215939e-18,0.0021200000000000004
618.0,1.8288890011415238,2.705858999560176e-119,5.502075569364451e-114,3.6993044052917625,5.502075569364451e-115,0.36993044052917623,1.830475123979689,0.5792986552306255,0.57992,-0.9970572828052825,-1.001245,-0.0756978598005959,-0.080235,1.4348371799930378e-18,0.0022500000000000003
619.0,1.8288123477310172,3.24507981872699e-118,6.587863598594643e-113,3.6986513880463017,6.587863598594642e-114,0.3698651388046302,1.8304047022367955,0.5793504473051386,0.58072,-0.9970617157534076,-1.00137,-0.07564093117848186,-0.080065,9.510002201206782e-19,0.00232
620.0,1.8287360732845679,3.8307787020748894e-117,7.764352405139816e-112,3.697999539899487,7.764352405139817e-113,0.3697999539899487,1.8303346065589956,0.579402107722796,0.58066,-0.9970661236673388,-1.0011999999999999,-0.07558428086501698,-0.08005999999999999,-1.0000795199774395e-19,0.00244
621.0,1.8286601752310399,4.446914791047664e-116,8.998644018483176e-111,3.697348856877692,8.998644018483176e-112,0.3697348856877692,1.8302648347127222,0.5794536371437972,0.5809,-0.9970705067408934,-1.00108,-0.07552790700259443,-0.07983000000000001,-2.421494771971122e-19,0.0020150000000000003
622.0,1.8285846510211685,5.072726185339569e-115,1.0248514030569367e-109,3.6966993350271653,1.0248514030569367e-110,0.3696699335027165,1.830195384483276,0.5795050362235475,0.58124,-0.9970748651660053,-1.00117,-0.07547180774909455,-0.07991,2.196772061518134e-19,0.001805
623.0,1.8285094981273355,5.6837421823431354e-114,1.1464528208634103e-108,3.696050970413904,1.1464528208634103e-109,0.3696050970413904,1.830126253674634,0.5795563056127015,0.58145,-0.997079199132748,-1.00109,-0.07541598127772943,-0.0803,-6.221717644629784e-19,0.00215
624.0,1.8284347140433472,6.253305049573048e-113,1.2593164874611951e-107,3.6954037591235203,1.2593164874611952e-108,0.36954037591235206,1.8300574401092602,0.5796074459572055,0.58213,-0.9970835088293578,-1.0012,-0.07536042577689027,-0.080155,-8.22447319791034e-19,0.00221
625.0,1.828360296284214,6.754478618172956e-112,1.358068505963616e-106,3.694757697261114,1.358068505963616e-107,0.36947576972611135,1.829988941627915,0.579658457898345,0.58252,-0.9970877944422526,-1.00102,-0.07530513944999272,-0.07986499999999999,-3.7973916544544693e-19,0.00215
626.0,1.8282862423859347,7.162155790622003e-111,1.4377364866251553e-105,3.6941127809511403,1.4377364866251553e-106,0.36941127809511404,1.8299207560894724,0.5797093420727844,0.58184,-0.9970920561560546,-1.001055,-0.07525012051533012,-0.07963,-1.6452585242439545e-19,0.00197
627.0,1.828212549905281,7.455135151232628e-110,1.494162540518753e-104,3.6934690063372897,1.494162540518753e-105,0.369346900633729,1.829852881370735,0.5797600991126126,0.5816,-0.9970962941536108,-1.001385,-0.07519536720592108,-0.079685,-5.6825044937322485e-19,0.002095
628.0,1.8281392164195873,7.617927137471862e-109,1.524358212144199e-103,3.692826369582358,1.5243582121441988e-104,0.3692826369582358,1.8297853153662538,0.5798107296453855,0.58238,-0.9971005086160137,-1.00142,-0.07514087776936733,-0.07953,-2.1216538800647748e-18,0.00212
629.0,1.8280662395265406,7.642076041774404e-108,1.526759297361719e-102,3.692184866868122,1.526759297361719e-103,0.3692184866868122,1.8297180559881479,0.579861234294165,0.58319,-0.9971046997226207,-1.001235,-0.07508665046770498,-0.079905,-6.405584713302281e-20,0.0020150000000000003
630.0,1.8279936168439734,7.526842368343767e-107,1.501350646928075e-101,3.6915444943952145,1.501350646928075e-102,0.36915444943952147,1.8296511011659282,0.5799116136775648,0.58346,-0.997108867651075,-1.001215,-0.0750326835772626,-0.079765,1.7840797971904712e-18,0.00206
631.0,1.8279213460096613,7.279171646200941e-106,1.449647681009445e-100,3.690905248383004,1.449647681009445e-101,0.3690905248383004,1.8295844488463224,0.5799618684097877,0.58293,-0.9971130125773253,-1.0013100000000001,-0.07497897538852029,-0.07946500000000001,-6.631752315422063e-19,0.002125
632.0,1.8278494246811197,6.9129673238074614e-105,1.3745397062645452e-99,3.69026712506947,1.3745397062645453e-100,0.369026712506947,1.8295180969931029,0.5800119991006677,0.58252,-0.9971171346756444,-1.001365,-0.07492552420596826,-0.07962,-4.2515254985805945e-19,0.00212
633.0,1.8277778505354048,6.447771893169724e-104,1.2800172392799214e-98,3.6896301207110844,1.2800172392799216e-99,0.36896301207110843,1.829452043586914,0.5800620063557114,0.58264,-0.9971212341186494,-1.001255,-0.07487232834796997,-0.079625,-3.1063329501761127e-20,0.00228
634.0,1.8277066212689166,5.907028347411871e-103,1.1708187293864852e-97,3.6889942315826896,1.1708187293864851e-98,0.36889942315826896,1.8293862866251063,0.5801118907761357,0.58306,-0.9971253110773195,-1.001045,-0.07481938614662384,-0.079185,-1.7462567101063829e-19,0.00209
635.0,1.8276357345972045,5.316133832955521e-102,1.0520394957551632e-96,3.6883594539773825,1.0520394957551631e-97,0.3688359453977383,1.8293208241215662,0.580161652958907,0.58296,-0.9971293657210165,-1.0011,-0.07476669594762951,-0.07941000000000001,1.0741669570693323e-19,0.0018900000000000002
636.0,1.8275651882547748,4.700504804011187e-101,9.287466264430865e-96,3.687725784206392,9.287466264430864e-97,0.3687725784206392,1.829255654106554,0.5802112934967814,0.58281,-0.9971333982175006,-1.001285,-0.0747142561101526,-0.079425,1.4675711295494013e-18,0.00211
637.0,1.8274949799949005,4.0838498679819873e-100,8.056384768361607e-95,3.6870932185989678,8.056384768361607e-96,0.3687093218598968,1.82919077462654,0.5802608129783424,0.58264,-0.9971374087329511,-1.001155,-0.07466206500669427,-0.07916000000000001,9.900098640419968e-19,0.00231
638.0,1.8274251075894337,3.4867995466185057e-99,6.867776702317818e-94,3.6864617535022557,6.867776702317818e-95,0.3686461753502256,1.829126183744042,0.5803102119880402,0.58213,-0.9971413974319828,-1.0009700000000001,-0.07461012102295937,-0.07921500000000001,-7.958451344647927e-19,0.0019649999999999997
639.0,1.8273555688286196,2.9259812800248475e-98,5.7541416550030175e-93,3.685831385281193,5.754141655003017e-94,0.3685831385281193,1.8290618795374691,0.580359491106225,0.58142,-0.9971453644776641,-1.001295,-0.07455842255772806,-0.0791,4.1754180943995963e-19,0.001875
640.0,1.8272863615209127,2.4135640705650487e-97,4.7390219706596465e-92,3.6852021103183863,4.739021970659646e-93,0.36852021103183863,1.8289978601009622,0.5804086509091891,0.58163,-0.9971493100315354,-1.00137,-0.07450696802272759,-0.07921,1.2117094468796673e-19,0.0019450000000000001
641.0,1.827217483492797,1.9572400005543354e-96,3.837036385056838e-91,3.6845739250140017,3.837036385056838e-92,0.3684573925014002,1.8289341235442391,0.5804576919692018,0.58273,-0.997153234253624,-1.00132,-0.07445575584250756,-0.079075,1.708548333513792e-19,0.002055
642.0,1.8271489325886048,1.5605665970608555e-95,3.0546196615352066e-90,3.683946825785648,3.054619661535207e-91,0.36839468257856484,1.8288706679924411,0.5805066148545439,0.58341,-0.9971571373024644,-1.00094,-0.07440478445431271,-0.07882,2.293846399924153e-19,0.00191
643.0,1.8270807066703407,1.2235683377810809e-94,2.391261773647352e-89,3.683320809068274,2.3912617736473522e-90,0.3683320809068274,1.8288074915859807,0.580555420129546,0.58294,-0.9971610193351125,-1.00108,-0.074354052307962,-0.07893,3.1682248127058336e-19,0.00179
644.0,1.827012803617507,9.434877180806921e-94,1.8410273812885094e-88,3.6826958713140474,1.8410273812885092e-89,0.3682695871314048,1.8287445924803916,0.5806041083546235,0.58218,-0.9971648805071622,-1.00122,-0.07430355786572566,-0.078885,-1.921545679026107e-19,0.001975
645.0,1.826945221326929,7.155836480625299e-93,1.394153384050994e-87,3.682072008992253,1.394153384050994e-88,0.3682072008992253,1.8286819688461804,0.5806526800863099,0.58207,-0.997168720972764,-1.001175,-0.07425329960220428,-0.078625,-3.35562928284615e-19,0.00192
646.0,1.8268779577125858,5.3389316045600344e-92,1.038560266681373e-86,3.681449218589179,1.0385602666813728e-87,0.3681449218589179,1.8286196188686807,0.5807011358772949,0.58211,-0.9971725408846382,-1.000975,-0.07420327600421132,-0.078765,-1.0025868918659533e-18,0.002155
647.0,1.82681101070544,3.918964764043526e-91,7.61161725650473e-86,3.680827496608012,7.611617256504728e-87,0.3680827496608012,1.8285575407479062,0.5807494762764552,0.58208,-0.9971763403940942,-1.00081,-0.07415348557065264,-0.07885500000000001,-6.166268849966488e-19,0.001995
648.0,1.826744378253271,2.830507197768054e-90,5.48907445582787e-85,3.680206839568725,5.489074455827869e-86,0.3680206839568725,1.828495732698409,0.5807977018288918,0.58214,-0.9971801196510424,-1.000835,-0.07410392681241262,-0.07869999999999999,-8.35163184008716e-21,0.0019950000000000002
649.0,1.8266780583205107,2.0118032653458657e-89,3.8953875863658117e-84,3.6795872440079784,3.8953875863658115e-85,0.36795872440079785,1.8284341929491372,0.580845813075961,0.58216,-0.997183878804013,-1.001055,-0.0740545982522376,-0.078485,1.7197413871589088e-19,0.00213
650.0,1.8266120488880782,1.4073013744062702e-88,2.7207185595209582e-83,3.6789687064790093,2.720718559520958e-84,0.36789687064790094,1.8283729197432947,0.5808938105553074,0.5822,-0.9971876180001692,-1.00106,-0.07400549842462228,-0.07841000000000001,-1.2242368980096541e-20,0.001745
662.0,1.8258434415956124,5.816159595081548e-79,1.1040485955295455e-73,3.671627550165864,1.1040485955295456e-74,0.3671627550165864,1.8276578110540287,0.5814610972044382,0.58106,-0.9972309834897205,-1.001255,-0.07343362374368223,-0.077945,-1.598490770036684e-18,0.00204
663.0,1.8257812921475602,3.342151084949328e-78,6.334646935543871e-73,3.671022460750367,6.3346469355438706e-74,0.36710224607503666,1.8275998492855432,0.5815076629992897,0.58133,-0.9972344760442456,-1.0013,-0.07338736922435823,-0.07804,-1.1507023314942434e-18,0.0018449999999999999
664.0,1.825719426576891,1.893132023534006e-77,3.5828009984397663e-72,3.670418382795451,3.582800998439766e-73,0.3670418382795451,1.827542130887464,0.5815541221816629,0.58153,-0.9972379505669201,-1.00113,-0.07334132409327972,-0.07780000000000001,-3.9303438246013815e-19,0.001985
665.0,1.825657843093479,1.057174530595978e-76,1.997721346696278e-71,3.6698153130908993,1.997721346696278e-72,0.3669815313090899,1.8274846543010643,0.5816004752373041,0.58142,-0.9972414071861256,-1.00101,-0.07329548704833413,-0.077985,-2.960869035468053e-19,0.0019199999999999998
666.0,1.8255965399213137,5.820616320345694e-76,1.0982585868686418e-70,3.6692132484414937,1.098258586868642e-71,0.36692132484414935,1.8274274179798373,0.581646722648736,0.5813,-0.9972448460290975,-1.00122,-0.07324985679749993,-0.07805000000000001,-2.168389479092819e-19,0.0019199999999999998
667.0,1.825535515298366,3.1600422701119717e-75,5.953562567206587e-70,3.668612185666919,5.953562567206587e-71,0.3668612185666919,1.8273704203893788,0.5816928648952837,0.58133,-0.9972482672219359,-1.00139,-0.07320443205874899,-0.07786,2.4898731738380894e-19,0.0019950000000000002
668.0,1.825474767476456,1.6918553204849419e-74,3.1827067339953887e-69,3.668012121601674,3.182706733995389e-70,0.3668012121601674,1.8273136600072732,0.5817389024531054,0.58145,-0.9972516708896213,-1.001215,-0.07315921155995793,-0.078,-7.269123260301304e-19,0.00207
669.0,1.825414294721118,8.933555956008486e-74,1.678062407284281e-68,3.6674130530949776,1.678062407284281e-69,0.3667413053094978,1.82725713532298,0.5817848357952148,0.58094,-0.9972550571560228,-1.001335,-0.07311419403881136,-0.07772499999999999,-6.0891366390841085e-19,0.0019500000000000001
670.0,1.8253540953114744,4.65286387175672e-73,8.72680773591897e-68,3.6668149770106813,8.72680773591897e-69,0.3666814977010681,1.8272008448377244,0.5818306653915132,0.58067,-0.9972584261439131,-1.001325,-0.07306937824271437,-0.07756,6.6101533829384e-20,0.00187
671.0,1.8252941675401049,2.3905335555626583e-72,4.4769494225427924e-67,3.6662178902271765,4.4769494225427924e-68,0.36662178902271764,1.8271447870643829,0.5818763917088109,0.58098,-0.9972617779749776,-1.001125,-0.07302476292869914,-0.07758000000000001,6.264532827587051e-19,0.00201
672.0,1.8252345097129195,1.211688992906142e-71,2.265853118184256e-66,3.6656217896373082,2.265853118184256e-67,0.36656217896373083,1.827088960527378,0.5819220152108586,0.58117,-0.9972651127698289,-1.00123,-0.07298034686333892,-0.07766500000000001,-1.5599979978762449e-18,0.001955
673.0,1.8251751201490338,6.059715751608099e-71,1.131480445057614e-65,3.665026672148288,1.1314804450576138e-66,0.36650266721482877,1.8270333637625666,0.5819675363583697,0.58146,-0.9972684306480147,-1.001365,-0.07293612882265703,-0.0775,3.1740060931936596e-19,0.00181
674.0,1.8251159971806434,2.990340969409516e-70,5.575331288561136e-65,3.6644325346815974,5.575331288561137e-66,0.36644325346815976,1.8269779953171363,0.582012955609048,0.58157,-0.9972717317280324,-1.0012,-0.07289210759204122,-0.07758999999999999,6.097858490706522e-21,0.0017850000000000001
675.0,1.8250571391529016,1.456259538510434e-69,2.711095862461892e-64,3.6638393741729143,2.711095862461892e-65,0.3663839374172914,1.826922853749497,0.5820582734176105,0.58156,-0.9972750161273377,-1.0009299999999999,-0.07284828196615702,-0.07760500000000001,-1.4677940643591002e-19,0.002115
676.0,1.8249985444237973,6.999199417395344e-69,1.3011025722307201e-63,3.6632471875720163,1.3011025722307203e-64,0.36632471875720163,1.8268679376291772,0.5821034902358184,0.58177,-0.9972782839623578,-1.001125,-0.07280465074886187,-0.07777500000000001,2.365705652515595e-20,0.002205
677.0,1.8249402113640352,3.320404687780127e-68,6.163284475081334e-63,3.662655971842701,6.163284475081335e-64,0.3662655971842701,1.8268132455367219,0.5821486065124956,0.58201,-0.9972815353485002,-1.001375,-0.07276121275312078,-0.07755999999999999,-7.374030133613155e-20,0.001745
678.0,1.824882138356916,1.5549196405730182e-67,2.8819611325939093e-62,3.6620657239626975,2.8819611325939094e-63,0.36620657239626975,1.8267587760635875,0.5821936226935573,0.58185,-0.9972847704001655,-1.001125,-0.07271796680092309,-0.077405,-7.959339477444417e-20,0.001735
679.0,1.82482432379822,7.188529112518147e-67,1.3303935346099184e-61,3.661476440923581,1.3303935346099185e-62,0.3661476440923581,1.8267045278120435,0.5822385392220326,0.5819,-0.9972879892307557,-1.000925,-0.07267491172319919,-0.07702,1.1023491509499532e-19,0.0018
680.0,1.8247667660960891,3.281163104537074e-66,6.063575237907971e-61,3.660888119730695,6.063575237907971e-62,0.3660888119730695,1.8266504993950703,0.5822833565380906,0.58223,-0.9972911919526865,-1.00108,-0.07263204635973933,-0.076975,-1.548205698426548e-19,0.00183
681.0,1.824709463670913,1.4788070408149859e-65,2.728816056094697e-60,3.6603007574030633,2.7288160560946967e-61,0.3660300757403063,1.826596689436261,0.5823280750790627,0.58211,-0.9972943786773977,-1.001985,-0.0725893695591122,-0.07743,-5.939269291437821e-19,0.0016099999999999999
682.0,1.8246524149552137,6.5815924806218275e-65,1.2127086560729241e-59,3.659714350973307,1.2127086560729241e-60,0.3659714350973307,1.826543096569724,0.5823726952794671,0.58209,-0.9972975495153609,-1.0013299999999998,-0.07254688017858447,-0.077425,5.643299539121837e-20,0.0019649999999999997
683.0,1.824595618393536,2.892849307420873e-64,5.322491439025321e-59,3.659128897487566,5.322491439025321e-60,0.36591288974875663,1.8264897194399843,0.5824172175710329,0.58213,-0.9973007045760935,-1.0010949999999998,-0.07250457708404326,-0.07725,-3.5951110669802583e-19,0.0017300000000000002
684.0,1.8245390724423318,1.2558426066928047e-63,2.3072198288018546e-58,3.658544394005415,2.3072198288018545e-59,0.3658544394005415,1.8264365567018903,0.5824616423827211,0.58208,-0.9973038439681661,-1.00092,-0.07246245914991588,-0.076945,-6.42847920904707e-19,0.00184
685.0,1.8244827755698534,5.38515377296393e-63,9.879100456405746e-58,3.657960837599786,9.879100456405747e-59,0.3657960837599786,1.8263836070205164,0.5825059701407506,0.58192,-0.9973069677992119,-1.0009649999999999,-0.07242052525909279,-0.076845,5.283927377302585e-19,0.002015
686.0,1.8244267262560425,2.2811460818102357e-62,4.17867741829748e-57,3.657378225356881,4.1786774182974796e-58,0.36573782253568815,1.8263308690710707,0.5825502012686183,0.58191,-0.9973100761759387,-1.000985,-0.07237877430285135,-0.07713,1.1299691070357273e-19,0.0017800000000000001
687.0,1.824370922992423,9.546374449288931e-62,1.7461903835984518e-56,3.656796554376106,1.746190383598452e-57,0.36567965543761055,1.8262783415388022,0.5825943361871252,0.58244,-0.9973131692041366,-1.00105,-0.0723372051807791,-0.076935,1.8340009302491444e-18,0.00186
688.0,1.8243153642819951,3.947227761875997e-61,7.209640545787973e-56,3.6562158217699747,7.209640545787972e-57,0.3656215821769975,1.826226023118908,0.5826383753143928,0.58233,-0.9973162469886881,-1.001175,-0.07229581680070032,-0.07697499999999999,5.675680735112249e-19,0.0015999999999999999
689.0,1.8242600486391278,1.612693851484263e-60,2.9413220065674245e-55,3.655636024664045,2.9413220065674245e-56,0.3655636024664045,1.826173912516444,0.5826823190658917,0.58248,-0.9973193096335782,-1.00134,-0.07225460807859921,-0.077015,3.35255744876081e-19,0.001705
690.0,1.8242049745894564,6.511110401633405e-60,1.1858119770715125e-54,3.6550571601968347,1.1858119770715125e-55,0.36550571601968346,1.8261220084462335,0.5827261678544612,0.58255,-0.9973223572419019,-1.001,-0.07221357793854782,-0.07693,4.519760513761973e-19,0.001795
691.0,1.8241501406697784,2.5979969428133373e-59,4.7246588188660615e-54,3.654479225519745,4.7246588188660615e-55,0.3654479225519745,1.8260703096327795,0.5827699220903261,0.58231,-0.997325389915875,-1.00097,-0.07217272531263406,-0.07686499999999999,-4.4495909823879066e-20,0.001805
692.0,1.8240955454279508,1.0245647790972822e-58,1.8605579093288276e-53,3.653902217796983,1.8605579093288275e-54,0.3653902217796983,1.8260188148101766,0.5828135821811288,0.58251,-0.9973284077568437,-1.0011299999999999,-0.07213204914088775,-0.07702999999999999,-1.352498876208566e-18,0.0018449999999999999
693.0,1.824041187422791,3.993869643571663e-58,7.2422000182626395e-53,3.653326134205488,7.24220001826264e-54,0.3653326134205488,1.825967522722023,0.5828571485319376,0.58207,-0.997331410865291,-1.00116,-0.07209154837121085,-0.07709,1.4582936123612353e-19,0.0015999999999999999
694.0,1.8239870652239738,1.5389985100586126e-57,2.7866895752655765e-52,3.6527509719348563,2.7866895752655766e-53,0.3652750971934856,1.8259164321213353,0.5829006215452802,0.58154,-0.9973343993408474,-1.0009299999999999,-0.07205122195930552,-0.076735,6.245557493661303e-19,0.001565
695.0,1.823933177411935,5.862842746463322e-57,1.0600669756225255e-51,3.6521767281872624,1.0600669756225255e-52,0.36521767281872625,1.8258655417704643,0.5829440016211536,0.58211,-0.9973373732822989,-1.001025,-0.07201106886860638,-0.076645,-5.265213710685498e-19,0.001955
696.0,1.823879522577772,2.2082061706518194e-56,3.986944990420348e-51,3.6516034001773896,3.986944990420348e-52,0.36516034001773895,1.8258148504410086,0.582987289157054,0.58235,-0.9973403327875972,-1.00128,-0.07197108807020934,-0.07668,1.5928854855379517e-19,0.001705
697.0,1.8238260993231483,8.223707007063336e-56,1.4826707327784838e-50,3.651030985132353,1.4826707327784838e-51,0.3651030985132353,1.8257643569137327,0.58303048454799,0.58158,-0.9973432779538658,-1.001125,-0.07193127854280526,-0.076595,-1.2962033700292478e-19,0.001565
698.0,1.8237729062601964,3.028498071587745e-55,5.452325096338633e-50,3.650459480291626,5.452325096338634e-51,0.3650459480291626,1.8257140599784842,0.5830735881865073,0.58169,-0.9973462088774098,-1.001105,-0.0718916392726097,-0.076575,-1.1535041211670871e-19,0.001705
699.0,1.8237199420114236,1.1029437978732594e-54,1.9828326939748542e-49,3.6498888829069718,1.982832693974854e-50,0.3649888882906972,1.825663958434112,0.5831166004627066,0.58181,-0.997349125653724,-1.001145,-0.07185216925329967,-0.07672999999999999,-1.1594317973650372e-19,0.00178
700.0,1.8236672052096174,3.9726503431055985e-54,7.131685218960867e-49,3.649319190242365,7.1316852189608675e-50,0.36493191902423655,1.8256140510883863,0.5831595217642639,0.58149,-0.9973520283775025,-1.001115,-0.07181286748594323,-0.07636,1.5372156031237777e-19,0.00197
701.0,1.823614694497755,1.4152800080588888e-53,2.537080328724855e-48,3.648750399573927,2.537080328724855e-49,0.3648750399573927,1.825564336757917,0.5832023524764504,0.58186,-0.9973549171426432,-1.000985,-0.07177373297893741,-0.076605,-1.2608590314282564e-19,0.001645
702.0,1.823562408528908,4.987390735756436e-53,8.927834812555106e-48,3.6481825081898465,8.927834812555106e-49,0.3648182508189846,1.8255148142680773,0.5832450929821515,0.58202,-0.9973577920422597,-1.001105,-0.07173476474794133,-0.07647,1.4149259738623973e-18,0.001535
703.0,1.823510345966154,1.7386295619987e-52,3.1078610863665187e-47,3.647615513390315,3.107861086366519e-48,0.3647615513390315,1.8254654824529222,0.5832877436618864,0.58195,-0.997360653168687,-1.001105,-0.0716959618158119,-0.07602,1.4587118986105096e-18,0.00162
704.0,1.8234585054824863,5.9962088592520505e-52,1.070320778500925e-46,3.6470494124874584,1.0703207785009249e-47,0.36470494124874586,1.825416340155114,0.5833303048938281,0.58193,-0.9973635006134904,-1.00091,-0.07165732321254274,-0.07606,2.3693302759867945e-20,0.001635
705.0,1.8234068857607248,2.046046919724964e-51,3.647004806756296e-46,3.6464842028052598,3.647004806756296e-47,0.364648420280526,1.825367386225844,0.5833727770538186,0.58213,-0.9973663344674726,-1.00105,-0.0716188479751978,-0.076105,-1.8173181145999846e-18,0.001825
706.0,1.8233554854934269,6.908065171397305e-51,1.2295935860046058e-45,3.645919881679497,1.2295935860046057e-46,0.3645919881679497,1.8253186195247575,0.5834151605153918,0.58183,-0.9973691548206812,-1.0010700000000001,-0.0715805351478518,-0.07597999999999999,1.0321230822361637e-19,0.00177
707.0,1.8233043033828018,2.307979033362013e-50,4.102251754370224e-45,3.6453564464576727,4.102251754370224e-46,0.36453564464576727,1.8252700389198784,0.5834574556497902,0.58172,-0.9973719617624176,-1.001105,-0.07154238378152701,-0.07605,-1.488495420079116e-18,0.00159
708.0,1.8232533381406235,7.630872991955346e-50,1.3544121204521852e-44,3.644793894498942,1.354412120452185e-45,0.36447938944989416,1.825221643287535,0.583499662825984,0.58171,-0.9973747553812431,-1.00114,-0.0715043929341331,-0.07645,-4.124913780897405e-19,0.00142
709.0,1.8232025884881458,2.496983116355256e-49,4.425672109720406e-44,3.644232223174051,4.425672109720406e-45,0.3644232223174051,1.8251734315122858,0.583541782410686,0.58148,-0.9973775357649867,-1.001335,-0.0714665616704062,-0.07578499999999999,9.415098331697909e-20,0.00172
710.0,1.8231520531560175,8.087007191010834e-49,1.4313285848342233e-43,3.643671429865266,1.4313285848342234e-44,0.3643671429865266,1.8251254024868495,0.5835838147683753,0.58176,-0.9973803030007518,-1.0013450000000002,-0.07142888906185041,-0.07595,2.6457222226365416e-20,0.001735
711.0,1.823101730884199,2.5925221337376434e-48,4.582080725524116e-43,3.6431115119663082,4.582080725524116e-44,0.3643111511966308,1.8250775551120293,0.5836257602613103,0.58228,-0.9973830571749251,-1.001075,-0.07139137418667596,-0.076095,-3.6408429605103306e-20,0.00167
712.0,1.8230516204218798,8.227177459731185e-48,1.4520472060264624e-42,3.642552466882287,1.4520472060264623e-43,0.3642552466882287,1.825029888296644,0.5836676192495477,0.58208,-0.9973857983731833,-1.00101,-0.0713540161297447,-0.07603499999999999,1.3188615281646761e-19,0.0017950000000000002
713.0,1.8230017205273963,2.584663964916575e-47,4.555378021980464e-42,3.641994292029634,4.555378021980464e-43,0.36419942920296344,1.8249824009574578,0.5837093920909601,0.58212,-0.9973885266804974,-1.001055,-0.07131681398250732,-0.075985,-3.518042229226975e-20,0.0016749999999999998
714.0,1.8229520299681512,8.039202702052859e-47,1.414896366918122e-41,3.6414369848360386,1.414896366918122e-42,0.3641436984836039,1.8249350920191085,0.5837510791412546,0.5823,-0.9973912421811437,-1.001275,-0.07127976684295087,-0.0759,1.1353500969619806e-19,0.001895
715.0,1.8229025475205323,2.47575767649879e-46,4.3512291628291656e-41,3.6408805427403834,4.3512291628291654e-42,0.36408805427403834,1.824887960414041,0.5837926807539887,0.58252,-0.9973939449587088,-1.00107,-0.07124287381553732,-0.075875,-8.671795378393282e-19,0.002025
716.0,1.8228532719698347,7.549529892950459e-46,1.3250026619971898e-40,3.640324963192679,1.32500266199719e-41,0.36403249631926793,1.8248410050824373,0.5838341972805844,0.5834,-0.9973966350960954,-1.001085,-0.0712061340111516,-0.07591,5.32738431506656e-19,0.0018349999999999998
717.0,1.8228042021101813,2.2797037905924557e-45,3.995481551400872e-40,3.639770243653999,3.9954815514008716e-41,0.3639770243653999,1.824794224972149,0.583875629070351,0.58372,-0.9973993126755306,-1.001195,-0.07116954654704258,-0.075705,3.0940054974134483e-20,0.001675
718.0,1.8227553367444445,6.817318014153393e-45,1.1931607905542984e-39,3.639216381596421,1.1931607905542983e-40,0.3639216381596421,1.8247476190386307,0.5839169764704972,0.58284,-0.9974019777785724,-1.001075,-0.07113311054676945,-0.07572999999999999,3.750404358101525e-19,0.001805
719.0,1.822706674684171,2.0190866350062677e-44,3.528872177745217e-39,3.6386633745029604,3.528872177745217e-40,0.36386633745029606,1.8247011862448745,0.5839582398261489,0.58336,-0.9974046304861158,-1.000915,-0.07109682514014812,-0.07585,-2.252035673753371e-19,0.001765
720.0,1.822658214749503,5.922867818581371e-44,1.0337354459465911e-38,3.638111219867507,1.0337354459465911e-39,0.36381112198675075,1.8246549255613427,0.5839994194803664,0.58395,-0.9974072708783999,-1.00112,-0.07106068946319447,-0.075915,-1.8201655271748034e-20,0.001725
721.0,1.8226099557691058,1.7209727780883118e-43,2.99949816181429e-38,3.637559915194766,2.9994981618142895e-39,0.36375599151947663,1.8246088359659047,0.5840405157741587,0.58405,-0.9974098990350131,-1.0012699999999999,-0.07102470265807347,-0.07582,9.932399811920936e-19,0.001755
722.0,1.8225618965800912,4.953472947468517e-43,8.621492643502976e-38,3.6370094580001933,8.621492643502975e-39,0.3637009458000193,1.8245629164437718,0.5840815290465,0.58434,-0.9974125150349006,-1.0011349999999999,-0.07098886387304508,-0.075745,3.542326067533055e-20,0.001815
723.0,1.822514036027944,1.4124339889573872e-42,2.454933467988412e-37,3.6364598458099366,2.454933467988412e-38,0.3636459845809937,1.8245171659874326,0.5841224596343478,0.58481,-0.9974151189563706,-1.001155,-0.07095317226241202,-0.07565,-1.209526093708224e-19,0.00179
724.0,1.822466372966449,3.9900432760856987e-42,6.925464444008941e-37,3.635911076160776,6.92546444400894e-38,0.3635911076160776,1.8244715835965932,0.5841633078726558,0.58451,-0.9974177108771004,-1.00128,-0.0709176269864679,-0.07605,-7.800022773808587e-20,0.00168
725.0,1.8224189062576186,1.1167769063907383e-41,1.9357010343811752e-36,3.6353631466000573,1.935701034381175e-37,0.36353631466000574,1.8244261682781115,0.5842040740943911,0.58382,-0.9974202908741414,-1.001275,-0.0708822272114458,-0.07566,3.295912110485147e-19,0.00165
726.0,1.822371634771622,3.097153192345851e-41,5.3608780805046283e-36,3.6348160546856416,5.360878080504628e-37,0.3634816054685641,1.8243809190459375,0.5842447586305479,0.58357,-0.9974228590239279,-1.001055,-0.0708469721094677,-0.075555,-2.7459344119562883e-19,0.001595
727.0,1.822324557386711,8.511267639907254e-41,1.4711931714040808e-35,3.6342697979858363,1.4711931714040807e-36,0.3634269797985836,1.8243358349210512,0.5842853618101652,0.58439,-0.9974254154022804,-1.001155,-0.07081186085849234,-0.07542499999999999,-9.597035741023528e-20,0.00185
728.0,1.822277672989155,2.3178682346565026e-40,4.0009878120802257e-35,3.633724374079345,4.000987812080226e-36,0.36337243740793446,1.8242909149314033,0.5843258839603399,0.58458,-0.9974279600844123,-1.00121,-0.07077689264226898,-0.07546,2.563822476318928e-19,0.001825
729.0,1.8222309804731665,6.255666695910533e-40,1.078340550627098e-34,3.6331797805552006,1.0783405506270981e-35,0.3633179780555201,1.824246158111854,0.5843663254062426,0.58517,-0.9974304931449368,-1.00142,-0.07074206665028357,-0.07544000000000001,-1.7628924414458e-18,0.00173
730.0,1.8221844787408354,1.6733085621094057e-39,2.880467882691402e-34,3.6326360150127126,2.880467882691402e-35,0.36326360150127124,1.8242015635041153,0.5844066864711335,0.58566,-0.997433014657872,-1.001145,-0.07070738207771377,-0.07547,-4.0864071842451856e-19,0.001905
731.0,1.8221381667020593,4.436321818208837e-39,7.626328882651161e-34,3.6320930750614084,7.626328882651161e-35,0.36320930750614083,1.8241571301566912,0.5844469674763755,0.5852,-0.9974355246966465,-1.001115,-0.0706728381253782,-0.07527500000000001,2.886293941461327e-19,0.0017499999999999998
732.0,1.8220920432744767,1.1658466418370371e-38,2.0014290957418396e-33,3.6315509583209735,2.00142909574184e-34,0.3631550958320973,1.82411285712482,0.5844871687414473,0.58549,-0.9974380233341045,-1.001115,-0.07063843399968847,-0.07533000000000001,4.77092806075292e-19,0.0018
733.0,1.8220461073834,3.0370907678030213e-38,5.206713257525433e-33,3.631009662421197,5.206713257525433e-34,0.36310096624211974,1.8240687434704166,0.5845272905839632,0.58572,-0.9974405106425125,-1.001095,-0.07060416891260343,-0.07539,-2.1194283334075152e-19,0.001555
734.0,1.822000357961749,7.843293461015998e-38,1.3428028946635816e-32,3.6304691850019157,1.3428028946635815e-33,0.3630469185001916,1.8240247882620164,0.5845673333196817,0.58478,-0.9974429866935658,-1.00107,-0.07057004208157969,-0.07538,1.0130854181287912e-18,0.00146
735.0,1.8219547939499858,2.0081201207652967e-37,3.433303629345363e-32,3.629929523712954,3.433303629345363e-33,0.3629929523712954,1.8239809905747182,0.5846072972625237,0.58447,-0.9974454515583906,-1.001175,-0.07053605272952687,-0.075435,1.9992749515109764e-20,0.00169
736.0,1.8219094142960501,5.097502204747035e-37,8.703410585919053e-32,3.6293906762140717,8.703410585919054e-33,0.3629390676214072,1.8239373494901288,0.5846471827245826,0.58621,-0.9974479053075527,-1.00131,-0.07050220008476138,-0.075185,-1.2308730339986279e-19,0.0015899999999999998
737.0,1.8218642179552942,1.2830023481376812e-36,2.187609634435709e-31,3.6288526401749075,2.187609634435709e-32,0.36288526401749077,1.8238938640963076,0.5846869900161432,0.58577,-0.997450348011062,-1.001115,-0.0704684833809593,-0.07539499999999999,4.30841818586868e-19,0.0015149999999999999
738.0,1.8218192038904206,3.202029729728581e-36,5.452288929805648e-31,3.628315413274922,5.452288929805648e-32,0.36283154132749224,1.823850533487712,0.5847267194456911,0.58474,-0.9974527797383765,-1.0011,-0.07043490185711253,-0.0752,-1.1737783469581642e-19,0.001585
739.0,1.8217743710714174,7.92458518410499e-36,1.3475409254197974e-30,3.6277789932033486,1.3475409254197973e-31,0.3627778993203349,1.8238073567651434,0.5847663713199283,0.58451,-0.9974552005584096,-1.001305,-0.07040145475748319,-0.07515,9.77623236758395e-19,0.00169
740.0,1.8217297184754975,1.9449398831208276e-35,3.302815593776315e-30,3.627243377659132,3.3028155937763147e-31,0.3627243377659132,1.823764333035694,0.584805945943788,0.58432,-0.9974576105395331,-1.00111,-0.07036814133155965,-0.074975,-1.9422112067148062e-19,0.001645
741.0,1.8216852450870364,4.7341203646354275e-35,8.028436037111197e-30,3.6267085643508787,8.028436037111198e-31,0.3626708564350879,1.8237214614126926,0.5848454436204441,0.58357,-0.9974600097495847,-1.00109,-0.07033496083401305,-0.07497000000000001,3.175313123800665e-19,0.001675
742.0,1.82164094989751,1.1428801564040504e-34,1.9355600556832984e-29,3.626174550996804,1.935560055683298e-30,0.3626174550996804,1.823678741015653,0.5848848646513298,0.58386,-0.9974623982558715,-1.001215,-0.0703019125246513,-0.07527,-6.713039766091644e-19,0.0015049999999999998
743.0,1.821596831905435,2.736623149915778e-34,4.6284550112620007e-29,3.6256413353246764,4.628455011262001e-30,0.36256413353246764,1.823636170970222,0.5849242093361453,0.58451,-0.9974647761251756,-1.00132,-0.07026899566837944,-0.074995,3.5297277518983195e-20,0.001555
744.0,1.8215528901163094,6.499899561813677e-34,1.0978514361540518e-28,3.625108915071764,1.0978514361540518e-29,0.3625108915071764,1.8235937504081277,0.5849634779728752,0.58345,-0.9974671434237579,-1.0013,-0.07023620953515435,-0.075085,1.0869540171192028e-18,0.0013700000000000001
745.0,1.821509123542552,1.5314396684369616e-33,2.5831729459208307e-28,3.6245772879847875,2.583172945920831e-29,0.36245772879847876,1.8235514784671278,0.5850026708577998,0.58283,-0.9974695002173658,-1.00107,-0.07020355339994339,-0.07506499999999999,1.3182204556502338e-18,0.001385
746.0,1.8214655312034438,3.579470633738502e-33,6.029618577315431e-28,3.624046451819862,6.02961857731543e-29,0.3624046451819862,1.8235093542909613,0.5850417882855075,0.58317,-0.9974718465712347,-1.00109,-0.07017102654268197,-0.07500499999999999,6.862941658519867e-20,0.001575
747.0,1.8214221121250698,8.300175321379263e-33,1.3962928949479192e-27,3.623516404342447,1.3962928949479193e-28,0.3623516404342447,1.8234673770292955,0.5850808305489077,0.58354,-0.9974741825500956,-1.001385,-0.07013862824823222,-0.074995,3.897794290005026e-19,0.0016150000000000001
748.0,1.8213788653402616,1.9095409820936819e-32,3.2080213481679943e-27,3.6229871433272995,3.2080213481679945e-28,0.36229871433273,1.8234255458376785,0.5851197979392441,0.58302,-0.9974765082181778,-1.00142,-0.07010635780634274,-0.074855,-1.5130154724006378e-19,0.00171
749.0,1.8213357898885403,4.358805420319045e-32,7.312999245341352e-27,3.622458666558415,7.312999245341352e-28,0.3622458666558415,1.8233838598774905,0.5851586907461075,0.58262,-0.9974788236392158,-1.0011999999999999,-0.07007421451160599,-0.07456499999999999,-5.426652502709326e-20,0.001585
750.0,1.8212928848160579,9.872476534181938e-32,1.654149320134592e-26,3.6219309718289834,1.6541493201345918e-27,0.3621930971828983,1.8233423183158934,0.5851975092574463,0.58301,-0.997481128876451,-1.0013750000000001,-0.07004219766341874,-0.074525,9.814178134390094e-19,0.00166
751.0,1.8212501491755453,2.218850485988075e-31,3.712769313552212e-26,3.6214040569413366,3.712769313552212e-27,0.3621404056941337,1.8233009203257842,0.58523625375958,0.58347,-0.997483423992639,-1.001305,-0.07001030656594348,-0.07467499999999999,1.3794674046548785e-19,0.001655
752.0,1.8212075820262517,4.948758558276093e-31,8.269672090994569e-26,3.6208779197068965,8.269672090994569e-27,0.3620877919706897,1.823259665085747,0.5852749245372123,0.58307,-0.9974857090500535,-1.00132,-0.06997854052806522,-0.07458000000000001,6.52977724179533e-20,0.0018449999999999999
753.0,1.8211651824338932,1.095351771414782e-30,1.8279676378078328e-25,3.6203525579461298,1.8279676378078327e-26,0.362035255794613,1.8232185517800064,0.5853135218734413,0.58332,-0.9974879841104898,-1.001295,-0.0699468988633561,-0.07467,6.704567517100036e-19,0.00152
754.0,1.8211229494705967,2.406150226096814e-30,4.0101559011878886e-25,3.619827969488492,4.0101559011878887e-26,0.3619827969488492,1.8231775795983793,0.5853520460497735,0.58384,-0.9974902492352705,-1.001225,-0.06991538089003398,-0.07466500000000001,-1.1793601644478018e-20,0.0016099999999999999
755.0,1.8210808822148465,5.245973825339622e-30,8.731503486416583e-25,3.619304152172387,8.731503486416582e-26,0.36193041521723873,1.8231367477362304,0.5853904973461329,0.58317,-0.9974925044852483,-1.0012750000000001,-0.06988398593092414,-0.074435,1.199358149657266e-18,0.0018800000000000002
756.0,1.82103897975143,1.135235779715803e-29,1.887009727855792e-24,3.618781103845112,1.8870097278557922e-25,0.3618781103845112,1.8230960553944255,0.5854288760408758,0.582,-0.9974947499208136,-1.001155,-0.06985271331342238,-0.07458000000000001,6.085464877727582e-19,0.0016450000000000002
757.0,1.820997241171385,2.4385111090865662e-29,4.0479834007944284e-24,3.618258822362809,4.0479834007944283e-25,0.36182588223628087,1.8230555017792864,0.585467182410801,0.58279,-0.9974969856018941,-1.00096,-0.06982156236945536,-0.07455500000000001,-6.309434690184817e-19,0.00159
758.0,1.8209556655719472,5.199530182919421e-29,8.619950303312953e-24,3.6177373055904223,8.619950303312951e-25,0.3617737305590422,1.8230150861025456,0.585505416731161,0.58351,-0.9974992115879644,-1.001195,-0.06979053243544377,-0.07439000000000001,-4.511069712861743e-19,0.001235
759.0,1.820914252056498,1.1005910632010588e-28,1.8221917253011993e-23,3.6172165514016466,1.8221917253011993e-24,0.36172165514016463,1.822974807581303,0.5855435792756734,0.58305,-0.9975014279380446,-1.00124,-0.06975962285226474,-0.0743,2.562922143961998e-19,0.00122
760.0,1.8208729997345128,2.312767771009366e-28,3.8240917046643506e-23,3.6166965576788783,3.82409170466435e-24,0.36166965576788784,1.82293466543798,0.5855816703165342,0.58273,-0.9975036347107102,-1.0011800000000002,-0.06972883296521648,-0.07443,6.497497536893554e-20,0.001535
761.0,1.8208319077215094,4.825071230402381e-28,7.967625929292817e-23,3.6161773223131735,7.967625929292817e-24,0.3616177322313173,1.8228946589002777,0.5856196901244262,0.58388,-0.9975058319640915,-1.0010949999999998,-0.06969816212397914,-0.074465,-3.502460570000852e-19,0.0015300000000000001
762.0,1.8207909751389988,9.994531016455056e-28,1.6482280954000278e-22,3.6156588432041974,1.6482280954000277e-23,0.36156588432041975,1.8228547872011331,0.5856576389685331,0.58383,-0.9975080197558814,-1.001255,-0.06966760968258087,-0.07427500000000001,-1.1806341172789324e-19,0.0014550000000000001
763.0,1.8207502011144325,2.0555558070784136e-27,3.385435922705836e-22,3.615141118260178,3.385435922705836e-23,0.3615141118260178,1.8228150495786755,0.5856955171165474,0.58303,-0.9975101981433357,-1.00118,-0.0696371749993598,-0.074125,7.561583920913509e-19,0.00157
764.0,1.8207095847811556,4.197834376617751e-27,6.904652166790061e-22,3.6146241453978623,6.904652166790061e-23,0.3614624145397862,1.8227754452761848,0.5857333248346845,0.58394,-0.9975123671832811,-1.001075,-0.06960685743693093,-0.074225,-3.7577220084560425e-19,0.001445
765.0,1.8206691252783544,8.512779049713232e-27,1.3983625685862584e-21,3.614107922542468,1.3983625685862583e-22,0.3614107922542468,1.8227359735420505,0.5857710623876926,0.58493,-0.9975145269321157,-1.001,-0.06957665636214767,-0.0745,3.723467684117186e-19,0.0015799999999999998
766.0,1.8206288217510096,1.7143052714428398e-26,2.812349267245473e-21,3.6135924476276413,2.812349267245473e-22,0.36135924476276415,1.822696633629728,0.5858087300388612,0.58437,-0.9975166774458166,-1.00109,-0.06954657114606938,-0.07439000000000001,-2.2548461253290934e-19,0.00158
767.0,1.8205886733498464,3.428437583494088e-26,5.617081786490831e-21,3.613077718595408,5.617081786490831e-22,0.3613077718595408,1.8226574247976994,0.5858463280500354,0.58382,-0.9975188187799404,-1.001215,-0.06951660116392512,-0.07435,-1.8541187315900527e-19,0.00175
768.0,1.8205486792312877,6.809512465092252e-26,1.1142038716073928e-20,3.6125637333961302,1.1142038716073928e-21,0.361256373339613,1.8226183463094312,0.5858838566816246,0.584,-0.9975209509896277,-1.00109,-0.06948674579507992,-0.07442499999999999,-4.2888516270008456e-20,0.0016250000000000001
769.0,1.8205088385574055,1.3432836321409272e-25,2.195084520375215e-20,3.612050489988462,2.195084520375215e-21,0.36120504899884615,1.8225793974333353,0.5859213161926132,0.58336,-0.997523074129609,-1.000875,-0.06945700442300137,-0.07442,-3.4999998328480275e-19,0.00165
770.0,1.8204691504958734,2.6319125523135075e-25,4.2952712411630535e-20,3.611537986339306,4.295271241163053e-21,0.3611537986339306,1.8225405774427281,0.5859587068405714,0.58313,-0.9975251882542069,-1.000875,-0.06942737643522295,-0.07414499999999999,9.849920870316687e-19,0.0017399999999999998
771.0,1.8204296142199201,5.122089525568843e-25,8.348388495230249e-20,3.611026220423767,8.34838849523025e-21,0.3611026220423767,1.8225018856157906,0.5859960288816656,0.58393,-0.9975272934173397,-1.00114,-0.06939786122331323,-0.07431499999999999,1.1496792269425245e-18,0.00145
772.0,1.8203902289082827,9.901811464533176e-25,1.61178539659112e-19,3.6105151902251107,1.6117853965911198e-20,0.3610515190225111,1.8224633212355306,0.5860332825706682,0.58538,-0.9975293896725257,-1.001105,-0.06936845818284133,-0.07418,1.3700589310005639e-18,0.001395
773.0,1.8203509937451612,1.901487936155442e-24,3.0911775063987343e-19,3.610004893734719,3.0911775063987346e-20,0.3610004893734719,1.8224248835897416,0.5860704681609684,0.58513,-0.9975314770728874,-1.001075,-0.06933916671334439,-0.073985,-1.4381667554785188e-18,0.0013900000000000002
774.0,1.8203119079201715,3.627466746928701e-24,5.889417510745464e-19,3.609495328952047,5.889417510745464e-20,0.36094953289520465,1.8223865719709667,0.5861075859045827,0.58419,-0.9975335556711526,-1.001185,-0.0693099862182934,-0.07403499999999999,3.723426861595423e-19,0.00158
775.0,1.8202729706283012,6.874856165562554e-24,1.1147353612499516e-18,3.6089864938845797,1.1147353612499516e-19,0.36089864938845795,1.8223483856764584,0.5861446360521628,0.58442,-0.997535625519662,-1.00106,-0.0692809161050628,-0.073985,-1.934932656491093e-19,0.001385
776.0,1.8202341810698628,1.2944739890835138e-23,2.0962422548287842e-18,3.608478386547792,2.0962422548287842e-19,0.36084783865477915,1.8223103240081422,0.5861816188530102,0.58552,-0.9975376866703698,-1.00111,-0.06925195578489539,-0.0739,-3.7682626746425794e-19,0.00131
777.0,1.8201955384504518,2.4216515831438063e-23,3.916521401883488e-18,3.6079710049651017,3.9165214018834873e-19,0.3607971004965102,1.8222723862725783,0.58621853455508,0.58495,-0.9975397391748474,-1.0011450000000002,-0.0692231046728734,-0.073895,-5.43467272984023e-19,0.0015400000000000001
778.0,1.8201570419808997,4.5012957833777287e-23,7.270559262053566e-18,3.6074643471678334,7.270559262053566e-19,0.36074643471678336,1.822234571780925,0.5862553834049956,0.58339,-0.9975417830842886,-1.00088,-0.06919436218788412,-0.073895,-1.0042852366208954e-20,0.001485
779.0,1.8201186908772307,8.313613134646369e-23,1.3411032579508418e-17,3.606958411195171,1.3411032579508417e-18,0.3606958411195171,1.822196879848902,0.5862921656480566,0.58314,-0.9975438184495122,-1.000945,-0.06916572775258915,-0.07379,-1.4849393564692937e-18,0.00169
780.0,1.820080484360619,1.5257630890244778e-22,2.4581159546655225e-17,3.6064531950941197,2.4581159546655226e-18,0.360645319509412,1.8221593097967532,0.5863288815282499,0.58457,-0.9975458453209648,-1.00125,-0.0691372007933935,-0.073985,1.9907827535746321e-19,0.0014550000000000001
781.0,1.820042421657345,2.782581935689913e-22,4.4772030561716243e-17,3.6059486969194667,4.477203056171625e-18,0.36059486969194665,1.8221218609492122,0.5863655312882556,0.58538,-0.9975478637487244,-1.001255,-0.06910878074041422,-0.07391,-9.624191228101706e-20,0.00147
782.0,1.8200045019987505,5.043021009045159e-22,8.103896549317267e-17,3.6054449147337335,8.103896549317268e-18,0.36054449147337336,1.8220845326354647,0.5864021151694617,0.58493,-0.9975498737825057,-1.001035,-0.06908046702744809,-0.07388,3.6371151460276106e-20,0.00159
783.0,1.8199667246211988,9.083094092345375e-22,1.4577461901597486e-16,3.604941846607142,1.4577461901597486e-17,0.3604941846607142,1.8220473241891142,0.5864386334119698,0.58474,-0.9975518754716596,-1.001085,-0.06905225909194346,-0.073915,5.742978800483044e-19,0.0012950000000000001
784.0,1.81992908876603,1.6259051100115925e-21,2.6060875250237367e-16,3.6044394906175707,2.6060875250237364e-17,0.3604439490617571,1.822010234948147,0.5864750862546056,0.58533,-0.997553868865181,-1.00123,-0.06902415637496753,-0.07382,-1.0945871904267172e-18,0.0013900000000000002
785.0,1.8198915936795201,2.892630237038651e-21,4.630555873748956e-16,3.603937844850516,4.6305558737489565e-17,0.3603937844850516,1.8219732642548978,0.5865114739349303,0.58496,-0.9975558540117087,-1.001005,-0.06899615832117674,-0.07388,1.23648160595178e-19,0.001445
786.0,1.8198542386128378,5.114990772274817e-21,8.177718795602111e-16,3.6034369073990513,8.177718795602111e-17,0.36034369073990513,1.8219364114560135,0.5865477966892455,0.58373,-0.9975578309595305,-1.001035,-0.06896826437878688,-0.073875,5.729074184963115e-20,0.00159
787.0,1.8198170228220045,8.990187085312523e-21,1.4355021957619138e-15,3.6029366763637896,1.4355021957619138e-16,0.36029366763637893,1.8218996759024213,0.5865840547526084,0.58476,-0.9975597997565858,-1.00098,-0.06894047399954262,-0.07361999999999999,6.843675754763509e-19,0.00164
788.0,1.8197799455678518,1.5706598862750583e-20,2.504758152289291e-15,3.602437149852839,2.504758152289291e-16,0.3602437149852839,1.8218630569492935,0.5866202483588351,0.58624,-0.9975617604504688,-1.00099,-0.06891278663868886,-0.073605,3.543682897385569e-19,0.00155
789.0,1.81974300611598,2.727737668173146e-20,4.344456587707431e-15,3.601938325981771,4.344456587707431e-16,0.36019383259817706,1.8218265539560143,0.5866563777405138,0.58472,-0.9975637130884315,-1.0010649999999999,-0.06888520175493885,-0.07341,1.119889326128425e-18,0.00165
790.0,1.8197062037367189,4.7092031658656426e-20,7.490834465896355e-15,3.601440202873574,7.490834465896354e-16,0.3601440202873574,1.821790166286148,0.5866924431290125,0.58332,-0.9975656577173873,-1.000875,-0.06885771881044703,-0.07367,-3.8739856648458562e-19,0.0015500000000000002
791.0,1.8196695377050853,8.082279347088708e-20,1.2840065446813855e-14,3.6009427786586232,1.2840065446813854e-15,0.36009427786586234,1.8217538933074033,0.5867284447544883,0.58445,-0.9975675943839138,-1.0009,-0.06883033727077906,-0.07377,-6.451498086576357e-19,0.0012900000000000001
792.0,1.8196330073007434,1.3790467555371235e-19,2.1880824020971044e-14,3.6004460514746337,2.1880824020971045e-15,0.3600446051474634,1.8217177343916036,0.5867643828458944,0.58593,-0.9975695231342571,-1.0010350000000001,-0.06880305660488155,-0.073605,-2.0977135227261066e-19,0.001575
793.0,1.819596611807964,2.339374797823857e-19,3.7071186274080894e-14,3.599950019466627,3.707118627408089e-15,0.35999500194666273,1.8216816889146534,0.5868002576309939,0.58421,-0.9975714440143333,-1.000945,-0.06877587628505459,-0.07344999999999999,-4.1973264340426573e-19,0.001425
794.0,1.8195603505155855,3.945600955527929e-19,6.244569761150333e-14,3.599454680786895,6.2445697611503324e-15,0.3599454680786895,1.8216457562565065,0.586836069336364,0.5826,-0.997573357069731,-1.00077,-0.06874879578692134,-0.07346,-1.0343770214586247e-18,0.0014550000000000001
795.0,1.8195242227169728,6.616613760539333e-19,1.0458719588302643e-13,3.5989600335949565,1.0458719588302643e-14,0.3598960033594957,1.821609935801134,0.5868718181874061,0.58382,-0.9975752623457176,-1.00092,-0.06872181458940094,-0.07341500000000001,-1.2111089803062665e-18,0.001575
796.0,1.8194882277099778,1.1032763048534444e-18,1.7417310222147106e-13,3.598466076057525,1.7417310222147104e-14,0.3598466076057525,1.8215742269364936,0.5869075044083559,0.58621,-0.9975771598872386,-1.001155,-0.06869493217467794,-0.0736,-1.2811544904916182e-18,0.00143
797.0,1.8194523647969005,1.8292588914852267e-18,2.884208930993123e-13,3.5979728063484706,2.884208930993123e-14,0.35979728063484706,1.8215386290544984,0.5869431282222913,0.58516,-0.9975790497389233,-1.0010400000000002,-0.06866814802817539,-0.073795,-1.100528304388144e-18,0.0011099999999999999
798.0,1.8194166332844486,3.0159546701604056e-18,4.749323827235969e-13,3.5974802226487808,4.7493238272359685e-14,0.35974802226487806,1.8215031415509857,0.5869786898511402,0.58271,-0.9975809319450859,-1.001115,-0.06864146163852493,-0.07338,-2.283442756677668e-18,0.001475
799.0,1.8193810324836988,4.944808227860357e-18,7.777007860854299e-13,3.596988323146526,7.7770078608543e-14,0.3596988323146526,1.8214677638256866,0.5870141895156893,0.58264,-0.9975828065497305,-1.001125,-0.06861487249753893,-0.07347999999999999,-4.202481119748327e-18,0.00156
800.0,1.819345561710057,8.06241678712715e-18,1.266441467430884e-12,3.5964971060368236,1.266441467430884e-13,0.3596497106036824,1.821432495282196,0.5870496274355935,0.58458,-0.9975846735965525,-1.000985,-0.0685883801001827,-0.07336999999999999,-6.087936826922198e-18,0.0015
801.0,1.8193102202832192,1.3073389802621292e-17,2.050999518673197e-12,3.5960065695217986,2.050999518673197e-13,0.35960065695217985,1.821397335327943,0.5870850038293823,0.5848,-0.9975865331289407,-1.000815,-0.06856198394454474,-0.073595,-9.698443197202222e-18,0.0013449999999999998
802.0,1.8192750075271333,2.108308980521414e-17,3.3034653390042195e-12,3.595516711810553,3.3034653390042196e-13,0.3595516711810553,1.8213622833741592,0.5871203189144664,0.58254,-0.9975883851899837,-1.000755,-0.06853568353180992,-0.073485,-1.6539587674375438e-17,0.00126
803.0,1.8192399227699583,3.3815762579657386e-17,5.291922854086589e-12,3.595027531119124,5.291922854086589e-13,0.35950275311191243,1.8213273388358526,0.5871555729071483,0.58189,-0.9975902298224691,-1.00083,-0.06850947836622961,-0.07333500000000001,-2.5625866175309243e-17,0.00146
804.0,1.8192049653440265,5.3945928739743785e-17,8.431648428848635e-12,3.5945390256704526,8.431648428848636e-13,0.3594539025670453,1.8212925011317755,0.5871907660226234,0.58518,-0.9975920670688884,-1.00081,-0.06848336795509427,-0.07331499999999999,-4.123442743586764e-17,0.00136
805.0,1.819170134585804,8.559892206599596e-17,1.3362332656782019e-11,3.594051193694349,1.336233265678202e-12,0.35940511936943487,1.821257769684397,0.587225898474986,0.58627,-0.9975938969714386,-1.00087,-0.06845735180870555,-0.07332,-6.499680029134582e-17,0.00125
806.0,1.8191354298358506,1.351025385620087e-16,2.1063878046041602e-11,3.593564033427451,2.1063878046041602e-12,0.3593564033427451,1.821223143919874,0.5872609704772314,0.58396,-0.9975957195720282,-1.000835,-0.06843142944034508,-0.07306499999999999,-1.0455171630902615e-16,0.001655
807.0,1.8191008504387831,2.1210927772525368e-16,3.3029043304083967e-11,3.5930775431131994,3.302904330408397e-12,0.35930775431131995,1.821188623268023,0.5872959822412539,0.58195,-0.9975975349122754,-1.00104,-0.06840560036625032,-0.07313,-1.6372023916551304e-16,0.00168
808.0,1.8190663957432327,3.312622923600427e-16,5.15193655489913e-11,3.5925917210017944,5.15193655489913e-12,0.35925917210017944,1.821154207162292,0.5873309339778404,0.58433,-0.9975993430335152,-1.000855,-0.06837986410558199,-0.07328,-2.5036456857284354e-16,0.00117
809.0,1.8190320651018086,5.146543578290582e-16,7.994236586866461e-11,3.592106565350168,7.994236586866462e-12,0.35921065653501677,1.821119895039732,0.5873658258966573,0.58606,-0.9976011439767984,-1.000905,-0.06835422018039693,-0.073445,-3.9154932852528804e-16,0.00126
810.0,1.8189978578710553,7.954367356426406e-16,1.2340435580693164e-10,3.5916220744219425,1.2340435580693164e-11,0.35916220744219424,1.8210856863409708,0.5874006582062251,0.58425,-0.9976029377828994,-1.00119,-0.06832866811561783,-0.073175,-6.056149994856525e-16,0.00141
811.0,1.8189637734114157,1.2230857017496346e-15,1.895160076610293e-10,3.591138246487403,1.895160076610293e-11,0.3591138246487403,1.821051580510184,0.5874354311138815,0.5817,-0.9976047244923147,-1.00108,-0.06830320743900554,-0.073385,-9.304052977124926e-16,0.001445
812.0,1.818929811087189,1.871044864098562e-15,2.895596452999485e-10,3.590655079823464,2.8955964529994855e-11,0.35906550798234643,1.8210175769950683,0.5874701448257187,0.58358,-0.9976065041452673,-1.000985,-0.06827783768112669,-0.07302,-1.4242696237355515e-15,0.0016150000000000001
813.0,1.8188959702664915,2.8477527946464697e-15,4.4017118124974916e-10,3.590172572713627,4.4017118124974916e-11,0.35901725727136274,1.8209836752468163,0.587504799546495,0.58632,-0.9976082767817112,-1.00103,-0.06825255837532532,-0.072955,-2.1678794751725074e-15,0.0014199999999999998
814.0,1.8188622503212146,4.312466636683945e-15,6.657500493689124e-10,3.5896907234479607,6.657500493689123e-11,0.358969072344796,1.820949874720087,0.5875393954794982,0.58578,-0.9976100424413317,-1.00092,-0.06822736905769021,-0.0729,-3.2827223441765888e-15,0.0011450000000000002
815.0,1.818828650626985,6.4978410672525226e-15,1.0018929944085687e-09,3.5892095303230542,1.0018929944085686e-10,0.3589209530323054,1.8209161748729816,0.5875739328263547,0.58285,-0.9976118011635504,-1.0007549999999998,-0.06820226926702341,-0.07293,-4.946352919531239e-15,0.001375
816.0,1.8187951705631216,9.741967861036253e-15,1.5002595423401648e-09,3.5887289916419958,1.5002595423401648e-10,0.35887289916419957,1.8208825751670168,0.5876084117867487,0.58262,-0.997613552987529,-1.00103,-0.0681772585448053,-0.07289000000000001,-7.41617809973689e-15,0.001645
817.0,1.8187618095125941,1.4533588740489428e-14,2.235427937205235e-09,3.588249105714331,2.235427937205235e-10,0.3588249105714331,1.8208490750670983,0.5876428325580239,0.58554,-0.99761529795217,-1.000775,-0.06815233643516136,-0.072775,-1.1063381126080205e-14,0.001175
818.0,1.8187285668619813,2.1575546312570658e-14,3.314502581552975e-09,3.587769870856038,3.314502581552975e-10,0.3587769870856038,1.8208156740414951,0.5876771953346263,0.58695,-0.9976170360961224,-1.000845,-0.068127502484823,-0.0727,-1.6423710567899608e-14,0.00132
819.0,1.818695442001425,3.1873341065514304e-14,4.890503254543668e-09,3.5872912853894885,4.890503254543668e-10,0.35872912853894884,1.8207823715618152,0.5877115003073194,0.58497,-0.9976187674577853,-1.0008,-0.068102756243087,-0.072885,-2.4263990646361507e-14,0.001305
820.0,1.8186624343245872,4.685805173733385e-14,7.180922492660412e-09,3.5868133476434187,7.180922492660412e-10,0.3586813347643419,1.8207491671029792,0.5877457476620945,0.58208,-0.9976204920753114,-1.00081,-0.06807809726177172,-0.07300000000000001,-3.567278262175532e-14,0.001135
821.0,1.8186295432286055,6.855602209374086e-14,1.0493305499100406e-08,3.586336055952901,1.0493305499100407e-09,0.3586336055952901,1.8207160601431953,0.5877799375786656,0.58437,-0.9976222099866102,-1.001175,-0.06805352509516718,-0.07289999999999999,-5.219253914334621e-14,0.00117
822.0,1.8185967681140445,9.982183197727132e-14,1.526031795657763e-08,3.585859408659306,1.526031795657763e-09,0.3585859408659306,1.8206830501639355,0.5878140702284019,0.58759,-0.9976239212293573,-1.001105,-0.06802903929997722,-0.073,-7.5999105567273e-14,0.001325
823.0,1.8185641083848507,1.446564179850144e-13,2.2087559661547297e-08,3.585383404110272,2.20875596615473e-09,0.3585383404110272,1.8206501366499097,0.5878481457715055,0.58687,-0.9976256258409946,-1.001015,-0.0680046394352556,-0.07283500000000001,-1.1013579394756915e-13,0.001255
824.0,1.8185315634483024,2.08639113075975e-13,3.181840315004724e-08,3.5849080406596796,3.181840315004724e-09,0.35849080406596795,1.820617319089042,0.5878821643531797,0.58264,-0.9976273238587421,-1.00118,-0.06798032506232585,-0.07291,-1.5885508734866874e-13,0.001275
825.0,1.8184991327149587,2.995112289778361e-13,4.562144371512341e-08,3.584433316667614,4.562144371512341e-09,0.3584433316667614,1.8205845969724466,0.5879161260984596,0.58293,-0.9976290153196032,-1.000985,-0.06795609574468894,-0.07264,-2.2805135282296406e-13,0.001295
826.0,1.8184668155986092,4.2796008589043923e-13,6.510780929118939e-08,3.5839592305003367,6.510780929118939e-09,0.35839592305003365,1.8205519697944041,0.5879500311052712,0.58658,-0.997630700260376,-1.0008599999999999,-0.06793195104790947,-0.072655,-3.258620224468329e-13,0.00131
827.0,1.818434611516218,6.086666685551992e-13,9.248767760183738e-08,3.583485780530256,9.248767760183738e-09,0.3583485780530256,1.820519437052337,0.5879838794351682,0.59004,-0.9976323787176645,-1.0009549999999998,-0.06790789053947287,-0.0727,-4.634730254713844e-13,0.001445
828.0,1.8184025198878695,8.616980276908227e-13,1.307779803577924e-07,3.583012965135894,1.3077798035779239e-08,0.3583012965135894,1.8204869982467864,0.5880176711010354,0.58854,-0.9976340507278959,-1.0010350000000001,-0.06788391378861179,-0.07241,-6.561668547362924e-13,0.00131
829.0,1.818370540136708,1.2143479363615503e-12,1.8407655275152575e-07,3.582540782701857,1.8407655275152576e-08,0.35825407827018574,1.8204546528813894,0.5880514060508535,0.58423,-0.9976357163273369,-1.000815,-0.06786002036608463,-0.0726,-9.24729621303035e-13,0.00096
830.0,1.8183386716888774,1.7035570599447702e-12,2.579220406984827e-07,3.582069231618808,2.579220406984827e-08,0.3582069231618808,1.820422400462855,0.5880850841463787,0.58415,-0.9976373755521204,-1.000865,-0.06783620984389789,-0.072655,-1.2973013596003956e-12,0.0012000000000000001
831.0,1.818306913973456,2.3790780426842386e-12,3.5976385565408365e-07,3.5815983102834337,3.597638556540836e-08,0.35815983102834337,1.8203902405009422,0.5881187051353036,0.58869,-0.9976390284382733,-1.001135,-0.06781248179495691,-0.072625,-1.81178313301127e-12,0.0014750000000000002
832.0,1.8182752664223896,3.3075926211088882e-12,4.995725326703601e-07,3.581128017098413,4.995725326703602e-08,0.35811280170984133,1.820358172508436,0.5881522686150844,0.5886,-0.997640675021758,-1.0010999999999999,-0.06778883579261973,-0.0727,-2.5189678268162952e-12,0.001275
833.0,1.818243728470419,4.578038440622875e-12,6.906281840534213e-07,3.5806583504723952,6.906281840534213e-08,0.3580658350472395,1.8203261960011259,0.5881857739862221,0.58368,-0.9976423153385182,-1.000745,-0.06776527141013866,-0.07269500000000001,-3.486607633277868e-12,0.00132
834.0,1.8182122995550039,6.308464089869015e-12,9.505335462910081e-07,3.5801893088199592,9.50533546291008e-08,0.35801893088199593,1.8202943104977836,0.588219220392213,0.58136,-0.9976439494245402,-1.00088,-0.06774178821995028,-0.07249,-4.80463138328407e-12,0.001225
835.0,1.8181809791162427,8.654803490163883e-12,1.3025086018185466e-06,3.5797208905615965,1.3025086018185465e-07,0.3579720890561596,1.8202625155201404,0.5882526066428041,0.58576,-0.9976455773159326,-1.0010000000000001,-0.06771838579278167,-0.072175,-6.591841741736484e-12,0.001155
836.0,1.8181497665967856,1.182204676466798e-11,1.777036137142388e-06,3.57925309412367,1.777036137142388e-07,0.35792530941236705,1.820230810592865,0.5882859311164423,0.58882,-0.9976471990490211,-1.000925,-0.06769506369652901,-0.072385,-9.004406201017182e-12,0.00132
837.0,1.8181186614417433,1.60783856686855e-11,2.4139420931099538e-06,3.5787859179383985,2.413942093109954e-07,0.35787859179383985,1.820199195243543,0.5883191916369246,0.58665,-0.9976488146604698,-1.001115,-0.06767182149485183,-0.07255500000000001,-1.2246660566134088e-11,0.001375
838.0,1.818087663098588,2.1773029158416765e-11,3.265011381884414e-06,3.578319360443814,3.265011381884414e-07,0.3578319360443814,1.8201676690026536,0.5883523853182878,0.58207,-0.9976504241874349,-1.00082,-0.0676486587454184,-0.072135,-1.65846731565672e-11,0.00131
839.0,1.8180567710170492,2.9358520168531356e-11,4.397259179104929e-06,3.5778534200837457,4.397259179104929e-07,0.3577853420083746,1.82013623140355,0.5883855083708166,0.58394,-0.9976520276677507,-1.000725,-0.06762557499772637,-0.072185,-2.2363252948488505e-11,0.001115
840.0,1.818025984648999,3.941853940892194e-11,5.896999705824233e-06,3.5773880953077795,5.896999705824234e-07,0.35773880953077797,1.8201048819824373,0.5884185558597295,0.58877,-0.9976536251401638,-1.0006,-0.06760256979040588,-0.072365,-3.0027146112370844e-11,0.00126
841.0,1.8179953034483332,5.27023569022663e-11,7.874879299454322e-06,3.576923384571242,7.874879299454322e-07,0.35769233845712417,1.8200736202783505,0.5884515214066554,0.58983,-0.9976552166446192,-1.00089,-0.06757964264790198,-0.07231,-4.014729034321259e-11,0.001405
842.0,1.8179647268708394,7.016728752728971e-11,1.0472068171879148e-05,3.5764592863351634,1.0472068171879149e-06,0.35764592863351635,1.8200424458331361,0.5884843968223432,0.58408,-0.9976568022226122,-1.00124,-0.06755679307640362,-0.072405,-5.345317912673115e-11,0.00119
843.0,1.81793425437406,9.30307228448797e-11,1.3867835608428098e-05,3.5759957990662556,1.3867835608428097e-06,0.35759957990662555,1.8200113581914295,0.5885171716572808,0.58175,-0.9976583819176168,-1.00098,-0.06753402055888638,-0.07234499999999999,-7.087251465364136e-11,0.00147
844.0,1.8179038854171428,1.2283354700024148e-10,1.8288766297172284e-05,3.5755329212368787,1.8288766297172283e-06,0.35755329212368786,1.8199803569006354,0.5885498326549009,0.58519,-0.9976599557756038,-1.001105,-0.06751132454909521,-0.0722,-9.357955891715108e-11,0.00167
845.0,1.817873619460682,1.6151699754994045e-10,2.4019910671373897e-05,3.5750706513250186,2.4019910671373895e-06,0.35750706513250186,1.8199494415109072,0.5885823630899955,0.58943,-0.997661523845669,-1.00112,-0.0674887044642857,-0.07239000000000001,-1.2305371898285287e-10,0.00132
846.0,1.8178434559665524,2.1151529948769185e-10,3.1418199101294455e-05,3.574608987814259,3.1418199101294454e-06,0.3574608987814259,1.8199186115751265,0.5886147419727428,0.58844,-0.9976630861807831,-1.000575,-0.06746615967651208,-0.07194,-1.6115016681353096e-10,0.00143
847.0,1.817813394397729,2.758666779466328e-10,4.092848778311041e-05,3.5741479291937517,4.092848778311041e-06,0.35741479291937517,1.8198878666488842,0.5886469430964993,0.58348,-0.9976646428386907,-1.000805,-0.06744368950222834,-0.07175999999999999,-2.1018447549566606e-10,0.00138
848.0,1.8177834342181023,3.5834563581721216e-10,5.3102642307986665e-05,3.573687473958189,5.310264230798666e-06,0.3573687473958189,1.8198572062904599,0.5886789339052427,0.58097,-0.9976661938829725,-1.00095,-0.06742129318994633,-0.07205,-2.730334610256432e-10,0.001275
849.0,1.8177535748922797,4.636196587892146e-10,6.86221019605184e-05,3.573227620607782,6.86221019605184e-06,0.3573227620607782,1.8198266300608026,0.5887106741543481,0.58584,-0.997667739384302,-1.0010050000000001,-0.06739896990566625,-0.07192499999999999,-3.532546671665928e-10,0.0013
850.0,1.817723815885386,5.974337720559585e-10,8.832440231987945e-05,3.5727683676482296,8.832440231987945e-06,0.3572768367648229,1.8197961375235114,0.5887421143363264,0.59004,-0.9976692794219201,-1.00097,-0.06737671871578697,-0.071965,-4.5522708041477303e-10,0.001395
851.0,1.8176941566628522,7.668266079303381e-10,0.00011323416395069945,3.572309713590692,1.1323416395069944e-05,0.35723097135906917,1.8197657282448154,0.5887731938413703,0.58764,-0.9976708140853492,-1.00092,-0.06735453856716342,-0.07209499999999999,-5.843158788280944e-10,0.00137
852.0,1.817664596690207,9.803818375367188e-10,0.0001445990788036722,3.5718516569517678,1.445990788036722e-05,0.3571851656951768,1.819735401793556,0.588803838821132,0.5825,-0.997672343476386,-1.001245,-0.06733242826399091,-0.072145,-7.470641526440231e-10,0.00134
853.0,1.8176351354328615,1.2485189559799037e-09,0.00018393144103043675,3.571394196253463,1.8393144103043674e-05,0.3571394196253463,1.819705157741167,0.588833959723281,0.5829,-0.9976738677113944,-1.000805,-0.06731038644116054,-0.071905,-9.514146448163213e-10,0.0012000000000000001
854.0,1.8176057723559056,1.5838274702672873e-09,0.0002330557726063427,3.5709373300231686,2.330557726063427e-05,0.3570937330023169,1.8196749956616556,0.5888634484641804,0.58809,-0.997675386923928,-1.000615,-0.0672884115337588,-0.07223,-1.2069645983455388e-09,0.001155
855.0,1.817576506923904,2.00144850218322e-09,0.00029416308355541975,3.570481056793633,2.9416308355541978e-05,0.3570481056793633,1.8196449151315843,0.5888921752076911,0.59017,-0.997676901267715,-1.0009299999999999,-0.0672665017423591,-0.071955,-1.52525675182064e-09,0.00146
856.0,1.8175473386007148,2.519507662132319e-09,0.0003698722785989761,3.5700253751029374,3.6987227859897614e-05,0.35700253751029376,1.8196149157300525,0.5889199847198056,0.58513,-0.9976784109200291,-1.00071,-0.06724465499380546,-0.072045,-1.9201094714016834e-09,0.0015400000000000001
857.0,1.8175182668493213,3.1596027514224063e-09,0.00046329917349501645,3.5695702834944694,4.632991734950165e-05,0.3569570283494469,1.8195849970386784,0.5889466922717781,0.58074,-0.9976799160854681,-1.000965,-0.06722286889720064,-0.07209,-2.407988676062404e-09,0.001375
858.0,1.8174892911316967,3.9473493858226705e-09,0.00057813351196516,3.5691157805168983,5.7813351196516005e-05,0.3569115780516898,1.8195551586415797,0.5889720790687879,0.58237,-0.9976814170001619,-1.00094,-0.06720114069486366,-0.07171,-3.008423956602103e-09,0.001175
859.0,1.8174604109087047,4.91298697908359e-09,0.0007187242747693281,3.5686618647241466,7.18724274769328e-05,0.35686618647241464,1.8195254001253562,0.5889958871872285,0.58746,-0.9976829139364258,-1.0006950000000001,-0.06717946720809737,-0.071825,-3.744470721699264e-09,0.001005
860.0,1.8174316256400458,6.092046659264952e-09,0.00089017344325921,3.568208534675372,8.9017344325921e-05,0.35682085346753717,1.8194957210790736,0.589017814011545,0.58886,-0.9976844072078612,-1.000745,-0.06715784477767635,-0.07184,-4.643219571331868e-09,0.001205
861.0,1.8174029347842628,7.526081593325844e-09,0.0010984382180678205,3.567755788934934,0.00010984382180678205,0.3567755788934934,1.8194661210942422,0.5890375061713803,0.58446,-0.9976858971748973,-1.000855,-0.06713626919908668,-0.07163,-5.736353247621173e-09,0.001405
862.0,1.817374337798816,9.263458850182688e-09,0.001350441497474027,3.5673036260723747,0.0001350441497474027,0.3567303626072375,1.8194365997648032,0.5890545529917598,0.58049,-0.997687384250771,-1.000885,-0.06711473565266622,-0.07178999999999999,-7.060750485039458e-09,0.00162
863.0,1.8173458341402406,1.1360210327854099e-08,0.0016541901881446737,3.566852044662393,0.00016541901881446736,0.3566852044662393,1.8194071566871086,0.5890684794831771,0.58129,-0.9976888689079018,-1.002165,-0.0670932386289528,-0.07200000000000001,-8.659134847265769e-09,0.00121
864.0,1.8173174232644012,1.3880938401198871e-08,0.0020189006530619827,3.5664010432848188,0.00020189006530619825,0.35664010432848187,1.8193777914599052,0.589078738914859,0.58713,-0.9976903516846344,-1.00094,-0.06707177184971862,-0.071735,-1.0580765206586909e-08,0.001205
865.0,1.8172891046268567,1.6899769815504172e-08,0.0024551302982541707,3.5659506205245894,0.0002455130298254171,0.35659506205245894,1.819348503684317,0.5890847050331025,0.58827,-0.9976918331922741,-1.000905,-0.0670503281853669,-0.072135,-1.288216288078802e-08,0.00124
866.0,1.817260877683351,2.050134896926924e-08,0.002974913963535192,3.5655007749717256,0.0002974913963535192,0.35655007749717255,1.8193192929638289,0.589085664007266,0.58512,-0.997693314122347,-1.000955,-0.06702889956958906,-0.07211999999999999,-1.562786861635021e-08,0.001005
867.0,1.8172327418904437,2.4781859118662753e-08,0.0035919034163547003,3.5650515052213065,0.00035919034163547003,0.3565051505221306,1.8192901589042685,0.5890808062086347,0.5809,-0.9976947952539791,-1.00092,-0.06700747691240935,-0.07174,-1.8891220594703666e-08,0.00119
868.0,1.8172046967062934,2.985005722944153e-08,0.0043215078572003875,3.564602809873446,0.0004321507857200388,0.3564602809873446,1.819261101113791,0.5890692179515823,0.58218,-0.9976962774612735,-1.00106,-0.06698605001301061,-0.07156499999999999,-2.2755142470599045e-08,0.0013
869.0,1.8171767415916096,3.582830524494426e-08,0.005181032936620923,3.5641546875332715,0.0005181032936620923,0.35641546875332714,1.8192321192028615,0.5890498733518411,0.5872,-0.9976977617205429,-1.0010050000000001,-0.0669646074739872,-0.071755,-2.7312928200407034e-08,0.00133
870.0,1.8171488760107855,4.285357748925109e-08,0.006189815366449294,3.563707136810895,0.0006189815366449293,0.3563707136810895,1.8192032127842397,0.589021626482777,0.58912,-0.9976992491172234,-1.001025,-0.0669431366189502,-0.07189999999999999,-3.266900801691016e-08,0.00144
871.0,1.817121099433217,5.107842085375598e-08,0.0073693497915557965,3.5632601563213937,0.0007369349791555796,0.3563260156321394,1.8191743814729622,0.5889832040366573,0.58458,-0.9977007408522863,-1.000925,-0.06692162341567408,-0.07158,-3.89396775942342e-08,0.00143
872.0,1.8170934113348214,6.067184140678455e-08,0.008743404185473364,3.562813744684786,0.0008743404185473365,0.3562813744684786,1.8191456248863271,0.5889331987232168,0.58016,-0.9977022382479219,-1.000845,-0.06690005240723257,-0.07150000000000001,-4.6253770063586616e-08,0.0013
873.0,1.817065811199758,7.182008821481634e-08,0.010338119657083065,3.562367900526007,0.0010338119657083064,0.3562367900526007,1.819116942643879,0.5888700636615779,0.58108,-0.9977037427522715,-1.001215,-0.06687840665382426,-0.071495,-5.475324839600438e-08,0.001215
874.0,1.8170382985223512,8.472730257579579e-08,0.012182090221080074,3.561922622474886,0.0012182090221080073,0.35619226224748857,1.8190883343673907,0.5887921080427131,0.58686,-0.9977052559429453,-1.001185,-0.06685666768818906,-0.07186500000000001,-6.459369361041592e-08,0.001005
875.0,1.8170108728092127,9.961599865368422e-08,0.014306417808019431,3.5614779091661233,0.0014306417808019431,0.3561477909166123,1.81905979968085,0.5886974943570829,0.58865,-0.9977067795290634,-1.0008650000000001,-0.06683481548769535,-0.07171,-7.594466259655959e-08,0.00142
876.0,1.8169835335815574,1.1672733978807966e-07,0.016744737586817836,3.5610337592392667,0.0016744737586817835,0.35610337592392666,1.8190313382104424,0.5885842374948044,0.58503,-0.997708315351535,-1.000765,-0.06681282846631098,-0.07130500000000001,-8.898988798103789e-08,0.0016150000000000001
877.0,1.8169562803776973,1.3632117365482686e-07,0.019533208560216307,3.5605901713386934,0.001953320856021631,0.35605901713386934,1.8190029495845368,0.5884502060323961,0.57982,-0.9977098653812981,-1.000825,-0.06679068348972572,-0.07163,-1.0392729166200968e-07,0.00145
878.0,1.8169291127556906,1.5867578909343481e-07,0.02271046438808648,3.560147144113578,0.002271046438808648,0.3560147144113578,1.8189746334336683,0.5882931260197999,0.57875,-0.997711431715235,-1.00069,-0.06676835591688368,-0.07155,-1.209687833332743e-07,0.00148
879.0,1.8169020302961307,1.840873579086928e-07,0.026317519509656617,3.5597046762178817,0.0026317519509656616,0.3559704676217882,1.8189463893905258,0.5881105875727433,0.58339,-0.9977130165694881,-1.00091,-0.06674581967110477,-0.07149,-1.4033981573103048e-07,0.00111
880.0,1.8168750326050291,2.1286902640187517e-07,0.03039762588731558,3.5592627663103173,0.003039762588731558,0.3559262766310317,1.8189182170899338,0.5879000545576534,0.5881,-0.9977146222699305,-1.00095,-0.06672304734376787,-0.07184,-1.6227866953010187e-07,0.001065
881.0,1.8168481193167683,2.453496238795333e-07,0.03499607609266564,3.558821413054339,0.003499607609266564,0.3558821413054339,1.8188901161688398,0.5876588776283164,0.58617,-0.9977162512395515,-1.000805,-0.06670001033327205,-0.07174,-1.8703544271872312e-07,0.001385
882.0,1.8168212900970646,2.8187195899491964e-07,0.04015994900822689,3.5583806151181125,0.004015994900822689,0.35583806151181124,1.818862086266299,0.587384310834647,0.58039,-0.99771790598258,-1.000885,-0.06667667902156271,-0.07128,-2.1487072223447184e-07,0.00132
883.0,1.8167945446459008,3.227906795424492e-07,0.04593779513013887,3.5579403711744955,0.004593779513013887,0.35579403711744956,1.8188341270234576,0.5870735319738886,0.57744,-0.9977195890651933,-1.0006950000000001,-0.06665302299004196,-0.07123,-2.4605391934931166e-07,0.0012950000000000001
884.0,1.8167678827003655,3.684696772646917e-07,0.05237925932874921,3.557500679901018,0.005237925932874921,0.3557500679901018,1.818806238083541,0.5867236667931379,0.58103,-0.9977213030927276,-1.00084,-0.06662901127604247,-0.07136999999999999,-2.808612550657892e-07,0.0013800000000000002
885.0,1.8167413040373341,4.192790263269527e-07,0.05953463995087169,3.557061539979853,0.005953463995087169,0.35570615399798533,1.8187784190918377,0.5863318170796895,0.58542,-0.997723050683379,-1.000845,-0.06660461267031945,-0.071625,-3.1957338738030985e-07,0.0012200000000000002
886.0,1.8167148084759308,4.7559145231269276e-07,0.06745438432034565,3.556622950097808,0.006745438432034565,0.3556622950097808,1.8187506696956848,0.5858950925928388,0.58603,-0.9977248344384425,-1.00076,-0.06657979605520495,-0.07150000000000001,-3.624726788164203e-07,0.001145
887.0,1.8166883958796927,5.37778337802103e-07,0.07618852199769184,3.5561849089462902,0.0076188521997691844,0.35561849089462905,1.8187229895444548,0.5854106466988669,0.5817,-0.9977266569092416,-1.0009299999999999,-0.0665545307821196,-0.071285,-4.0984010990287184e-07,0.0014850000000000002
888.0,1.8166620661583666,6.062052806855119e-07,0.08578603857517761,3.555747415221294,0.00857860385751776,0.3555747415221294,1.81869537828954,0.5848757154713617,0.57643,-0.9977285205609834,-1.00083,-0.06652878708615391,-0.071365,-4.6195185233847206e-07,0.0015
889.0,1.816635819269264,6.812272321625858e-07,0.09629419428514233,3.555310467623374,0.009629419428514231,0.35553104676233743,1.8186678355843409,0.5842876599141487,0.57789,-0.9977304277338627,-1.0007000000000001,-0.06650253653435775,-0.0713,-5.190755240795283e-07,0.0016250000000000001
890.0,1.8166096552180995,7.631832526799719e-07,0.1077577932567264,3.5548740648576294,0.010775779325672639,0.35548740648576294,1.8186403610842483,0.5836440108563883,0.58231,-0.997732380601858,-1.00083,-0.06647575250327971,-0.07098499999999999,-5.814661575668456e-07,0.001725
891.0,1.8165835740592413,8.523909356233176e-07,0.12021841083460134,3.5544382056336774,0.012021841083460135,0.35544382056336776,1.818612954446634,0.5829425159619717,0.58537,-0.9977343811297393,-1.000685,-0.06644841068017442,-0.07142499999999999,-6.493619213913389e-07,0.001715
892.0,1.8165575758953083,9.49140560130711e-07,0.13371358793411403,3.5540028886656394,0.013371358793411402,0.35540028886656394,1.8185856153308342,0.5821811881915162,0.58262,-0.9977364310289198,-1.0006849999999998,-0.06642048958120979,-0.07088,-7.229796447830452e-07,0.001445
893.0,1.8165316608760493,1.0536890456402846e-06,0.14827600290936432,3.5535681126721115,0.014827600290936433,0.35535681126721114,1.818558343398136,0.5813583549587985,0.57694,-0.99773853171286,-1.000815,-0.06639197107895173,-0.071025,-8.025102030115226e-07,0.0012799999999999999
894.0,1.8165058291964553,1.1662537914095755e-06,0.16393263281045037,3.553133876376152,0.016393263281045036,0.3553133876376152,1.818531138311766,0.5804727071380333,0.57453,-0.9977406842528184,-1.00094,-0.0663628409304475,-0.071475,-8.881138300010764e-07,0.0015
895.0,1.8164800810940562,1.2870064939293083e-06,0.18070391715980655,3.5527001785052548,0.018070391715980655,0.3552700178505255,1.8185039997368744,0.579523347007879,0.57876,-0.9977428893348083,-1.00064,-0.0663330892963926,-0.070935,-9.799154317843346e-07,0.0011949999999999999
896.0,1.8164544168453753,1.4160670435775645e-06,0.1986029384416917,3.552267017791334,0.01986029384416917,0.3552267017791334,1.8184769273405237,0.5785098341659909,0.58255,-0.9977451472186595,-1.000655,-0.06630271124118962,-0.07125000000000001,-1.0779999806551872e-06,0.001365
897.0,1.816428836761514,1.55349760871194e-06,0.21763463433216237,3.5518343929707,0.021763463433216237,0.35518343929706997,1.818449920791674,0.577432228417541,0.58254,-0.9977474577001216,-1.0009649999999999,-0.06627170720323548,-0.071395,-1.1824080747660225e-06,0.0015700000000000002
898.0,1.8164033411828684,1.6992970203891921e-06,0.23779505726154615,3.5514023027840413,0.023779505726154615,0.35514023027840413,1.8184229797611717,0.5762911286351997,0.57667,-0.9977498200769418,-1.000665,-0.06624008342451965,-0.07107,-1.2931317511510351e-06,0.001695
899.0,1.8163779304729775,1.8533955737740327e-06,0.2590706971641531,3.550970745976404,0.02590706971641531,0.35509707459764045,1.818396103921735,0.5750877066084652,0.5723,-0.9977522331198335,-1.000675,-0.06620785232864632,-0.07092499999999999,-1.4101106417331426e-06,0.00159
900.0,1.8163526050115353,2.0156503628359306e-06,0.2814378832040427,3.5505397212971697,0.02814378832040427,0.35505397212971695,1.8183692929479414,0.5738237349482052,0.57326,-0.9977546950491998,-1.000925,-0.06617503283668157,-0.07117000000000001,-1.5332285613127834e-06,0.0015600000000000002
901.0,1.8163273651866,2.185841262965449e-06,0.304862279851085,3.550109227500042,0.0304862279851085,0.3550109227500042,1.8183425465162155,0.5725016081879319,0.57715,-0.9977572035184058,-1.000805,-0.06614165061085636,-0.071215,-1.6623106140927818e-06,0.0014550000000000001
902.0,1.8163022113860514,2.3636676715624825e-06,0.3292984919072455,3.5496792633430183,0.03292984919072456,0.35496792633430185,1.8183158643048167,0.5711243563257404,0.57898,-0.9977597556042895,-1.0010050000000001,-0.06610773821704455,-0.07111500000000001,-1.7971209006291165e-06,0.00147
903.0,1.8162771439883685,2.5487461094102055e-06,0.3546897919463419,3.5492498275883775,0.03546897919463419,0.3549249827588377,1.8182892459938254,0.5696956501781315,0.57655,-0.9977623478054725,-1.00091,-0.06607333519819018,-0.070675,-1.9373609003757924e-06,0.0017
904.0,1.8162521633528028,2.7406087757775244e-06,0.38096798213922073,3.548820919002655,0.03809679821392207,0.3548820919002655,1.818262691265131,0.5682197980659479,0.57043,-0.9977649760488876,-1.00081,-0.0660384880523484,-0.07103000000000001,-2.082668596226392e-06,0.00149
905.0,1.8162272698090365,2.9387031377814715e-06,0.4080534006070959,3.5483925363566287,0.040805340060709586,0.3548392536356629,1.8182361998024206,0.566701733519491,0.56716,-0.9977676357047666,-1.001055,-0.06600325011079426,-0.07103999999999999,-2.2326183967876727e-06,0.00193
906.0,1.8162024636464167,3.1423926197617437e-06,0.43585508030632575,3.547964678425295,0.043585508030632575,0.3547964678425295,1.8182097712911651,0.5651469938696738,0.56879,-0.9977703216101573,-1.00101,-0.06596768131363208,-0.07100999999999999,-2.386721899779213e-06,0.00182
907.0,1.8161777451028673,3.3509584415071225e-06,0.46427106603411156,3.5475373439878535,0.04642710660341116,0.3547537343987853,1.8181834054186092,0.5635616897794147,0.57117,-0.9977730281008451,-1.00089,-0.06593184788250621,-0.070785,-2.544429526087712e-06,0.00176
908.0,1.816153114353568,3.5636026354368306e-06,0.49318889250227194,3.547110531827683,0.04931888925022719,0.3547110531827683,1.8181571018737568,0.5619524659584777,0.57196,-0.9977757490513667,-1.000785,-0.06589582189224875,-0.07089000000000001,-2.705133039125296e-06,0.00191
909.0,1.8161285714994877,3.7794522526430217e-06,0.5224862236082161,3.5466842407323296,0.05224862236082161,0.35466842407323296,1.818130860347361,0.5603264534897732,0.56755,-0.9977784779226162,-1.00098,-0.06585968074558128,-0.07095,-2.8681689482820255e-06,0.00164
910.0,1.8161041165558371,3.9975647464598265e-06,0.5520316500979224,3.546258469493482,0.05520316500979224,0.3546258469493482,1.8181046805319114,0.5586912143698309,0.56066,-0.9977812078163728,-1.000855,-0.06582350655719346,-0.070785,-3.032822779076558e-06,0.00192
911.0,1.816079749440484,4.216934500403532e-06,0.5816856398303877,3.5458332169069537,0.05816856398303877,0.35458332169069534,1.8180785621216233,0.5570546790254017,0.5554,-0.9977839315359229,-1.00079,-0.06578738545559312,-0.07061500000000001,-3.198334176330645e-06,0.00221
912.0,1.816055469962325,4.436500445409716e-06,0.6113016318836407,3.5454084817726668,0.061130163188364076,0.35454084817726667,1.8180525048124243,0.5554250777072637,0.55017,-0.9977866416518206,-1.00073,-0.06575140681296705,-0.070595,-3.363902790735595e-06,0.0026049999999999997
913.0,1.8160312778095629,4.655154689788283e-06,0.6407272628592745,3.544984262894634,0.06407272628592746,0.35449842628946343,1.8180265083019445,0.5538108667773087,0.5427,-0.9977893305717244,-1.000835,-0.06571566241486118,-0.07012499999999999,-3.52869488384463e-06,0.002355
914.0,1.8160071725377371,4.871752064728827e-06,0.6698057110136977,3.5445605590809355,0.06698057110136976,0.35445605590809354,1.8180005722895038,0.5522206509932321,0.5353,-0.9977919906131831,-1.000925,-0.06568024558266877,-0.070305,-3.691850572446928e-06,0.00244
915.0,1.815983153557262,5.08512046901788e-06,0.698377141337078,3.5441373691437033,0.06983771413370779,0.35441373691437034,1.8179746964761014,0.5506631029548166,0.53089,-0.9977946140782085,-1.000955,-0.06564525026273407,-0.070205,-3.852491620309692e-06,0.002675
916.0,1.815959220120034,5.294071879344235e-06,0.7262802324770375,3.5437146918991083,0.07262802324770376,0.3543714691899108,1.8179488805644037,0.5491468809064167,0.53288,-0.9977971933284759,-1.000815,-0.06561077009621046,-0.06998499999999999,-4.009729674264231e-06,0.0023250000000000002
917.0,1.8159353713044586,5.49741387761954e-06,0.7533537645222299,3.5432925261673307,0.07533537645222299,0.35432925261673304,1.8179231242587337,0.5476805460923387,0.53972,-0.997799720860026,-1.000635,-0.06557689748371591,-0.069995,-4.162674832294574e-06,0.002365
918.0,1.815911605997845,5.693961534638115e-06,0.7794382451870138,3.542870870772553,0.07794382451870137,0.35428708707725526,1.8178974272650599,0.546272480836016,0.54952,-0.9978021893764325,-1.000525,-0.06554372265819336,-0.07011999999999999,-4.3104444243771334e-06,0.00207
919.0,1.8158879228745948,5.882549481369297e-06,0.8043775510358316,3.542449724542936,0.08043775510358317,0.3542449724542936,1.8178717892909848,0.54493080845596,0.55643,-0.9978045918594995,-1.00094,-0.06551133277819568,-0.06998,-4.452171882830108e-06,0.002065
920.0,1.8158643203676628,6.06204400109247e-06,0.8280205608508774,3.542029086310603,0.08280205608508774,0.3542029086310603,1.817846210045734,0.5436633160030525,0.55713,-0.9978069216367754,-1.0009,-0.06547981105146622,-0.07035,-4.587015582409603e-06,0.0021
921.0,1.8158407966292367,6.231355018131125e-06,0.8502227642506247,3.5416089549116214,0.08502227642506247,0.35416089549116214,1.8178206892401456,0.5424773803828221,0.55285,-0.9978091724456475,-1.000725,-0.06544923589265052,-0.070755,-4.714167564006164e-06,0.00236
922.0,1.8158173494737386,6.389448087045003e-06,0.870847859902557,3.5411893291859875,0.0870847859902557,0.35411893291859875,1.8177952265866597,0.5413798966504665,0.55104,-0.997811338495557,-1.000955,-0.0654196800972872,-0.07039999999999999,-4.832862228305157e-06,0.00183
923.0,1.8157939762908997,6.5353574967882354e-06,0.8897694951459544,3.540770207977604,0.08897694951459544,0.3540770207977604,1.8177698217993075,0.5403771997589771,0.55145,-0.997813414536839,-1.001135,-0.06539120992864003,-0.070265,-4.9423858437059764e-06,0.002045
924.0,1.8157706739064132,6.668205510501063e-06,0.9068738287626457,3.5403515901342693,0.09068738287626456,0.3540351590134269,1.8177444745936997,0.5394749423576335,0.55112,-0.9978153959706727,-1.000855,-0.06536388369593168,-0.07002,-5.042090637975e-06,0.00238
925.0,1.815747438349494,6.7872458687634926e-06,0.9220653733801107,3.5399334745076523,0.09220653733801108,0.3539933474507652,1.817719184687018,0.5386777954501943,0.54675,-0.9978172791203898,-1.00078,-0.06533774835383942,-0.07019,-5.131427053059333e-06,0.002405
926.0,1.8157242644605631,6.891987331300228e-06,0.9352836617126011,3.539515859953283,0.09352836617126012,0.3539515859953283,1.8176939517980024,0.5379885645244447,0.5382,-0.9978190620282272,-1.001025,-0.06531282967276654,-0.070155,-5.210035912263645e-06,0.002395
927.0,1.815701145254665,6.982543411138161e-06,0.9465504674780351,3.5390987453305303,0.0946550467478035,0.353909874533053,1.8176687756469427,0.5374056575809454,0.52937,-0.9978207467220118,-1.000965,-0.06528910443534468,-0.06976,-5.278009865540377e-06,0.00244
928.0,1.8156780710070712,7.060527464396005e-06,0.956090569509287,3.538682129502585,0.0956090569509287,0.35386821295025855,1.817643655955667,0.5369165900496448,0.52564,-0.9978223449969775,-1.000635,-0.06526642965963515,-0.06967999999999999,-5.336562901942752e-06,0.0029449999999999997
929.0,1.8156550282777386,7.131045358275926e-06,0.9646002027976424,3.5382660113364484,0.09646002027976423,0.35382660113364484,1.8176185924475325,0.5364835384297895,0.52598,-0.9978238912151947,-1.00107,-0.06524438602371954,-0.069745,-5.389521010975816e-06,0.00266
930.0,1.8156319997082169,7.20644103783648e-06,0.9737506332471006,3.5378503897029088,0.09737506332471006,0.3537850389702909,1.8175935848474143,0.5360162657213082,0.52758,-0.9978254661805808,-1.001035,-0.06522198578362597,-0.07017000000000001,-5.446123715818135e-06,0.00264
931.0,1.8156089664103543,7.311959843320288e-06,0.986947339511003,3.537435263476527,0.0986947339511003,0.3537435263476527,1.8175686328816962,0.5353314868225361,0.52932,-0.9978272327352306,-1.00108,-0.0651972367167561,-0.06962499999999999,-5.52525656695529e-06,0.00277
932.0,1.815585915566772,7.491812828399865e-06,1.0101383752691326,3.5370206315356216,0.10101383752691326,0.3537020631535622,1.8175437362782603,0.5341104532491313,0.52872,-0.9978294723286865,-1.00107,-0.06516669131827779,-0.06979,-5.659966946872305e-06,0.002425
933.0,1.8155628551056415,7.811197118429822e-06,1.0520728610075407,3.536606492762251,0.10520728610075408,0.3536606492762251,1.8175188947664773,0.5318886910867381,0.52555,-0.9978325920716352,-1.00099,-0.0651253487804623,-0.06970499999999999,-5.898904873848362e-06,0.0026249999999999997
934.0,1.8155398334006188,8.347198661578488e-06,1.123062012559723,3.5361928460421943,0.1123062012559723,0.35361928460421943,1.8174941080771965,0.5281309639368875,0.52136,-0.9978370550526188,-1.0008750000000002,-0.06506748190957515,-0.06978000000000001,-6.299356830076785e-06,0.0028799999999999997
935.0,1.8155169549920105,9.162619345497063e-06,1.2314531603616383,3.5357796902649405,0.12314531603616383,0.353577969026494,1.8174693759427365,0.5224316619852647,0.51768,-0.9978431995023658,-1.00121,-0.06498882129999684,-0.06962499999999999,-6.907462246760715e-06,0.00301
936.0,1.8154943772994334,1.0264870315316419e-05,1.3781214176346157,3.5353670243236683,0.13781214176346157,0.35353670243236685,1.817444698096875,0.5148096436677465,0.51336,-0.9978509788166424,-1.000835,-0.06488975517907362,-0.069305,-7.727502774578929e-06,0.00338
937.0,1.8154722753806778,1.156579086369278e-05,1.5511207517751626,3.5349548471152303,0.15511207517751627,0.35349548471152303,1.8174200742748394,0.5059590486511695,0.50825,-0.9978597527103905,-1.000965,-0.06477801109224988,-0.069515,-8.692572622396373e-06,0.003295
938.0,1.8154507767361212,1.286878984643517e-05,1.724029664910518,3.534543157540138,0.1724029664910518,0.3534543157540138,1.8173955042132977,0.49726653614161387,0.50266,-0.9978682991180993,-1.00073,-0.0646687036054979,-0.06938,-9.656326686585117e-06,0.003325
939.0,1.8154298907875024,1.3905014007347628e-05,1.8608685773608722,3.5341319545025454,0.1860868577360872,0.3534131954502545,1.8173709876503483,0.49049915654820425,0.49651,-0.9978751129961594,-1.00095,-0.06458074993147009,-0.06928000000000001,-1.0420879529877228e-05,0.003725
940.0,1.81540947200134,1.4416183849204465e-05,1.9272245648281097,3.533721236910232,0.19272245648281097,0.3533721236910232,1.8173465243255111,0.4872629731353363,0.48854,-0.9978788705062951,-1.00062,-0.06453098711492118,-0.069,-1.0797631211877382e-05,0.003565
941.0,1.8153892460242291,1.4250615527580205e-05,1.9030660595357538,3.533311003674589,0.19030660595357538,0.3533311003674589,1.8173221139797182,0.48847035218119556,0.4836,-0.9978788426302986,-1.00071,-0.06452873367189334,-0.068825,-1.0676192565097556e-05,0.0037
942.0,1.8153688951629807,1.3423830347134568e-05,1.7907518811717063,3.5329012537106013,0.17907518811717063,0.35329012537106014,1.8172977563553045,0.49403763804870243,0.48664,-0.9978751091317836,-1.000775,-0.06457290351993765,-0.06916,-1.006739165973166e-05,0.00364
943.0,1.8153481639860727,1.2110885552432639e-05,1.6138905230112044,3.5324919859368347,0.16138905230112044,0.3532491985936835,1.817273451195999,0.5029209329449102,0.49864,-0.9978685302367198,-1.000515,-0.0646524005287667,-0.06936500000000001,-9.097966997421262e-06,0.00339
944.0,1.815326933743876,1.057562688347453e-05,1.4078098188233181,3.5320831992754145,0.14078098188233182,0.3532083199275414,1.8172491982469148,0.5134716059803618,0.51483,-0.9978604854811335,-1.00095,-0.0647496485105958,-0.069685,-7.960490334227485e-06,0.00334
945.0,1.8153052345123635,9.075861299054307e-06,1.2068850447453512,3.5316748926520196,0.12068850447453512,0.353167489265202,1.8172249972545413,0.5239743102243603,0.52589,-0.9978524454305217,-1.000945,-0.06484620702891312,-0.069745,-6.845166629272262e-06,0.00253
946.0,1.8152832005829607,7.790442219144441e-06,1.0348581836735704,3.5312670649958573,0.10348581836735704,0.3531267064995858,1.8172008479667339,0.5331425680721975,0.53411,-0.9978455400483599,-1.0007650000000001,-0.06492819893425372,-0.069815,-5.885890747454486e-06,0.0023899999999999998
947.0,1.8152610016149373,6.793759325434293e-06,0.9015089498222395,3.530859715239654,0.09015089498222395,0.3530859715239654,1.8171767501327063,0.5403667706460833,0.543,-0.9978403195214641,-1.00051,-0.06498910522297326,-0.06955,-5.139908915102226e-06,0.002635
948.0,1.815238784729111,6.073638612288893e-06,0.8051012002078519,3.5304528423196384,0.0805101200207852,0.35304528423196385,1.817152703503021,0.5456584687704387,0.55115,-0.9978367857757577,-1.0010350000000001,-0.06502915712561756,-0.069635,-4.599722974734531e-06,0.00247
949.0,1.8152166461116812,5.570176320401563e-06,0.7375858801843361,3.530046445175524,0.07375858801843362,0.35300464451755237,1.817128707829581,0.5494033102428161,0.55626,-0.9978346052470008,-1.00081,-0.06505260373589102,-0.070175,-4.221463705269412e-06,0.002235
950.0,1.8151946306574571,5.212474510751742e-06,0.6894935423158621,3.5296405227504972,0.06894935423158621,0.35296405227504973,1.8171047628656212,0.5520942054790141,0.55822,-0.9978333459594904,-1.00102,-0.06506480088670252,-0.07000500000000001,-3.952425030314418e-06,0.002515
951.0,1.8151727470164127,4.941070448335333e-06,0.6529055992159793,3.5292350739912033,0.06529055992159793,0.3529235073991203,1.817080868365698,0.5541565925111123,0.55753,-0.9978326340356635,-1.00056,-0.0650703363108153,-0.06996,-3.748134525566746e-06,0.00213
952.0,1.815150985188932,4.715452947985641e-06,0.6224383336025219,3.528830097847726,0.062243833360252195,0.3528830097847726,1.8170570240856836,0.5558842904105593,0.55669,-0.9978322113807053,-1.000495,-0.06507236006469422,-0.06997,-3.5782007644594693e-06,0.00194
953.0,1.815129329465015,4.5121805136931894e-06,0.594981454501135,3.528425593273579,0.059498145450113504,0.3528425593273579,1.8170332297827563,0.55744851712652,0.55854,-0.9978319279328983,-1.000805,-0.0650726976436516,-0.07024,-3.4250077706214294e-06,0.00195
954.0,1.8151077652411,4.319585428389607e-06,0.5689885890307048,3.5280215592256847,0.05689885890307048,0.35280215592256847,1.8170094852153909,0.558934812123694,0.5635,-0.9978317090380154,-1.00065,-0.06507225495546387,-0.069855,-3.2797788039755725e-06,0.0016649999999999998
955.0,1.8150862813239172,4.132761181919863e-06,0.5438095148967753,3.5276179946643658,0.05438095148967753,0.3527617994664366,1.816985790143352,0.5603791869768004,0.56736,-0.9978315235255935,-1.000815,-0.06507140931656594,-0.07,-3.1388220595832855e-06,0.00152
956.0,1.8150648699063499,3.950140120210938e-06,0.5192356143223843,3.5272148985533276,0.05192356143223843,0.35272148985533275,1.8169621443276847,0.5617930873063661,0.5663,-0.9978313617118666,-1.00084,-0.06507027755057845,-0.069655,-3.0009601249985226e-06,0.0021650000000000003
957.0,1.8150435257658655,3.7715854725773023e-06,0.4952470308478512,3.526812269859643,0.04952470308478512,0.3526812269859643,1.8169385475307074,0.5631773871769381,0.56297,-0.9978312231008768,-1.000565,-0.06506886545995134,-0.06962,-2.866094640659438e-06,0.00207
958.0,1.8150222454414204,3.5974812893933008e-06,0.4718923085672121,3.5264101075537395,0.047189230856721213,0.35264101075537396,1.8169149995160023,0.5645290904346685,0.55977,-0.9978311105159273,-1.000805,-0.06506713897581479,-0.069425,-2.7345208548927413e-06,0.0018449999999999999
959.0,1.8150010266225145,3.4283521210320953e-06,0.4492381996810601,3.526008410609383,0.04492381996810601,0.3526008410609383,1.8168915000484085,0.5658441424813289,0.55851,-0.9978310276502277,-1.00074,-0.06506505376805746,-0.0698,-2.6066408163327205e-06,0.001695
960.0,1.814979867750887,3.2647217780095684e-06,0.42735108140872785,3.525607178003666,0.04273510814087278,0.35256071780036663,1.8168680488940128,0.5671184808996927,0.56088,-0.9978309781600447,-1.00051,-0.06506256615610084,-0.0697,-2.48285666367258e-06,0.0018
961.0,1.8149587677725678,3.107066411876939e-06,0.40629082263343136,3.525206408716992,0.040629082263343136,0.3525206408716992,1.8168446458201428,0.5683483892892401,0.56419,-0.9978309653649199,-1.00072,-0.06505963667795989,-0.07009,-2.363535030419585e-06,0.001865
962.0,1.8149377259827644,2.9558008040664553e-06,0.3861090266748432,3.524806101733059,0.03861090266748432,0.35248061017330595,1.8168212905953585,0.569530604945296,0.56595,-0.9978309921604495,-1.000675,-0.06505623109713608,-0.06986999999999999,-2.248996511983985e-06,0.0015300000000000001
963.0,1.8149167419254175,2.811275384060912e-06,0.36684868510004504,3.5244062560388523,0.036684868510004506,0.3524406256038852,1.8167979829894445,0.5706623464806969,0.56572,-0.9978310609991041,-1.000365,-0.06505232059473762,-0.0697,-2.139513243570017e-06,0.001515
964.0,1.8148958153251342,2.673776639792811e-06,0.34854427588851034,3.5240068706246217,0.03485442758885104,0.3524006870624622,1.8167747227734015,0.5717413156591175,0.56302,-0.9978311738923235,-1.000735,-0.06504788171030489,-0.06934,-2.0353090535820403e-06,0.00186
981.0,1.814548890493744,1.4327117085828338e-06,0.18352687373683635,3.5172867785305897,0.018352687373683636,0.35172867785305895,1.8163863335915393,0.5817730936577795,0.59768,-0.9978399967876502,-0.9998499999999999,-0.06489018605739887,-0.069175,-1.0929041522191606e-06,0.001585
982.0,1.8145290072885865,1.414419162731792e-06,0.18099913852280342,3.5168955091334833,0.018099913852280342,0.3516895509133483,1.816363888576216,0.5819476346451808,0.58743,-0.9978408544173755,-1.00042,-0.06487690023626531,-0.069555,-1.0790010641449093e-06,0.00162
983.0,1.8145091824119561,1.4003579319528675e-06,0.17901746455419426,3.5165046814341125,0.017901746455419427,0.3516504681434113,1.8163414868209926,0.5820901919405599,0.58042,-0.9978417369435624,-1.00022,-0.06486332198891052,-0.06931,-1.0683183741885764e-06,0.0013449999999999998
984.0,1.8144894157613929,1.3901837440075148e-06,0.17753622102902286,3.5161142944852757,0.017753622102902288,0.3516114294485276,1.8163191281196513,0.5822034163271074,0.57885,-0.9978426420193814,-1.00037,-0.06484947936685785,-0.069575,-1.0605945396597271e-06,0.001325
985.0,1.8144697072099891,1.383553043831446e-06,0.17651005394325556,3.5157243473427613,0.017651005394325556,0.35157243473427613,1.8162968122670402,0.5822899492468285,0.58025,-0.997843567311654,-1.000635,-0.0648354002521837,-0.06953000000000001,-1.055568407322417e-06,0.0015899999999999998
986.0,1.8144500566071744,1.380124997382177e-06,0.17589414007348805,3.515334839065338,0.017589414007348803,0.3515334839065338,1.816274539059065,0.5823524066021314,0.58025,-0.9978445105149816,-1.00045,-0.06482111219320469,-0.069445,-1.0529807667797131e-06,0.001545
987.0,1.814430463779644,1.3795633101678256e-06,0.17564441582108442,3.514945768714742,0.017564441582108445,0.3514945768714742,1.8162523082926851,0.582393364156273,0.57936,-0.997845469364417,-1.000275,-0.0648066422569135,-0.06977,-1.0525757602882896e-06,0.0015
988.0,1.8144109285323966,1.3815378659770363e-06,0.17571778179795858,3.514557135355659,0.01757177817979586,0.35145571353556593,1.816230119765904,0.5824153444898261,0.57953,-0.9978464416467294,-1.00045,-0.06479201689758997,-0.06947,-1.054102153049789e-06,0.001415
989.0,1.8143914506498604,1.3857261925434388e-06,0.17607228418125065,3.5141689380557217,0.017607228418125065,0.3514168938055722,1.816207973277766,0.5824208054567326,0.5803,-0.9978474252103124,-1.00039,-0.06477726184091848,-0.069535,-1.0573144689145593e-06,0.00124
990.0,1.8143720298970876,1.3918147617949165e-06,0.17666727397223186,3.513781175885489,0.017666727397223185,0.35137811758854887,1.8161858686283472,0.5824121300729399,0.58096,-0.9978484179738055,-1.00082,-0.06476240198284529,-0.06933500000000001,-1.061973997380364e-06,0.00165
991.0,1.8143526660209925,1.3995001329852217e-06,0.17746354536768155,3.513393847918439,0.017746354536768157,0.3513393847918439,1.8161638056187501,0.5823916177628294,0.5815,-0.997849417933501,-1.000745,-0.06474746130235338,-0.069525,-1.0678496781999703e-06,0.0016099999999999999
992.0,1.8143333587516255,1.408489947412377e-06,0.17842345449378216,3.5130069532309522,0.017842345449378214,0.3513006953230952,1.8161417840510974,0.5823614768833628,0.57969,-0.9978504231696073,-1.000015,-0.06473246278729719,-0.06964999999999999,-1.0747188703810796e-06,0.001315
993.0,1.8143141078034604,1.4185037836253144e-06,0.17951101976743658,3.5126204909023055,0.01795110197674366,0.35126204909023057,1.8161198037285256,0.582323818442882,0.57901,-0.9978514318514488,-1.0002,-0.06471742837242245,-0.069765,-1.0823680124979042e-06,0.0012799999999999999
994.0,1.814294912876692,1.4292738820378797e-06,0.1806920051419705,3.512234460014657,0.01806920051419705,0.35122344600146566,1.8160978644551786,0.5822806509303261,0.57945,-0.9978524422416826,-1.000155,-0.06470237888869437,-0.06944,-1.0905931813288279e-06,0.001435
995.0,1.8142757736585287,1.4405457477381228e-06,0.18193398746750156,3.511848859653032,0.018193398746750158,0.3511848859653032,1.8160759660362016,0.5822338761711897,0.57948,-0.9978534526996056,-0.99994,-0.06468733402307536,-0.068915,-1.0992005557257804e-06,0.0018149999999999998
996.0,1.814256689824472,1.4520786400295588e-06,0.18320640915467948,3.511463688905314,0.018320640915467947,0.3511463688905314,1.8160541082777342,0.5821852861283524,0.58039,-0.9978544616836289,-1.0,-0.06467231228791309,-0.06895499999999999,-1.108006792463583e-06,0.0017850000000000001
997.0,1.8142376610395812,1.4636459568975529e-06,0.1844806172776632,3.5110789468622325,0.01844806172776632,0.3511078946862233,1.816032290986906,0.5821365605688279,0.57974,-0.9978554677529949,-0.99994,-0.06465733099914589,-0.06942000000000001,-1.1168393205638029e-06,0.00129
998.0,1.8142186869597108,1.4750355221833826e-06,0.18572989019139477,3.5106946326173536,0.018572989019139476,0.3510694632617353,1.8160105139718288,0.5820892655211589,0.5769,-0.9978564695687984,-1.00023,-0.06464240626255534,-0.068995,-1.1255365602607933e-06,0.001375
999.0,1.814199767232721,1.4860497827941254e-06,0.18692945267246175,3.51031074526706,0.018692945267246172,0.351031074526706,1.815988777041591,0.5820448524524552,0.57708,-0.9978574658943847,-1.00016,-0.06462755296735959,-0.06908500000000001,-1.1339480724390644e-06,0.0012850000000000001
1000.0,1.8141809014996568,1.4965059227984294e-06,0.18805648052468638,3.509927283910551,0.01880564805246864,0.3509927283910551,1.8159670800062528,0.5820046580986563,0.57854,-0.9978584555951813,-1.000145,-0.06461278478647856,-0.06917,-1.1419346439938515e-06,0.001245
1002.5,1.8141339709865851,1.5191379769246871e-06,0.19042444720581975,3.5089704883557875,0.019042444720581975,0.35089704883557876,1.8159130107202972,0.5819303726583571,0.5887,-0.9978608943298919,-0.99373,-0.06457631555279743,-0.067745,-1.1592298194759246e-06,0.00216
1005.0,1.8140873698436093,1.5350468034172907e-06,0.191939970568448,3.5080163357019516,0.0191939970568448,0.35080163357019517,1.8158591866723446,0.5819058178763404,0.58839,-0.9978632720404234,-0.996365,-0.064540615245976,-0.06873,-1.1714056629815322e-06,0.001355
1007.5,1.8140410921916306,1.5425673514721555e-06,0.1924017174809881,3.5070648121015098,0.019240171748098812,0.35070648121015097,1.8158056049726432,0.5819427839237833,0.58777,-0.9978655790188057,-0.998715,-0.06450580149692446,-0.06917000000000001,-1.1771939136431375e-06,0.000785
1010.0,1.81399513216379,1.5405677221843664e-06,0.1916766827078007,3.5061159038136185,0.019167668270780067,0.35061159038136186,1.8157522627677736,0.5820490777267722,0.58905,-0.9978678090336387,-0.9931,-0.06447195009168645,-0.0681,-1.1757318034221075e-06,0.000755
1012.5,1.8139494839854287,1.5284116163265486e-06,0.18969468466223355,3.505169597203038,0.018969468466223355,0.35051695972030383,1.8156991572400958,0.5822288529279532,0.58899,-0.9978699590212313,-0.995985,-0.06443909856449224,-0.06826,-1.1665333368634431e-06,0.000965
1015.0,1.8139041420428115,1.5059121545705166e-06,0.18644187435469212,3.504225878739065,0.018644187435469212,0.3504225878739065,1.8156462856072118,0.5824829921298942,0.5882,-0.9978720287350837,-1.00285,-0.0644072503313799,-0.069,-1.1494541142064894e-06,0.0012799999999999999
1017.5,1.8138591009403076,1.4732790145425217e-06,0.1819535146447094,3.5032847349944727,0.018195351464470943,0.3503284734994473,1.8155936451214334,0.5828095264672678,0.58698,-0.9978740203668557,-0.9975350000000001,-0.06437637920637142,-0.068245,-1.1246511774619299e-06,0.001245
1020.0,1.8138143555458504,1.4310607613330282e-06,0.1763062735154689,3.50234615264447,0.01763062735154689,0.350234615264447,1.8155412330692615,0.583204079208592,0.58423,-0.9978759381503343,-0.9966649999999999,-0.06434643415752532,-0.06783,-1.0925392885514262e-06,0.001105
1022.5,1.8137699010246275,1.38008423733828e-06,0.16961026900174134,3.5014101184656723,0.016961026900174134,0.35014101184656726,1.8154890467708735,0.583660320979928,0.5798,-0.9978777879589936,-1.000495,-0.0643173441685419,-0.067755,-1.0537450283635868e-06,0.000845
1025.0,1.8137257328611822,1.3213928754501953e-06,0.16200109853737468,3.50047661933508,0.01620010985373747,0.350047661933508,1.8154370835796205,0.5841704247040957,0.57929,-0.9978795769071996,-0.9991699999999999,-0.06428902307683985,-0.06773,-1.0090600990042375e-06,0.001145
1027.5,1.813681846870351,1.2561857670037838e-06,0.15363207696985484,3.499545642229077,0.015363207696985483,0.3499545642229077,1.8153853408815321,0.5847255087878546,0.5784,-0.9978813129646392,-0.998015,-0.06426137426433762,-0.06754,-9.593951875582518e-07,0.0013700000000000001
1030.0,1.8136382391977544,1.1857592256385893e-06,0.14466689212398112,3.4986171742224372,0.014466689212398113,0.3498617174222437,1.8153338160948316,0.5853160577164471,0.57559,-0.9978830045929727,-0.9985900000000001,-0.06423429508504765,-0.06699,-9.05735686505865e-07,0.00132
1032.5,1.8135949063108494,1.1114524275206497e-06,0.13527286319083448,3.497691202487345,0.013527286319083448,0.3497691202487345,1.8152825066694571,0.5859323101864381,0.57862,-0.9978846604128185,-0.99753,-0.06420768092545077,-0.06731000000000001,-8.491004523699595e-07,0.0012850000000000001
1035.0,1.8135518449817907,1.0345984775859578e-06,0.12561495561736152,3.4967677142924276,0.012561495561736151,0.34967677142924275,1.815231410086594,0.586564606287367,0.58344,-0.9978862889079925,-0.996185,-0.06418142880985359,-0.06785,-7.905046187027317e-07,0.00126
1037.5,1.8135090522635642,9.564819617494287e-07,0.11585066811848323,3.495846697001799,0.011585066811848323,0.34958466970017993,1.8151805238582128,0.587203687010741,0.58694,-0.9978878981723622,-0.99631,-0.06415544048321817,-0.067995,-7.309272691666251e-07,0.0011949999999999999
1040.0,1.813466525460983,8.783037150060768e-07,0.106125865333989,3.4949281380741133,0.0106125865333989,0.3494928138074113,1.8151298455266158,0.5878409414374042,0.58809,-0.9978894957029245,-0.999065,-0.06412962492712691,-0.068035,-6.712845340053387e-07,0.00104
1042.5,1.8134242620981822,8.01153187643421e-07,0.09657158632904045,3.4940120250616356,0.009657158632904044,0.3494012025061636,1.8150793726639924,0.5884685992033677,0.58755,-0.9978910882407649,-1.00369,-0.06410390028915114,-0.068,-6.124084151145964e-07,0.000825
1045.0,1.813382259884221,7.25988449701917e-07,0.08730181742295062,3.493098345609319,0.008730181742295062,0.34930983456093195,1.8150291028719807,0.5890798681209689,0.58919,-0.997892681659618,-0.99952,-0.06407819523030647,-0.067675,-5.550313883929309e-07,0.0007
1047.5,1.8133405166783025,6.536235586754014e-07,0.07841218024430961,3.4921870874538956,0.007841218024430961,0.34921870874538957,1.8149790337812386,0.5896690189870183,0.59011,-0.9978942808999424,-0.996895,-0.06405244971784135,-0.06753999999999999,-4.997765933423288e-07,0.0007
1050.0,1.8132990304559409,5.847227445757842e-07,0.06997945442842457,3.491278238422976,0.0069979454428424565,0.3491278238422976,1.814929163051019,0.5902314215092743,0.59002,-0.9978958899448002,-0.996435,-0.06402661531002755,-0.06767999999999999,-4.47153212629252e-07,0.00087
1052.5,1.8132577992772065,5.198006520864944e-07,0.0620618303059806,3.4903717864341632,0.00620618303059806,0.3490371786434163,1.8148794883687547,0.5907635368235414,0.59145,-0.9978975118325762,-0.999465,-0.06400065499486578,-0.067685,-3.975564781678627e-07,0.001055
1055.0,1.813216821257928,4.5922772821607443e-07,0.05469977089244927,3.4894677194941752,0.005469977089244927,0.34894677194941753,1.8148300074496506,0.5912628731890822,0.59279,-0.9978991487006645,-1.001525,-0.0639745426551577,-0.067565,-3.5127162118145325e-07,0.0011350000000000002
1057.5,1.8131760945444817,4.0323975688853763e-07,0.04791735443503977,3.4885660256979745,0.004791735443503977,0.34885660256979745,1.814780718036281,0.5917279121125738,0.59311,-0.9979008018537359,-0.9989950000000001,-0.06394826223805046,-0.06715,-3.084810131158673e-07,0.00091
1060.0,1.813135617292547,3.519505158461239e-07,0.04172396811355927,3.4876666932279177,0.004172396811355928,0.34876666932279177,1.8147316178981945,0.5921580123704113,0.59389,-0.997902471850081,-1.000415,-0.06392180670819923,-0.067435,-2.6927372024835024e-07,0.0009350000000000001
1062.5,1.8130953876499816,3.053665589883374e-07,0.03611622920921431,3.4867697103529065,0.003611622920921431,0.34867697103529066,1.814682704831527,0.5925532992173799,0.59467,-0.9979041585997377,-1.002815,-0.06389517686067643,-0.06794,-2.336567123509906e-07,0.00108
1065.0,1.813055403743766,2.634031991950439e-07,0.031080020864721083,3.4858750654275537,0.003108002086472108,0.34858750654275533,1.814633976658618,0.5929145455517381,0.59384,-0.9979058614686035,-0.9986,-0.0638683800634035,-0.067545,-2.015670177495598e-07,0.00133
1067.5,1.8130156636707957,2.25900871773645e-07,0.026592544045100253,3.4849827468913532,0.0026592544045100255,0.3484982746891353,1.814585431227636,0.5932430510322796,0.5945,-0.9979075793834457,-0.9976849999999999,-0.06384142899011673,-0.067355,-1.728841953274252e-07,0.00132
1070.0,1.8129761654921848,1.926411856102533e-07,0.02262430405577568,3.484092743267872,0.0022624304055775682,0.3484092743267872,1.8145370664122098,0.5935405241974029,0.59645,-0.9979093109335759,-0.999565,-0.06381434039458901,-0.067335,-1.4744258966696584e-07,0.00108
1072.5,1.8129369072306454,1.633621071373307e-07,0.01914096767021303,3.483205043163935,0.001914096767021303,0.3483205043163935,1.814488880111065,0.5938089716026279,0.59478,-0.9979110544658472,-0.99809,-0.06378713396582819,-0.06723,-1.2504294049391212e-07,0.0014399999999999999
1075.0,1.8128978868704584,1.3777186183344807e-07,0.01610504442818041,3.4823196352688357,0.001610504442818041,0.34823196352688357,1.8144408702476669,0.5940505969461213,0.59392,-0.9979128081705549,-0.998295,-0.06375983129306517,-0.06725,-1.0546302423231187e-07,0.0014
1077.5,1.8128591023595362,1.1556127128922365e-07,0.013477362075980404,3.481436508353546,0.0013477362075980403,0.3481436508353546,1.8143930347698698,0.5942677121535073,0.59456,-0.9979145701566811,-1.00137,-0.06373245495907671,-0.06748,-8.846710781859352e-08,0.0006850000000000001
1080.0,1.8128205516130829,9.64143649372103e-08,0.011218320762491303,3.480555651269937,0.0011218320762491302,0.3480555651269937,1.8143453716495719,0.594462661490607,0.59331,-0.9979163385156856,-0.999155,-0.06370502777121788,-0.06720999999999999,-7.381408810325476e-08,0.0008550000000000001
1082.5,1.8127822325183904,8.001721029635532e-08,0.009288923049525336,3.4796770529500156,0.0009288923049525337,0.34796770529500154,1.8142978788823747,0.5946377589973616,0.59226,-0.9979181113737033,-0.997,-0.06367757213176646,-0.06703,-6.126427095219382e-08,0.00104
1085.0,1.812744142940355,6.606499176212399e-08,0.0076515868305754445,3.478800702405159,0.0007651586830575445,0.3478800702405159,1.8142505544872511,0.5947952389049836,0.59316,-0.9979198869325359,-0.9987600000000001,-0.06365010954291406,-0.06748,-5.05848108963062e-08,0.0006050000000000001
1087.5,1.8127062807273489,5.426743488583417e-08,0.006270755853480426,3.4779265887253685,0.0006270755853480425,0.34779265887253685,1.8142033965062145,0.5949372182158101,0.59281,-0.9979216635002197,-0.9989600000000001,-0.06362266023701935,-0.067675,-4.1553883908875255e-08,0.000835
1090.0,1.8126686437171577,4.435272131236223e-08,0.005113327832720463,3.4770547010785258,0.0005113327832720463,0.3477054701078526,1.8141564030039976,0.595065670285622,0.5919,-0.9979234395122312,-0.9983899999999999,-0.06359524291948432,-0.067695,-3.396370345234179e-08,0.0013249999999999998
1092.5,1.8126312297427365,3.6070070622620654e-08,0.004148923345811993,3.476185028709659,0.0004148923345811993,0.3476185028709659,1.8141095720677336,0.5951824080380923,0.59147,-0.9979252135445412,-0.997575,-0.0635678746096608,-0.067295,-2.7622514058900606e-08,0.001085
1095.0,1.8125940366376128,2.9191181440353802e-08,0.0033500201337944187,3.475317560940222,0.0003350020133794419,0.3475317560940222,1.814062901806644,0.5952890753425851,0.59082,-0.9979269843198191,-0.99712,-0.06354057056435893,-0.066915,-2.2355709492567538e-08,0.0011250000000000001
1097.5,1.812557062240811,2.3510727854991957e-08,0.0026919773999012904,3.4744522871673724,0.000269197739990129,0.3474452287167373,1.8140163903517315,0.5953871450792853,0.58999,-0.9979287507080572,-0.9969950000000001,-0.06351334426861166,-0.06656,-1.8006225446316054e-08,0.00141
1100.0,1.8125203044012186,1.884610114327221e-08,0.002152973560018697,3.47358919686327,0.0002152973560018697,0.34735891968632704,1.813970035855476,0.595477922478542,0.59051,-0.9979305117228421,-0.9995350000000001,-0.06348620747910272,-0.06668,-1.443435239629977e-08,0.001245
1102.5,1.812483760981363,1.5036573525076578e-08,0.001713878963139895,3.472728279574374,0.0001713878963139895,0.3472728279574374,1.8139238364915387,0.5955625524345285,0.59035,-0.9979322665143741,-1.000015,-0.06345917030692655,-0.06678,-1.1517104043317781e-08,0.001105
1105.0,1.8124474298605884,1.1942042629447267e-08,0.001358082656779282,3.471869524920749,0.00013580826567792818,0.3471869524920749,1.8138777904544683,0.5956420296387285,0.58896,-0.9979340143602262,-0.99693,-0.06343224132789675,-0.06679,-9.147263093914158e-09,0.00105
1107.5,1.8124113089376581,9.441494532644766e-09,0.001071289566145914,3.4710129225953885,0.00010712895661459141,0.34710129225953884,1.813831895959413,0.5957172105411773,0.59002,-0.9979357546546694,-0.997735,-0.0634054277103343,-0.066725,-7.232210140734731e-09,0.001015
1110.0,1.8123753961328164,7.431301362971654e-09,0.0008413016853522006,3.470158462363533,8.413016853522006e-05,0.3470158462363533,1.8137861512418378,0.5957888263143469,0.59091,-0.9979374868972569,-0.998805,-0.06337873535200168,-0.06664,-5.692624686270118e-09,0.0010249999999999999
1112.5,1.8123396893893593,5.823447880120184e-09,0.0006577941960898382,3.469306134062004,6.577941960898383e-05,0.3469306134062004,1.813740554557244,0.5958574961566157,0.58946,-0.997939210681226,-0.99783,-0.0633521690195261,-0.06653,-4.461130815804878e-09,0.00114
1115.0,1.812304186674776,4.543761110010384e-09,0.0005120949425246862,3.468455927598547,5.120949425246862e-05,0.34684559275985466,1.8136951041808964,0.5959237404226461,0.58994,-0.997940925682125,-0.9987299999999999,-0.06332573248520519,-0.06678,-3.480944386243176e-09,0.00108
1117.5,1.812268885981513,3.530198709963114e-09,0.00039697347053001465,3.467607832951172,3.9697347053001466e-05,0.3467607832951172,1.8136497984075521,0.5959879932024248,0.59119,-0.9979426316469859,-1.000185,-0.0632994286574497,-0.06714500000000001,-2.70456455308882e-09,0.000945
1120.0,1.8122337853274222,2.7312356401140535e-09,0.0003064439222216045,3.4667618401675173,3.064439222216045e-05,0.3466761840167517,1.8136046355511959,0.5960506140867871,0.59083,-0.9979443283842483,-0.99817,-0.06327325970231314,-0.066805,-2.0925400628146443e-09,0.001015
1122.5,1.8121988827559514,2.1043750881255975e-09,0.0002355844745568909,3.465917939364203,2.3558447455689092e-05,0.3465917939364203,1.8135596139447772,0.5961118989542974,0.59098,-0.9979460157545559,-0.99739,-0.06324722715452583,-0.06674,-1.6123302523691777e-09,0.0009450000000000001
1125.0,1.8121641763361223,1.614798425800179e-09,0.00018037471543190062,3.465076120726205,1.803747154319006e-05,0.3465076120726205,1.8135147319399536,0.5961720896928523,0.59157,-0.9979476936624986,-0.9976799999999999,-0.06322133201725752,-0.0669,-1.2372722058246856e-09,0.00075
1127.5,1.8121296641623457,1.2341601333845666e-09,0.0001375513404308418,3.464236374506233,1.3755134043084181e-05,0.34642363745062327,1.813469987906838,0.5962313828306056,0.59238,-0.9979493620493085,-0.998275,-0.06319557485042925,-0.0669,-9.456586678095677e-10,0.0006850000000000001
1130.0,1.812095344354113,9.395268925097069e-10,0.00010448179764101035,3.46339869102411,1.0448179764101034e-05,0.346339869102411,1.8134253802337483,0.596289937096668,0.59287,-0.9979510208864784,-0.9989699999999999,-0.06316995584786274,-0.06686,-7.199261403363728e-10,0.00075
1132.5,1.8120612150555966,7.124551565953466e-10,7.905497168996404e-05,3.4625630606661653,7.905497168996403e-06,0.3462563060666165,1.8133809073269624,0.5963478799646146,0.59286,-0.9979526701702625,-0.999825,-0.06314447490387118,-0.06677,-5.459488846944461e-10,0.001015
1135.0,1.812027274435187,5.381981735219484e-10,5.958764504359464e-05,3.461729473884631,5.9587645043594634e-06,0.3461729473884631,1.8133365676104767,0.5964053132533331,0.59273,-0.9979543099169822,-0.999005,-0.06311913167010307,-0.06662000000000001,-4.124319374140827e-10,0.001145
1137.5,1.8119935206849926,4.050313766646151e-10,4.474526935922339e-05,3.460897921197049,4.4745269359223385e-06,0.3460897921197049,1.8132923595257686,0.5964623178723241,0.59282,-0.9979559401590624,-0.99846,-0.06309392560356936,-0.06653,-3.103946738060234e-10,0.001235
1140.0,1.811959952020314,3.036840110614573e-10,3.347548976011775e-05,3.4600683931856766,3.347548976011775e-06,0.3460068393185676,1.8132482815315616,0.5965189578041502,0.59361,-0.9979575609417163,-0.9997,-0.06306885600683539,-0.06662,-2.3273567203577163e-10,0.001275
1142.5,1.811926566679116,2.268645820432048e-10,2.4952861419926514e-05,3.45924088049691,2.4952861419926515e-06,0.345924088049691,1.8132043321035964,0.5965752834171024,0.59367,-0.9979591723201983,-0.99931,-0.06304392206134983,-0.06670999999999999,-1.7386936767958106e-10,0.0011350000000000002
1145.0,1.811893362921498,1.68867996190899e-10,1.853325611387799e-05,3.458415373840704,1.8533256113877992e-06,0.3458415373840704,1.8131605097344026,0.596631334197791,0.59353,-0.997960774357545,-0.9984199999999999,-0.06301912285484564,-0.06675500000000001,-1.2942524457831532e-10,0.00095
1147.5,1.8118603390291774,1.2525293453224232e-10,1.3716555955278632e-05,3.457591863990004,1.3716555955278632e-06,0.3457591863990004,1.8131168129330766,0.5966871409874723,0.59433,-0.9979623671227362,-0.998945,-0.06299445740368308,-0.06652,-9.600077449731891e-11,0.00101
1150.0,1.8118274933049885,9.257891367935364e-11,1.0116356003213253e-05,3.456770341780181,1.0116356003213253e-06,0.3456770341780181,1.8130732402250602,0.5967427277985619,0.5945,-0.9979639506892044,-0.999625,-0.06296992467092034,-0.06642999999999999,-7.096006819026832e-11,0.00101
1152.5,1.8117948240724,6.819354075929973e-11,7.435534114418816e-06,3.45595079810848,7.435534114418817e-07,0.34559507981084797,1.8130297901519268,0.596798113279622,0.5942,-0.9979655251336439,-1.00041,-0.0629455235808193,-0.06645999999999999,-5.2270930099824956e-11,0.0009599999999999999
1155.0,1.8117623296750551,5.006156809191923e-11,5.446685871679952e-06,3.455133223933461,5.446685871679952e-07,0.34551332239334615,1.812986461271166,0.596853311888807,0.59528,-0.9979670905350558,-0.999535,-0.06292125303039993,-0.066305,-3.8373940286731334e-11,0.00098
1157.5,1.8117300084763306,3.6628442355085256e-11,3.976557940913108e-06,3.4543176102744635,3.976557940913108e-07,0.3454317610274463,1.812943252155974,0.5969083348276517,0.59538,-0.9979686469740003,-0.998285,-0.06289711189857222,-0.06626499999999999,-2.8077942945515933e-11,0.000925
1160.0,1.8116978588589217,2.671207833813727e-11,2.893740312731279e-06,3.453503948211058,2.893740312731279e-07,0.3453503948211058,1.812900161395049,0.5969631907794957,0.59421,-0.997970194532006,-0.996545,-0.06287309905330117,-0.06639,-2.0477140856528722e-11,0.000785
1162.5,1.8116658792244438,1.9417542588383928e-11,2.0989938631031013e-06,3.4526922288825213,2.0989938631031014e-07,0.3452692228882521,1.8128571875923858,0.5970178864898877,0.59428,-0.9979717332911102,-0.99807,-0.06284921335718223,-0.066335,-1.4885748963700948e-11,0.00092
1165.0,1.8116340679930591,1.4070192500932316e-11,1.5176931637947869e-06,3.451882443487304,1.517693163794787e-07,0.3451882443487304,1.812814329367076,0.5970724272201525,0.5944,-0.9979732633335056,-0.9989899999999999,-0.06282545367174738,-0.066225,-1.0786762979076445e-11,0.0010149999999999998
1167.5,1.8116024236031174,1.0163575808663848e-11,1.0939551210176028e-06,3.451074583282514,1.0939551210176027e-07,0.3451074583282514,1.8127715853531114,0.5971268170998265,0.59417,-0.9979747847412697,-0.99742,-0.06280181886075768,-0.06606000000000001,-7.79205974827418e-12,0.000905
1170.0,1.8115709445108181,7.319054508605813e-12,7.861021495883512e-07,3.450268639583398,7.861021495883512e-08,0.3450268639583398,1.8127289541991891,0.597181059399052,0.59456,-0.9979762975961577,-0.998105,-0.0627783077927018,-0.066095,-5.611451123644253e-12,0.0009
1172.5,1.811539629189888,5.254680854420762e-12,5.631749857298833e-07,3.449464603762831,5.6317498572988335e-08,0.3449464603762831,1.8126864345685203,0.5972351567379832,0.59486,-0.9979778019794511,-0.99934,-0.06275491934266737,-0.066185,-4.028849267862023e-12,0.0009
1175.0,1.8115084761312714,3.761328697170127e-12,4.022659609452302e-07,3.448662467250814,4.022659609452302e-08,0.3448662467250814,1.8126440251386424,0.5972891112469659,0.59371,-0.9979792979718396,-0.99953,-0.06273165239372487,-0.06620000000000001,-2.8839684322762815e-12,0.00076
1177.5,1.8114774838428376,2.684480176974785e-12,2.864897903249736e-07,3.447862221533974,2.8648979032497363e-08,0.34478622215339744,1.8126017246012334,0.5973429246884536,0.59349,-0.9979807856533419,-0.99926,-0.06270850583793718,-0.0662,-2.0583717591393757e-12,0.0008
1180.0,1.8114466508490983,1.91039511966688e-12,2.0344689062370385e-07,3.4470638581550723,2.0344689062370386e-08,0.3447063858155072,1.8125595316619283,0.5973965985493614,0.5938,-0.9979822651032441,-0.99875,-0.06268547857707958,-0.06619,-1.4648769928976457e-12,0.0009400000000000001
1182.5,1.8114159756909367,1.3556579531104773e-12,1.4406511852084404e-07,3.4462673687125136,1.4406511852084404e-08,0.3446267368712514,1.8125174450401402,0.5974501341106989,0.59341,-0.9979837364000583,-0.99864,-0.06266256952313758,-0.066235,-1.0395429428263912e-12,0.00089
1185.0,1.8113854569253482,9.593134985291615e-13,1.017307085052738e-07,3.4454727448598637,1.017307085052738e-08,0.3445472744859864,1.8124754634688824,0.5975035324998419,0.59352,-0.9979851996214967,-0.99874,-0.06263977759863791,-0.06616,-7.356421309152066e-13,0.0008650000000000001
1187.5,1.8113550931251878,6.769768215450203e-13,7.163908746834203e-08,3.4446799783053756,7.163908746834203e-09,0.34446799783053755,1.8124335856945946,0.5975567947296008,0.59413,-0.9979866548444515,-0.999045,-0.06261710173685456,-0.06598000000000001,-5.19152283117472e-13,0.00087
1190.0,1.8113248828789292,4.764407616362894e-13,5.031202677738799e-08,3.4438890608115114,5.0312026777387985e-09,0.34438890608115114,1.8123918104769696,0.5976099217272925,0.59337,-0.9979881021449882,-0.997745,-0.06259454088191983,-0.06589,-3.653787838281932e-13,0.000825
1192.5,1.8112948247904295,3.344141794749692e-13,3.524002111513029e-08,3.4430999841944785,3.524002111513029e-09,0.3443099984194478,1.8123501365887846,0.5976629143563001,0.59316,-0.997989541598342,-0.9974350000000001,-0.06257209398886383,-0.065805,-2.5646864048993145e-13,0.0007250000000000001
1195.0,1.8112649174787008,2.3410983737990024e-13,2.4618501932913664e-08,3.442312740323765,2.461850193291366e-09,0.3442312740323765,1.812308562815735,0.5977157734319847,0.594,-0.9979909732789145,-0.9988950000000001,-0.06254976002360646,-0.065715,-1.7954764319099396e-13,0.0005250000000000001
1197.5,1.8112351595776914,1.6346777220944013e-13,1.7154042664613506e-08,3.441527321121687,1.7154042664613506e-09,0.3441527321121687,1.8122670879562683,0.5977684997333977,0.59354,-0.9979923972602827,-0.9989950000000001,-0.06252753796290816,-0.06587,-1.2537358088430938e-13,0.000655
1200.0,1.811205549736069,1.1385187185021769e-13,1.1922540140069682e-08,3.440743718562928,1.1922540140069681e-09,0.3440743718562928,1.8122257108214241,0.5978210940118671,0.59324,-0.9979938136152,-0.9990699999999999,-0.06250542679429602,-0.065965,-8.732334511369815e-14,0.000825
1202.5,1.8111760866170123,7.90972829165462e-14,8.265827623435675e-09,3.4399619246740984,8.265827623435675e-10,0.34399619246740987,1.8121844302346728,0.5978735569972741,0.59413,-0.997995222415607,-0.9998800000000001,-0.06248342551597082,-0.06578,-6.066899237269013e-14,0.000915
1205.0,1.811146768898008,5.4816825759867563e-14,5.716585463910761e-09,3.439181931533286,5.716585463910762e-10,0.3439181931533286,1.812143245031759,0.5979258894026241,0.59403,-0.997996623732639,-0.9990749999999999,-0.06246153313670132,-0.065685,-4.204693966656242e-14,0.000895
1207.5,1.8111175952706497,3.789784063032682e-14,3.9440025742824514e-09,3.438403731269626,3.944002574282452e-10,0.3438403731269626,1.812102154060547,0.5979780919273775,0.59379,-0.9979980176366327,-0.9978799999999999,-0.06243974867570504,-0.06564,-2.906992230098371e-14,0.0008500000000000001
1210.0,1.8110885644404453,2.6138485087153164e-14,2.7145941396947688e-09,3.437627316062857,2.714594139694769e-10,0.34376273160628573,1.8120611561808677,0.5980301652598602,0.59499,-0.9979994041971397,-0.9982150000000001,-0.062418071162532604,-0.06566,-2.0050447210457533e-14,0.00091
1212.5,1.8110596751266261,1.7985752129321558e-14,1.864046408536531e-09,3.436852678142901,1.8640464085365307e-10,0.3436852678142901,1.8120202502643683,0.5980821100790152,0.59455,-0.9980007834829351,-0.99851,-0.06239649963693939,-0.06559000000000001,-1.3797318050608701e-14,0.00092
1215.0,1.8110309260619608,1.2347404808670352e-14,1.2770540325207593e-09,3.4360798097894327,1.2770540325207593e-10,0.34360798097894324,1.8119794351943643,0.5981339270556689,0.59317,-0.9980021555620257,-0.998715,-0.062375033148760924,-0.06547,-9.47265417319426e-15,0.000885
1217.5,1.8110023159925743,8.457423740615571e-15,8.729291266304324e-10,3.4353087033314624,8.729291266304325e-11,0.3435308703331463,1.8119387098656927,0.5981856168534568,0.59544,-0.9980035205016623,-0.99706,-0.0623536707577855,-0.065365,-6.488167431601242e-15,0.00082
1220.0,1.8109738436777691,5.78005572400145e-15,5.953632983561504e-10,3.4345393511469187,5.953632983561504e-11,0.34345393511469186,1.8118980731845695,0.598237180129489,0.59598,-0.9980048783683503,-0.9974049999999999,-0.06233241153362879,-0.065375,-4.434498834108422e-15,0.0008799999999999999
1222.5,1.8109455078898486,3.941608499473736e-15,4.051673883116164e-10,3.4337717456622374,4.0516738831161636e-11,0.34337717456622374,1.811857524068447,0.5982886175348413,0.59471,-0.9980062292278568,-0.99986,-0.06231125455560648,-0.0655,-3.023803661472024e-15,0.00107
1225.0,1.8109173074139489,2.6821203034798747e-15,2.7513892053735187e-10,3.433005879351956,2.7513892053735186e-11,0.3433005879351956,1.811817061445873,0.5983399297149171,0.59537,-0.9980075731452238,-0.99949,-0.06229019891261127,-0.06551,-2.0573627869519817e-15,0.001265
1227.5,1.810889241047868,1.8212178653110617e-15,1.8644479564147346e-10,3.432241744738308,1.8644479564147347e-11,0.3432241744738308,1.8117766842563563,0.5983911173097172,0.59562,-0.9980089101847762,-0.9992300000000001,-0.06226924370298923,-0.065555,-1.3973551516936096e-15,0.00121
1230.0,1.8108613076019022,1.2340700040310961e-15,1.2607952060746725e-10,3.4314793343908248,1.2607952060746725e-11,0.34314793343908245,1.8117363914502267,0.5984421809540434,0.59492,-0.998010240410132,-0.999525,-0.06224838803441917,-0.065675,-9.476125097299662e-16,0.00074
1232.5,1.8108335058986826,8.345014569735658e-16,8.508441855215036e-11,3.430718640925943,8.508441855215036e-12,0.3430718640925943,1.8116961819885051,0.598493121277655,0.59575,-0.9980115638842114,-1.000005,-0.06222763102379186,-0.065535,-6.406448853717793e-16,0.000785
1235.0,1.8108058347730178,5.631690412782674e-16,5.7303569969522645e-11,3.4299596570066124,5.7303569969522645e-12,0.3429959657006612,1.8116560548427696,0.598543938905394,0.59641,-0.9980128806692481,-1.000085,-0.06220697179709415,-0.06534999999999999,-4.32287862003963e-16,0.0008799999999999999
1237.5,1.8107782930717355,3.793058842178543e-16,3.851715811950519e-11,3.429202375341909,3.851715811950518e-12,0.34292023753419093,1.8116160089950253,0.5985946344572863,0.59574,-0.9980141908267959,-0.998975,-0.062186409489291564,-0.06519,-2.9003486643136407e-16,0.0007999999999999999
1240.0,1.8107508796535299,2.549729390484216e-16,2.583939071544256e-11,3.428446788686655,2.583939071544256e-12,0.34284467886866554,1.8115760434375774,0.5986452085486247,0.59634,-0.9980154944177387,-0.9989349999999999,-0.06216594324421485,-0.065275,-1.9557241905631407e-16,0.0007999999999999999
1242.5,1.8107235933888115,1.71067173162574e-16,1.7301356120013375e-11,3.427692889841037,1.7301356120013375e-12,0.3427692889841037,1.8115361571729043,0.5986956617900432,0.59703,-0.9980167915023012,-0.999145,-0.062145572214449205,-0.065385,-1.322419833026464e-16,0.000785
1245.0,1.810696433159556,1.1455697384643978e-16,1.1562774215371994e-11,3.426940671650233,1.1562774215371993e-12,0.34269406716502326,1.8114963492135336,0.5987459947875794,0.59576,-0.9980180821400553,-0.99859,-0.06212529556122171,-0.06515,-8.814891646571065e-17,0.0006150000000000001
1247.5,1.810669397859161,7.657246904522304e-17,7.71333086075205e-12,3.4261901270040425,7.71333086075205e-13,0.34261901270040424,1.8114566185819183,0.5987962081427334,0.59568,-0.9980193663899302,-0.998525,-0.06210511245429375,-0.06504,-5.914720750362869e-17,0.000745
1250.0,1.8106424863923,5.1089758317776327e-17,5.136102700953733e-12,3.4254412488365173,5.136102700953732e-13,0.34254412488365177,1.8114169643103175,0.5988463024525211,0.59623,-0.9980206443102204,-0.998745,-0.06208502207185462,-0.065025,-3.890888736116876e-17,0.0010400000000000001
1252.5,1.810615697674783,3.4026615795305456e-17,3.4139007172552184e-12,3.4246940301255995,3.4139007172552185e-13,0.34246940301255996,1.8113773854406758,0.5988962783095264,0.59559,-0.9980219159585941,-0.998975,-0.06206502360041662,-0.06526,-2.6066229874526267e-17,0.0010899999999999998
1255.0,1.8105890306334154,2.2622512231104936e-17,2.2652021746927332e-12,3.423948463892762,2.265202174692733e-13,0.3423948463892762,1.8113378810245067,0.5989461363019468,0.59547,-0.9980231813921018,-0.9992700000000001,-0.06204511623470965,-0.06525500000000001,-1.6917486862008967e-17,0.00112
1257.5,1.8105624842058636,1.5014585509355502e-17,1.5004281998532646e-12,3.4232045432026523,1.5004281998532646e-13,0.34232045432026525,1.8112984501227758,0.5989958770136394,0.59582,-0.9980244406671835,-0.999615,-0.06202529917758301,-0.06503500000000001,-1.0557321866530246e-17,0.00114
1260.0,1.810536057340518,9.948312226613724e-18,9.921760192618156e-13,3.422462261162741,9.921760192618156e-14,0.34224622611627414,1.8112590918057871,0.5990455010241694,0.595,-0.9980256938396785,-0.9981,-0.06200557163990051,-0.064975,-7.628999043863942e-18,0.001035
1262.5,1.810509748996362,6.580546160921529e-18,6.549986685389179e-13,3.4217216109229707,6.549986685389179e-14,0.34217216109229703,1.8112198051530717,0.5990950089088513,0.59498,-0.9980269409648304,-0.9977499999999999,-0.06198593284044677,-0.0649,-5.002571893825854e-18,0.000945
1265.0,1.81048355814284,4.345739668005427e-18,4.3170099021089633e-13,3.420982585675412,4.317009902108963e-14,0.3420982585675412,1.8111805892532735,0.5991444012387901,0.59603,-0.9980281820972978,-0.9990049999999999,-0.06196638200582575,-0.06478999999999999,-3.64610258620103e-18,0.00088
1267.5,1.810457483759731,2.865281521362637e-18,2.840725010802192e-13,3.4202451786539245,2.8407250108021922e-14,0.34202451786539245,1.8111414432040431,0.5991936785809274,0.59503,-0.9980294172911607,-0.999195,-0.06194691837036888,-0.06486,-1.4784046328273285e-18,0.000925
1270.0,1.810431524837019,1.8861887300105017e-18,1.8663422543259383e-13,3.4195093831338137,1.8663422543259383e-14,0.34195093831338136,1.8111023661119277,0.5992428414980792,0.59435,-0.9980306465999267,-0.99926,-0.06192754117603685,-0.06489500000000001,-1.3596980777210077e-18,0.0009699999999999999
1272.5,1.810405680374772,1.2397368522267572e-18,1.224282337867227e-13,3.418775192431499,1.2242823378672268e-14,0.3418775192431499,1.8110633570922656,0.5992918905489779,0.59484,-0.99803187007654,-0.99936,-0.061908249672331064,-0.064815,-9.42591217678782e-19,0.000995
1275.0,1.8103799493830157,8.136029225832363e-19,8.018851653417036e-14,3.4180425999041826,8.018851653417036e-15,0.34180425999041825,1.8110244152690809,0.5993408262883123,0.59395,-0.9980330877733886,-0.99885,-0.061889043116199235,-0.06475,-2.5340077239783875e-19,0.001015
1277.5,1.8103543308816155,5.331458806671851e-19,5.244390393724272e-14,3.417311598949519,5.244390393724272e-15,0.34173115989495195,1.8109855397749801,0.5993896492667672,0.59332,-0.9980342997423102,-0.998765,-0.06186992077194636,-0.06475500000000001,-7.40923640348843e-19,0.001035
1280.0,1.8103288239001554,3.488526087581949e-19,3.4248524776886855e-14,3.4165821830052923,3.4248524776886856e-15,0.3416582183005292,1.81094672975105,0.5994383600310621,0.59453,-0.9980355060346003,-1.000415,-0.061850881911146745,-0.064965,-1.8379075095694902e-19,0.00104
1282.5,1.8103034274778216,2.279354563285659e-19,2.2333890217371062e-14,3.415854345549093,2.233389021737106e-15,0.34158543455490925,1.810907984346757,0.599486959123989,0.59398,-0.9980367067010197,-0.99949,-0.06183192581255589,-0.064865,4.993039197460054e-19,0.000975
1285.0,1.810278140663287,1.4871928096548302e-19,1.45436700553562e-14,3.4151280800979986,1.4543670055356197e-15,0.3415128080097999,1.8108693027198481,0.5995354470844508,0.59317,-0.9980379017917987,-0.998005,-0.061813051762023355,-0.06467,-6.4256848776713e-20,0.0008699999999999999
1287.5,1.8102529625145969,9.689904115536563e-20,9.457625346286344e-15,3.4144033802082623,9.457625346286344e-16,0.34144033802082624,1.8108306840362527,0.5995838244475004,0.59475,-0.9980390913566465,-0.9990650000000001,-0.06179425905241139,-0.06467,4.1223592907770097e-19,0.000745
1290.0,1.8102278920990562,6.304921453668525e-20,6.141858890017276e-15,3.413680239474997,6.141858890017277e-16,0.3413680239474997,1.8107921274699859,0.5996320917443753,0.59465,-0.9980402754447566,-0.9992599999999999,-0.061775546983507075,-0.064625,-5.200739202357047e-19,0.00091
1292.5,1.8102029284931205,4.0969335498290355e-20,3.983256121435497e-15,3.412958651531866,3.983256121435497e-16,0.3412958651531866,1.810753632203054,0.599680249502534,0.59367,-0.9980414541048133,-0.999005,-0.06175691486194356,-0.06457,2.080017483302409e-19,0.00119
1295.0,1.8101780707822845,2.658692400783907e-20,2.5799315874772917e-15,3.4122386100507804,2.5799315874772917e-16,0.341223861005078,1.8107151974253595,0.5997282982456955,0.59422,-0.9980426273849986,-0.999475,-0.06173836200111516,-0.064825,1.934482161446391e-19,0.000925
1297.5,1.810153318060978,1.7231296590985794e-20,1.668862112741975e-15,3.4115201087415907,1.6688621127419752e-16,0.3411520108741591,1.8106768223346097,0.5997762384938692,0.59402,-0.9980437953329977,-0.9990399999999999,-0.06171988772110209,-0.064825,-6.565187963564804e-19,0.0007999999999999999
1300.0,1.8101286694324563,1.1153704254750098e-20,1.0781660106780347e-15,3.4108031413517934,1.0781660106780347e-16,0.3410803141351793,1.8106385061362245,0.5998240707633972,0.59319,-0.9980449579960053,-0.997835,-0.06170149134858778,-0.064615,2.5068450906609985e-19,0.000785
1302.5,1.8101041240086988,7.21077711578814e-21,6.956875059849034e-16,3.4100877016662277,6.956875059849035e-17,0.34100877016662273,1.8106002480432462,0.5998717955669823,0.59487,-0.9980461154207336,-0.9991,-0.061683172216781636,-0.06458,1.62740487294269e-19,0.0008049999999999999
1305.0,1.8100796809103037,4.656044674631206e-21,4.483492948538628e-16,3.4093737835067848,4.4834929485386286e-17,0.34093737835067844,1.810562047276251,0.5999194134137265,0.59505,-0.9980472676534154,-0.9993399999999999,-0.06166492966534427,-0.0645,1.8117680753213434e-19,0.00088
1307.5,1.8100553392663892,3.0028561717738987e-21,2.88604233698865e-16,3.408661380732115,2.8860423369886504e-17,0.34086613807321153,1.8105239030632618,0.5999669248091639,0.5935,-0.9980484147398119,-0.998405,-0.061646763040310526,-0.064365,-8.823327158459731e-20,0.001045
1310.0,1.8100310982144903,1.9343912650587295e-21,1.8555937060997774e-16,3.407950487237342,1.8555937060997773e-17,0.3407950487237342,1.8104858146396605,0.6000143302552937,0.59478,-0.9980495567252171,-0.9992449999999999,-0.061628671694014196,-0.06454499999999999,5.227809347878707e-19,0.001015
1312.5,1.810006956900463,1.2446763983964062e-21,1.1917001841672389e-16,3.407241096953771,1.1917001841672388e-17,0.34072410969537714,1.8104477812481032,0.6000616302506141,0.59536,-0.9980506936544659,-0.9992300000000001,-0.06161065498501742,-0.06457,9.265944219622344e-19,0.000915
1315.0,1.8099829144783857,7.999829679217525e-22,7.644777536182318e-17,3.4065332038486127,7.644777536182319e-18,0.3406533203848613,1.8104098021384367,0.6001088252901553,0.59449,-0.9980518255719381,-0.997625,-0.06159271227803418,-0.0643,1.5549858616414333e-19,0.00073
1317.5,1.8099589701104635,5.136021900111205e-22,4.898759368520881e-17,3.4058268019247007,4.898759368520881e-18,0.34058268019247007,1.8103718765676142,0.6001559158655089,0.59524,-0.9980529525215631,-0.9986499999999999,-0.061574842943862625,-0.06422,-7.285809699313773e-19,0.0009599999999999999
1320.0,1.8099351229669334,3.2938543652565517e-22,3.13574202299535e-17,3.4051218852202103,3.1357420229953494e-18,0.34051218852202103,1.8103340037996147,0.6002029024648649,0.59568,-0.9980540745468282,-0.999315,-0.061557046359312535,-0.064215,2.0190041445299662e-20,0.00111
1322.5,1.809911372225972,2.1101958096840448e-22,2.0051041673616212e-17,3.4044184478083888,2.0051041673616214e-18,0.3404418447808389,1.8102961831053606,0.6002497855730391,0.59482,-0.9980551916907803,-0.998175,-0.0615393219071365,-0.06432,3.9188718502307787e-19,0.000875
1325.0,1.809887717073603,1.3504896802137303e-22,1.2808116099949538e-17,3.4037164837972815,1.280811609994954e-18,0.34037164837972816,1.8102584137626399,0.6002965656715066,0.59577,-0.9980563039960356,-0.999,-0.06152166897596109,-0.064465,-2.1127963367339445e-18,0.000955
1327.5,1.8098641567036053,8.634140816684487e-23,8.173243950208892e-18,3.403015987329464,8.173243950208891e-19,0.34030159873294635,1.8102206950560258,0.6003432432384306,0.59672,-0.998057411504781,-0.999825,-0.061504086960219084,-0.06456,-2.0160382005162407e-19,0.00104
1330.0,1.8098406903174264,5.514617609211656e-23,5.210430727355262e-18,3.4023169525817685,5.210430727355262e-19,0.3402316952581768,1.8101830262767997,0.6003898187486958,0.59606,-0.9980585142587813,-0.998885,-0.06148657526008413,-0.06445500000000001,-1.5119194516527347e-19,0.0008849999999999999
1332.5,1.8098173171240914,3.518755202787794e-23,3.3184226626218377e-18,3.401619373765029,3.3184226626218375e-19,0.3401619373765029,1.8101454067228753,0.6004362926739367,0.59663,-0.9980596122993842,-0.998945,-0.061469133281403306,-0.06443,4.220997602378926e-20,0.0009649999999999999
1335.0,1.8097940363401182,2.243101478332827e-23,2.1114340451196446e-18,3.400923245123812,2.1114340451196445e-19,0.34009232451238125,1.8101078356987217,0.6004826654825658,0.59726,-0.9980607056675251,-0.99917,-0.061451760435633856,-0.064375,5.4191301224315983e-20,0.00106
1337.5,1.8097708471894287,1.428577256339157e-23,1.3422079442543726e-18,3.4002285609361627,1.3422079442543725e-19,0.34002285609361627,1.8100703125152895,0.6005289376398072,0.59591,-0.9980617944037307,-0.9982249999999999,-0.06143445613977616,-0.06408,9.806112961711931e-20,0.00081
1340.0,1.809747748903269,9.089962641288827e-24,8.524465628441388e-19,3.3995353155133428,8.524465628441389e-20,0.3399535315513343,1.8100328364899378,0.6005751096077222,0.59673,-0.9980628785481268,-0.9971700000000001,-0.06141721981631624,-0.06387499999999999,-4.026759517948833e-19,0.0009350000000000001
1342.5,1.8097247407201202,5.778731605402049e-24,5.409138401072098e-19,3.39884350319958,5.4091384010720977e-20,0.339884350319958,1.8099954069463604,0.6006211818452395,0.59838,-0.9980639581404404,-0.9964500000000001,-0.06140005089315714,-0.06377,3.752458110405782e-19,0.00121
1345.0,1.809701821885621,3.670484558042756e-24,3.429343441683837e-19,3.3981531183718157,3.429343441683837e-20,0.33981531183718156,1.809958023214515,0.6006671548081823,0.59725,-0.9980650332200072,-0.99864,-0.06138294880356191,-0.064005,-1.6393312132733663e-19,0.001055
1347.5,1.8096789916524827,2.3293943315948075e-24,2.1723215196888917e-19,3.3974641554394513,2.1723215196888916e-20,0.33974641554394513,1.809920684630552,0.6007130289493002,0.59732,-0.9980661038257727,-1.0000550000000001,-0.061365912986091155,-0.06403500000000001,1.873601081813039e-19,0.001005
1350.0,1.8096562492804116,1.4770647714506487e-24,1.3749143214416727e-19,3.396776608844107,1.3749143214416726e-20,0.3396776608844107,1.809883390536745,0.600758804718292,0.59822,-0.9980671699962996,-1.000715,-0.061348942884544004,-0.063915,6.875244169552505e-20,0.00101
1352.5,1.8096335940360286,9.35838807145001e-25,8.6950811725574e-20,3.396090473059375,8.695081172557399e-21,0.3396090473059375,1.8098461402814223,0.6008044825618359,0.59849,-0.9980682317697714,-0.9981249999999999,-0.06133203794789823,-0.063865,-1.766941304731934e-19,0.00087
1355.0,1.809611025192791,5.924551956960697e-25,5.494473477136166e-20,3.3954057425905715,5.494473477136166e-21,0.33954057425905715,1.8098089332188976,0.6008500629236172,0.59897,-0.9980692891839985,-0.9978,-0.0613151976302525,-0.063785,8.873815128118139e-19,0.0006399999999999999
1357.5,1.809588542030917,3.747751536009267e-25,3.46929169591354e-20,3.394722411974504,3.4692916959135396e-21,0.3394722411974504,1.8097717687094041,0.6008955462443539,0.59963,-0.9980703422764186,-0.999645,-0.061298421390769936,-0.06367,6.303093071523244e-19,0.000325
1360.0,1.8095661438373076,2.368943203935862e-25,2.188898401840109e-20,3.39404047577923,2.188898401840109e-21,0.33940404757792303,1.809734646119029,0.6009409329618234,0.59714,-0.9980713910841057,-0.99926,-0.06128170869361949,-0.06381500000000001,-8.3136731140321e-19,0.000925
1362.5,1.8095438299054734,1.4962864685261668e-25,1.380028646513797e-20,3.3933599286038207,1.380028646513797e-21,0.3393359928603821,1.8096975648196452,0.600986223510888,0.59636,-0.9980724356437723,-0.99935,-0.061265059007921424,-0.06389,-7.058538925932125e-20,0.0012850000000000001
1365.0,1.809521599535459,9.444058199027904e-26,8.694324940114437e-21,3.392680765078128,8.694324940114438e-22,0.33926807650781277,1.8096605241888502,0.6010314183235248,0.59756,-0.9980734759917723,-0.999985,-0.06124847180769138,-0.063885,3.589537484898368e-19,0.001355
1367.5,1.8094994520337724,5.956536864170952e-26,5.473641668246068e-21,3.392002979862552,5.473641668246068e-22,0.33920029798625523,1.8096235236099005,0.6010765178288445,0.59609,-0.9980745121641076,-0.99946,-0.061231946571787384,-0.06370999999999999,-3.7832267343191076e-19,0.0007900000000000001
1370.0,1.8094773867133103,3.7542886131882807e-26,3.443633730408209e-21,3.391326567647816,3.443633730408209e-22,0.3391326567647816,1.8095865624716492,0.6011215224531243,0.59613,-0.9980755441964316,-0.998925,-0.0612154827838532,-0.063635,-6.861670143326103e-20,0.00041
1372.5,1.8094554028932883,2.3646528776598866e-26,2.1650349315107505e-21,3.3906515231547325,2.1650349315107505e-22,0.33906515231547324,1.8095496401684843,0.6011664326198284,0.59848,-0.9980765721240522,-0.998475,-0.061199079932268564,-0.0637,2.2513052150161562e-20,0.000355
1375.0,1.809433499899171,1.4884019746177196e-26,1.3602771517229295e-21,3.3899778411339834,1.3602771517229295e-22,0.33899778411339837,1.8095127561002664,0.6012112487496317,0.59857,-0.9980775959819372,-0.99935,-0.061182737510094114,-0.06373999999999999,-2.855618362666146e-19,0.000495
1377.5,1.809411677062602,9.362530962252842e-27,8.541055096920655e-22,3.389305516365896,8.541055096920655e-23,0.3389305516365896,1.8094759096722701,0.6012559712604506,0.59878,-0.9980786158047169,-0.99941,-0.06116645501502205,-0.06382,1.4416231108790186e-18,0.000645
1380.0,1.8093899337213366,5.885637129460012e-27,5.35949981669765e-22,3.3886345436602205,5.359499816697651e-23,0.33886345436602205,1.8094391002951224,0.6013006005674598,0.59975,-0.9980796316266892,-0.99751,-0.06115023194932277,-0.063985,3.8227459284384386e-19,0.000755
1382.5,1.8093682692191722,3.697666957975193e-27,3.361030987514383e-22,3.387964917855913,3.361030987514383e-23,0.33879649178559124,1.8094023273847448,0.6013451370831209,0.59732,-0.9980806434818231,-0.997815,-0.061134067819796155,-0.06422,3.210058754284159e-19,0.00118
1385.0,1.8093466829058846,2.3216834977773423e-27,2.1065079626217917e-22,3.387296633820918,2.1065079626217916e-23,0.3387296633820918,1.8093655903622956,0.6013895812172058,0.59616,-0.9980816514037619,-0.998735,-0.06111796213772195,-0.064165,-3.4649898355500753e-19,0.001325
1387.5,1.8093251741371603,1.456887038025827e-27,1.3194798171595336e-22,3.3866296864519545,1.3194798171595334e-23,0.33866296864519546,1.8093288886541112,0.6014339333768179,0.59883,-0.9980826554258286,-0.9999750000000001,-0.06110191441880938,-0.06354,-7.725718257286713e-19,0.0008049999999999999
1390.0,1.809303742274532,9.136987507041815e-28,8.260343259874614e-23,3.3859640706742997,8.260343259874614e-24,0.33859640706743,1.8092922216916505,0.6014781939664186,0.59848,-0.9980836555810264,-0.9984949999999999,-0.06108592418314987,-0.06359000000000001,-2.216592589442369e-19,0.000985
1392.5,1.809282386685315,5.727182573666352e-28,5.168394886663611e-23,3.3852997814415837,5.168394886663611e-24,0.33852997814415836,1.8092555889114386,0.6015223633878474,0.59837,-0.9980846519020463,-0.99772,-0.06106999095516916,-0.063765,-8.637690026818835e-19,0.001165
1395.0,1.8092611067425433,3.587949682292407e-28,3.2320792439683604e-23,3.3846368137355762,3.2320792439683608e-24,0.3384636813735576,1.8092189897550113,0.6015664420403463,0.60033,-0.9980856444212683,-0.999965,-0.06105411426357891,-0.063885,3.6146087406067756e-20,0.001015
1397.5,1.8092399018249081,2.246598006493835e-28,2.0201490641203598e-23,3.3839751625659797,2.0201490641203595e-24,0.338397516256598,1.8091824236688612,0.6016104303205805,0.60084,-0.998086633170765,-0.9998549999999999,-0.06103829364133165,-0.06345,-2.0546670062050326e-19,0.000735
1400.0,1.8092187713166954,1.4059970587676998e-28,1.2620200087981322e-23,3.3833148229702297,1.2620200087981322e-24,0.338331482297023,1.809145890104383,0.601654328622664,0.60104,-0.9980876181823056,-0.99906,-0.061022528625574314,-0.06306,1.0871120128070993e-19,0.000585
1402.5,1.809197714607726,8.794875576283346e-29,7.880190089037592e-24,3.3826557900132816,7.880190089037593e-25,0.3382655790013282,1.809109388517821,0.6016981373381779,0.60158,-0.9980885994873603,-0.9982899999999999,-0.06100681875760229,-0.063245,1.097720955476324e-19,0.0009
1405.0,1.809176731093294,5.498793094532825e-29,4.918140352852558e-24,3.3819980587874188,4.918140352852558e-25,0.3381998058787419,1.8090729183702168,0.6017418568561951,0.60083,-0.9980895771171016,-0.998105,-0.060991163582815006,-0.063245,-9.023414157211827e-19,0.0009599999999999999
1407.5,1.8091558201741091,3.436398464450916e-29,3.0680679703662504e-24,3.381341624412048,3.0680679703662503e-25,0.3381341624412048,1.8090364791273563,0.6017854875632993,0.60031,-0.9980905511024091,-0.99836,-0.06097556265067178,-0.06322,-3.251234346021533e-19,0.00099
1410.0,1.8091349812562376,2.1465652884860525e-29,1.913087586030819e-24,3.380686482033503,1.9130875860308192e-25,0.3380686482033503,1.80900007025972,0.6018290298436076,0.60214,-0.9980915214738729,-0.9994700000000001,-0.06096001551464736,-0.06336,3.803011250766475e-19,0.0012
1412.5,1.809114213751044,1.3402784928383982e-29,1.1923848684928884e-24,3.3800326268248484,1.1923848684928885e-25,0.3380032626824848,1.808963691242431,0.6018724840787923,0.60119,-0.9980924882617963,-0.9991,-0.06094452173219011,-0.063355,1.2120911220104261e-20,0.0011899999999999999
1415.0,1.809093517075135,8.364927698743037e-30,7.4287478180016665e-25,3.3793800539856855,7.428747818001666e-26,0.33793800539856855,1.808927341555206,0.6019158506481004,0.59981,-0.9980934514961988,-0.998615,-0.06092908086467808,-0.06329,1.4766845841317515e-20,0.0011099999999999999
1417.5,1.8090728906503017,5.218567339271245e-30,4.62634576799102e-25,3.3787287587419588,4.62634576799102e-26,0.33787287587419584,1.8088910206823068,0.6019591299283756,0.60143,-0.9980944112068212,-1.0001950000000002,-0.060913692477377414,-0.063215,1.3720514928126475e-19,0.00108
1420.0,1.8090523339034659,3.254378306600675e-30,2.8799805577517385e-25,3.378078736345766,2.8799805577517385e-26,0.3378078736345766,1.8088547281124892,0.6020023222940756,0.60085,-0.9980953674231247,-0.99965,-0.06089835613940146,-0.06317,-2.997270475889936e-19,0.000935
1422.5,1.8090318462666235,2.0287009758582696e-30,1.7921552427660552e-25,3.3774299820751716,1.7921552427660552e-26,0.3377429982075172,1.8088184633389568,0.6020454281172972,0.59989,-0.9980963201742995,-0.9985250000000001,-0.06088307142366885,-0.06316,-3.454649543120036e-19,0.0007650000000000001
1425.0,1.8090114271767912,1.2641739544055943e-30,1.1148125215495223e-25,3.3767824912340143,1.1148125215495222e-26,0.33767824912340144,1.8087822258593143,0.6020884477677927,0.60233,-0.9980972694892628,-0.999555,-0.06086783790686273,-0.063265,9.72538308581372e-19,0.00078
1427.5,1.8089910760759518,7.87480678244894e-31,6.932241018894757e-26,3.3761362591517248,6.932241018894756e-27,0.3376136259151725,1.8087460151755173,0.6021313816129905,0.60151,-0.9980982153966644,-0.99911,-0.06085265516939091,-0.06314,1.488257599702219e-18,0.0009599999999999999
1430.0,1.808970792411004,4.903685876277041e-31,4.3091981886500645e-26,3.3754912811831432,4.3091981886500645e-27,0.33754912811831433,1.8087098307938299,0.6021742300180134,0.59969,-0.9980991579248908,-0.9981800000000001,-0.06083752279534873,-0.06291,-3.870495776939988e-20,0.00114
1432.5,1.8089505756337063,3.0525330445031286e-31,2.67778440138251e-26,3.374847552708332,2.67778440138251e-27,0.3374847552708332,1.8086736722247765,0.6022169933457016,0.6026,-0.9981000971020645,-0.9991049999999999,-0.060822440372475486,-0.06287000000000001,2.2272247410645894e-19,0.000745
1435.0,1.8089304252006286,1.899583388869167e-31,1.6634751830947954e-26,3.374205069132399,1.6634751830947952e-27,0.3374205069132399,1.808637538983097,0.602259671956629,0.60237,-0.9981010329560502,-0.998225,-0.060807407492120435,-0.062855,7.28620724337689e-20,0.0007999999999999999
1437.5,1.8089103405731002,1.1817396368059772e-31,1.0330558779674513e-26,3.3735638258853173,1.0330558779674513e-27,0.33735638258853173,1.8086014305877034,0.6023022662091209,0.60086,-0.9981019655144564,-0.9967600000000001,-0.060792423749200984,-0.062855,1.5863685706827798e-18,0.00107
1440.0,1.808890321217159,7.349466551304311e-32,6.4136194792726496e-27,3.372923818421748,6.41361947927265e-28,0.33729238184217475,1.808565346561634,0.6023447764592773,0.60362,-0.9981028948046375,-0.9988549999999999,-0.060777488742168255,-0.06277,-3.518753126281625e-20,0.00101
1442.5,1.808870366603502,4.5694661925833094e-32,3.980700567472207e-27,3.372285042220863,3.980700567472207e-28,0.3372285042220863,1.8085292864320115,0.6023872030609863,0.60307,-0.9981038208536992,-0.998335,-0.060762602072967055,-0.062745,-5.3293672224303045e-19,0.000825
1445.0,1.808850476207437,2.8402446426418176e-32,2.4700046238674883e-27,3.371647492786172,2.4700046238674884e-28,0.3371647492786172,1.8084932497299984,0.6024295463659468,0.60097,-0.9981047436884973,-0.9965550000000001,-0.06074776334700205,-0.06276999999999999,5.142997392570584e-20,0.0006000000000000001
1447.5,1.808830649508834,1.7649466813398745e-32,1.5322261908324797e-27,3.3710111656453496,1.5322261908324798e-28,0.33710111656453495,1.8084572359907556,0.6024718067236826,0.60379,-0.9981056633356443,-0.998585,-0.06073297217309915,-0.06278500000000001,3.284109160366286e-19,0.000815
1450.0,1.808810885992076,1.0964727847551055e-32,9.502540263304226e-28,3.370376056350063,9.502540263304226e-29,0.3370376056350063,1.8084212447534012,0.6025139844815642,0.60316,-0.9981065798215099,-0.9992699999999999,-0.06071822816347127,-0.06281,3.572491753957032e-19,0.00084
1452.5,1.8087911851460126,6.810191944655668e-33,5.89186891094434e-28,3.3697421604758024,5.89186891094434e-29,0.33697421604758027,1.808385275560967,0.6025560799848246,0.6008,-0.9981074931722235,-0.99895,-0.0607035309336811,-0.06283,1.6213423142963333e-19,0.00075
1455.0,1.8087715464639142,4.228835768525489e-33,3.652310483474205e-28,3.369109473621713,3.652310483474205e-29,0.3369109473621713,1.8083493279603589,0.6025980935765766,0.60458,-0.9981084034136782,-0.99752,-0.06068888010260958,-0.06284000000000001,-1.3279505735432686e-19,0.0008500000000000001
1457.5,1.8087519694434246,2.6253483457719733e-33,2.2635403296580024e-28,3.3684779914104293,2.2635403296580026e-29,0.3368477991410429,1.8083134015023166,0.602640025597831,0.60438,-0.9981093105715326,-0.9975700000000001,-0.06067427529241736,-0.062725,2.1936451352125387e-20,0.0008849999999999999
1460.0,1.808732453586516,1.629529859912038e-33,1.4025531607410585e-28,3.3678477094879073,1.4025531607410586e-29,0.3367847709487907,1.808277495741373,0.6026818763875145,0.60184,-0.9981102146712137,-0.99863,-0.060659716128513924,-0.06256,-1.4980648345522096e-20,0.0008849999999999999
1462.5,1.8087129983994428,1.0112337115294674e-33,8.68891459611163e-29,3.367218623523262,8.688914596111629e-30,0.3367218623523262,1.8082416102358152,0.6027236462824849,0.60448,-0.9981111157379181,-0.99929,-0.06064520223952163,-0.06285500000000001,3.518838537592034e-20,0.000935
1465.0,1.8086936033927001,6.2742105052845276e-34,5.381846725045127e-29,3.3665907292086046,5.381846725045126e-30,0.33665907292086045,1.8082057445476456,0.6027653356175501,0.60407,-0.9981120137966161,-0.99862,-0.060630733257244766,-0.06289,-1.1621122481939182e-19,0.0009
1467.5,1.8086742680809764,3.892148520841686e-34,3.332891366202827e-29,3.3659640222588822,3.3328913662028275e-30,0.3365964022258882,1.8081698982425425,0.6028069447254821,0.60188,-0.9981129088720542,-0.99719,-0.06061630881663444,-0.062745,3.865559907445115e-19,0.000815
1470.0,1.8086549919831119,2.4140534401660776e-34,2.0636660008160314e-29,3.3653384984117163,2.0636660008160315e-30,0.33653384984117163,1.8081340708898237,0.6028484739370372,0.60488,-0.9981138009887556,-0.99842,-0.06060192855575701,-0.06259999999999999,-5.360021411802745e-19,0.00086
1472.5,1.808635774622056,1.4970483970404788e-34,1.27758675618628e-29,3.364714153427246,1.2775867561862803e-30,0.33647141534272457,1.8080982620624066,0.602889923580969,0.60437,-0.9981146901710252,-0.9990650000000001,-0.06058759211576358,-0.062675,-6.741331029413445e-19,0.0007899999999999999
1475.0,1.8086166155248233,9.282405958889673e-35,7.908213794735164e-30,3.36409098308797,7.908213794735163e-31,0.336409098308797,1.808062471336774,0.6029312939840467,0.60176,-0.9981155764429499,-0.9991749999999999,-0.060573299140854575,-0.06288,4.7950978778386595e-20,0.0006349999999999999
1477.5,1.8085975142224537,5.754733927375545e-35,4.894492001247228e-30,3.3634689831985938,4.894492001247228e-31,0.33634689831985937,1.8080266982929338,0.6029725854710707,0.60464,-0.998116459828402,-0.9978850000000001,-0.06055904927825285,-0.06262999999999999,4.065661553526402e-19,0.00073
1480.0,1.8085784702499699,3.5672543319412274e-35,3.0288810818143043e-30,3.3628481495858695,3.0288810818143043e-31,0.336284814958587,1.807990942514387,0.6030137983648874,0.6041,-0.9981173403510414,-0.9982800000000001,-0.06054484217816959,-0.06263,1.0924079087460146e-18,0.00076
1482.5,1.8085594831463365,2.2110122143970375e-35,1.8741584431020662e-30,3.3622284780984497,1.8741584431020663e-31,0.33622284780984496,1.807955203588088,0.6030549329864067,0.60162,-0.9981182180343169,-0.999795,-0.06053067749377487,-0.06279,2.8355097558754203e-21,0.000745
1485.0,1.8085405524544205,1.370252194013422e-35,1.15953514512535e-30,3.3616099646067314,1.15953514512535e-31,0.33616099646067316,1.8079194811044108,0.6030959896546163,0.60549,-0.99811909290147,-1.0000900000000001,-0.06051655488116758,-0.06273,-4.912495694220274e-19,0.000705
1487.5,1.80852167772095,8.491143266693365e-36,7.17330105740432e-31,3.360992605002708,7.17330105740432e-32,0.3360992605002708,1.8078837746571155,0.6031369686865977,0.60492,-0.9981199649755358,-0.998715,-0.06050247399934551,-0.062424999999999994,-2.03362437064577e-19,0.000835
1490.0,1.8085028584964769,5.26128803723355e-36,4.437268146628934e-31,3.360376395199819,4.4372681466289345e-32,0.33603763951998195,1.8078480838433104,0.6031778703975413,0.60181,-0.9981208342793471,-0.996505,-0.06048843451017537,-0.062,1.1827188508344219e-18,0.00106
1492.5,1.808484094335336,3.259733788483249e-36,2.744591148424094e-31,3.3597613311328036,2.744591148424094e-32,0.33597613311328034,1.8078124082634215,0.6032186951007611,0.60512,-0.9981217008355324,-0.99808,-0.060474436078364766,-0.062255,-1.2225594504525378e-20,0.000975
1495.0,1.808465384795607,2.0194829114517716e-36,1.697496368874117e-31,3.35914740875755,1.697496368874117e-32,0.335914740875755,1.807776747521155,0.6032594431077098,0.60442,-0.9981225646665244,-0.9983,-0.060460478371431856,-0.0623,4.188694248688625e-19,0.000785
1497.5,1.8084467294390776,1.2510366159792367e-36,1.049815677364195e-31,3.358534624050958,1.0498156773641949e-32,0.33585346240509584,1.807741101223468,0.6033001147279953,0.60164,-0.9981234257945558,-0.997595,-0.060446561059678654,-0.06221,3.007220710518386e-19,0.0006000000000000001
1500.0,1.8084281278312047,7.749530593069089e-37,6.492231567988053e-32,3.357922973010789,6.492231567988054e-33,0.3357922973010789,1.807705468980532,0.6033407102693925,0.60495,-0.9981242842416652,-0.996915,-0.060432683816161514,-0.06214,-1.5364598667966605e-19,0.001135
1502.5,1.8084095795410775,4.800207481175791e-37,4.0147212135956417e-32,3.357312451655522,4.014721213595642e-33,0.33573124516555225,1.8076698504057027,0.6033812300378594,0.60424,-0.9981251400296987,-0.997105,-0.06041884631666432,-0.062075,2.2636091596248707e-19,0.00118
1505.0,1.8083910841413824,2.9732231699681762e-37,2.4825663968784e-32,3.35670305602422,2.4825663968784e-33,0.335670305602422,1.8076342451154859,0.6034216743375526,0.60169,-0.9981259931803096,-0.99808,-0.0604050482396705,-0.062045,-9.70180794576148e-19,0.00094
1507.5,1.8083726412083632,1.841541443754042e-37,1.5350906987671878e-32,3.3560947821763794,1.5350906987671876e-33,0.335609478217638,1.807598652729508,0.6034620434708382,0.60498,-0.9981268437149641,-1.00061,-0.06039128926633501,-0.062225,-6.10607286356679e-19,0.001005
1510.0,1.8083542503217895,1.140579418555592e-37,9.492015687867458e-33,3.3554876261918,9.492015687867459e-34,0.33554876261918,1.8075630728704823,0.6035023377383095,0.60432,-0.9981276916549394,-0.9998849999999999,-0.060377569080460505,-0.06225,-4.0807937552347313e-19,0.0009299999999999999
1512.5,1.8083359110649182,7.064202143789074e-38,5.869182296436634e-33,3.3548815841704402,5.8691822964366336e-34,0.335488158417044,1.807527505164179,0.6035425574387989,0.60201,-0.9981285370213304,-0.997835,-0.06036388736846701,-0.062225,6.998164648750458e-19,0.000785
1515.0,1.80831762302446,4.3751981117084704e-38,3.6290667315493765e-33,3.354276652232284,3.629066731549377e-34,0.3354276652232284,1.8074919492393953,0.6035827028693919,0.6045,-0.9981293798350455,-0.9999800000000001,-0.060350243819368515,-0.062439999999999996,5.446062182979883e-19,0.000735
1517.5,1.8082993857905445,2.709772072478265e-38,2.243953880935883e-33,3.353672826517205,2.243953880935883e-34,0.3353672826517205,1.807456404727923,0.6036227743254423,0.6038,-0.9981302201168143,-1.000125,-0.06033663812474678,-0.062245,-2.9550336623643094e-19,0.0009350000000000001
1520.0,1.8082811989566858,1.678307787839899e-38,1.3875156359843063e-33,3.3530701031848307,1.3875156359843064e-34,0.3353070103184831,1.80742087126452,0.6036627721005828,0.60215,-0.9981310578871851,-0.999195,-0.060323069978723234,-0.0619,-7.495760876636333e-19,0.00116
1522.5,1.8082630621197493,1.0394834841487671e-38,8.57966154963465e-34,3.3524684784144094,8.57966154963465e-35,0.33524684784144093,1.807385348486881,0.6037026964867408,0.60481,-0.9981318931665314,-0.998435,-0.06030953907793742,-0.06198000000000001,-8.894550744002292e-20,0.00077
1525.0,1.8082449748799172,6.438341344455894e-39,5.305349736143231e-34,3.351867948404678,5.305349736143231e-35,0.3351867948404678,1.8073498360356066,0.6037425477741523,0.6034,-0.9981327259750475,-0.9981249999999999,-0.06029604512151953,-0.062,2.025556747808577e-19,0.00072
1527.5,1.8082269368406576,3.987898220010114e-39,3.2807467761041144e-34,3.351268509373731,3.2807467761041145e-35,0.3351268509373731,1.8073143335541757,0.6037823262513717,0.60131,-0.9981335563327575,-0.9983500000000001,-0.060282587811066816,-0.062009999999999996,-1.4205531634219057e-19,0.000825
1530.0,1.8082089476086893,2.4701936150476466e-39,2.0288476114975425e-34,3.350670157558892,2.0288476114975425e-35,0.3350670157558892,1.8072788406889164,0.6038220322052884,0.60502,-0.9981343842595103,-0.999965,-0.06026916685061781,-0.062085,-2.758987689574446e-19,0.0009400000000000001
1532.5,1.8081910067939513,1.5301638674852056e-39,1.2547214524972443e-34,3.3500728892165803,1.2547214524972443e-35,0.33500728892165804,1.807243357088978,0.6038616659211371,0.60386,-0.9981352097749864,-0.99838,-0.06025578194662975,-0.06183,1.211828988294827e-19,0.00092
1535.0,1.8081731140095707,9.479120059989503e-40,7.76013913823027e-35,3.3494767006221866,7.76013913823027e-36,0.3349476700622187,1.8072078824063023,0.6039012276825128,0.60174,-0.9981360328986973,-0.996575,-0.060242432807954306,-0.061555,-1.2729468784256738e-19,0.000845
1537.5,1.8081552688718305,5.872517411959358e-40,4.7997548122249535e-35,3.3488815880699487,4.799754812224954e-36,0.33488815880699485,1.8071724162955964,0.6039407177713817,0.60408,-0.9981368536499879,-0.999215,-0.060229119145813255,-0.0618,5.538013981644741e-20,0.00082
1540.0,1.80813747100014,3.6383949773283834e-40,2.968923358865676e-35,3.348287547872818,2.968923358865676e-36,0.3348287547872818,1.8071369584143053,0.6039801364680948,0.6032,-0.9981376720480374,-0.997925,-0.060215840673776416,-0.061765,5.764585335691348e-19,0.000815
1542.5,1.8081197200170025,2.254382519790635e-40,1.836590356578413e-35,3.3476945763623402,1.8365903565784128e-36,0.33476945763623406,1.8071015084225859,0.6040194840513987,0.60244,-0.9981384881118627,-0.99677,-0.06020259710773692,-0.06164,2.8795460718170175e-20,0.000795
1545.0,1.8081020155479843,1.3969490327069803e-40,1.1362187232599656e-35,3.3471026698885327,1.1362187232599656e-36,0.3347102669888533,1.8070660659832778,0.6040587607984511,0.60552,-0.9981393018603174,-1.0002300000000002,-0.0601893881658905,-0.061575000000000005,1.434566721213021e-19,0.0006850000000000001
1547.5,1.8080843572216876,8.657083709395948e-41,7.029927129680177e-36,3.346511824819758,7.029927129680177e-37,0.3346511824819758,1.8070306307618798,0.6040979669848281,0.60422,-0.9981401133120967,-0.999085,-0.060176213568711154,-0.06161,3.4851042016226015e-19,0.00081
1550.0,1.808066744669718,5.365419101689687e-41,4.3499254795609465e-36,3.3459220375426026,4.349925479560946e-37,0.33459220375426024,1.8069952024265217,0.6041371028845421,0.60306,-0.9981409224857366,-0.99756,-0.06016307303892981,-0.061634999999999995,-5.076882482387399e-19,0.0008900000000000001
1552.5,1.808049177526656,3.3256726692657646e-41,2.6918927732070036e-36,3.3453333044617595,2.691892773207004e-37,0.33453333044617595,1.806959780647939,0.6041761687700492,0.60541,-0.9981417293996161,-0.99839,-0.06014996630151223,-0.061565,-5.284781893578058e-19,0.0007
1555.0,1.8080316554300284,2.0615884275535224e-41,1.666024709640612e-36,3.3447456219999054,1.6660247096406119e-37,0.33447456219999055,1.8069243650994486,0.6042151649122626,0.60392,-0.9981425340719594,-0.99886,-0.06013689308363712,-0.061665,-2.0983937553680923e-19,0.000645
1557.5,1.8080141780202788,1.2781264214481745e-41,1.0312301960784837e-36,3.344158986597585,1.0312301960784837e-37,0.3344158986597585,1.8068889554569216,0.6042540915805642,0.60334,-0.9981433365208373,-0.999255,-0.060123853114674664,-0.06171,-1.6186647658197312e-19,0.0006850000000000001
1560.0,1.80799674494074,7.924972467972456e-42,6.383855201354778e-37,3.343573394713087,6.383855201354778e-38,0.3343573394713087,1.8068535513987598,0.6042929490428166,0.60635,-0.9981441367641672,-0.999645,-0.06011084612616493,-0.061549999999999994,2.9906304634505367e-19,0.0008799999999999999
1562.5,1.8079793558376054,4.9144679305327935e-42,3.952449624797301e-37,3.3429888428223364,3.9524496247973015e-38,0.33429888428223364,1.8068181526058706,0.6043317375653743,0.60444,-0.9981449348197179,-0.99946,-0.06009787185179818,-0.061545,3.0615385940138536e-19,0.0009299999999999999
1565.0,1.8079620103599012,3.0479840923052236e-42,2.4474183853404844e-37,3.3424053274187706,2.447418385340484e-38,0.3342405327418771,1.806782758761642,0.6043704574130941,0.60402,-0.9981457307051074,-0.9989100000000001,-0.060084930027391556,-0.06154,1.7251547771027794e-19,0.00098
1567.5,1.80794470815946,1.890640479056205e-42,1.5156930754915372e-37,3.3418228450132292,1.515693075491537e-38,0.3341822845013229,1.80674736955192,0.6044091088493491,0.6074,-0.9981465244378068,-0.997965,-0.0600720203908715,-0.06149,-8.214209365155627e-19,0.00107
1570.0,1.8079274488908919,1.172918553663935e-42,9.388107799872062e-38,3.341241392133838,9.388107799872061e-39,0.3341241392133838,1.8067119846649833,0.6044476921360367,0.60509,-0.9981473160351422,-0.998365,-0.060059142682250606,-0.061494999999999994,6.890693184075744e-19,0.001
1572.5,1.8079102322115588,7.277663260882645e-43,5.81582281352986e-38,3.3406609653258985,5.815822813529859e-39,0.33406609653258984,1.8066766037915203,0.6044862075335918,0.60489,-0.9981481055142927,-0.998995,-0.06004629664360989,-0.061475,-3.6795143866780616e-19,0.000925
1575.0,1.8078930577815484,4.516310246024786e-43,3.6034049753000076e-38,3.3400815611517722,3.6034049753000076e-39,0.3340081561151772,1.8066412266246061,0.6045246553009965,0.60826,-0.998148892892297,-0.999725,-0.060033482019077704,-0.061439999999999995,-5.345218318027152e-19,0.00086
1577.5,1.8078759252636467,2.803146332561611e-43,2.2329873661648756e-38,3.3395031761907705,2.2329873661648755e-39,0.33395031761907706,1.8066058528596787,0.6045630356957915,0.60474,-0.9981496781860507,-0.99722,-0.06002069855481042,-0.061305,1.4456349637569782e-19,0.000785
1580.0,1.807858834323313,1.7401248506449079e-43,1.3839907461050834e-38,3.3389258070390477,1.3839907461050833e-39,0.33389258070390476,1.806570482194517,0.6046013489740875,0.60477,-0.9981504614123083,-0.997525,-0.06000794599897203,-0.06137,1.9845231403395317e-19,0.0007750000000000001
1582.5,1.8078417846286539,1.0804137432493184e-43,8.579386739031931e-39,3.338349450309487,8.57938673903193e-40,0.3338349450309487,1.806535114329218,0.6046395953905745,0.6087,-0.9981512425876874,-1.00081,-0.05999522410171681,-0.061649999999999996,1.6240100928766282e-19,0.00083
1585.0,1.8078247758503978,6.709300182786278e-44,5.3193408618220886e-39,3.337774102631595,5.3193408618220886e-40,0.3337774102631595,1.8064997489661745,0.6046777751985335,0.60569,-0.9981520217286669,-0.997635,-0.059982532615168456,-0.061635,-1.0482929732243824e-18,0.0007199999999999999
1587.5,1.8078078076618702,4.1671979236403767e-44,3.2986805374395584e-39,3.3371997606513912,3.2986805374395583e-40,0.33371997606513915,1.8064643858100524,0.6047158886498463,0.60618,-0.998152798851589,-0.9974700000000001,-0.059969871293402775,-0.06143,1.5896298043199716e-19,0.00083
1590.0,1.807790879738969,2.588767999810334e-44,2.046001139635846e-39,3.336626421031307,2.0460011396358463e-40,0.3336626421031307,1.80642902456777,0.6047539359950055,0.60905,-0.9981535739726625,-0.999485,-0.05995723989242878,-0.06109,-6.520212376718358e-20,0.0010999999999999998
1592.5,1.8077739917601396,1.6085202014584003e-44,1.2692785552408124e-39,3.336054080450071,1.2692785552408124e-40,0.3336054080450071,1.8063936649484764,0.6047919174831276,0.60578,-0.9981543471079616,-0.997745,-0.05994463817016916,-0.06092,2.4397281182488495e-19,0.0010249999999999999
1595.0,1.8077571434063506,9.996467232455687e-45,7.8758189390179e-40,3.335482735602612,7.875818939017901e-41,0.33354827356026123,1.8063583066635294,0.6048298333619581,0.60658,-0.9981551182734297,-0.9979450000000001,-0.0599320658864428,-0.06092,1.2325557344755333e-19,0.00096
1597.5,1.8077403343610705,6.213773763652554e-45,4.887923882806851e-40,3.3349123831999523,4.887923882806851e-41,0.3334912383199952,1.8063229494264743,0.6048676838778854,0.60898,-0.9981558874848773,-0.99941,-0.059919522802948016,-0.06107,-6.99660499568268e-19,0.00092
1600.0,1.8077235643102436,3.863272869316082e-45,3.034207416264041e-40,3.334343019969099,3.034207416264041e-41,0.3334343019969099,1.8062875929530244,0.6049054692759507,0.60566,-0.9981566547579869,-1.001125,-0.05990700868324369,-0.061454999999999996,-1.3811343853218504e-19,0.000975
1602.5,1.807706832942266,2.402417882127681e-45,1.8839109814277873e-40,3.3337746426529513,1.883910981427787e-41,0.33337746426529513,1.8062522369610396,0.6049431897998564,0.60729,-0.9981574201083128,-0.999745,-0.05989452329273041,-0.061285,-9.983102524441482e-20,0.00091
1605.0,1.807690139947963,1.494297514808049e-45,1.1699623912270285e-40,3.3332072480101904,1.1699623912270285e-41,0.33332072480101904,1.8062168811705055,0.6049808456919756,0.6096,-0.9981581835512814,-0.997685,-0.059882066398635365,-0.061,2.510374037932787e-20,0.00086
1607.5,1.807673485020567,9.296576686456743e-46,7.2674480924931e-41,3.332640832815182,7.2674480924931e-42,0.33326408328151824,1.806181525303514,0.6050184371933646,0.60601,-0.9981589451021943,-0.9983150000000001,-0.059869637769994745,-0.06121,-1.0092952641237983e-18,0.001085
1610.0,1.8076568678556928,5.785069404245292e-46,4.515361873511575e-41,3.3320753938578758,4.5153618735115754e-42,0.33320753938578757,1.8061461690842429,0.6050559645437685,0.6079,-0.9981597047762277,-0.99855,-0.05985723717763534,-0.061295,-5.116055444469501e-19,0.000915
1612.5,1.807640288151317,3.600772425835153e-46,2.8061172589773437e-41,3.3315109279437074,2.8061172589773437e-42,0.3331510927943707,1.8061108122389364,0.6050934279816345,0.60951,-0.9981604625884343,-0.998675,-0.05984486439415868,-0.061265,9.950303137464789e-20,0.0007
1615.0,1.807623745607755,2.2417458636317804e-46,1.7443101761983672e-41,3.330947431893496,1.7443101761983673e-42,0.3330947431893496,1.8060754544958866,0.6051308277441193,0.60609,-0.9981612185537458,-0.998845,-0.059832519193925154,-0.061035,7.071198561863042e-19,0.0006950000000000001
1617.5,1.8076072399276395,1.3959911779515978e-46,1.0845466779916911e-41,3.330384902543352,1.0845466779916911e-42,0.3330384902543352,1.806040095585411,0.6051681640670983,0.60855,-0.9981619726869726,-0.996075,-0.05982020135303573,-0.060770000000000005,-6.202488095467983e-19,0.00067
1620.0,1.8075907708158985,8.695339195896023e-47,6.744991046493414e-42,3.3298233367445738,6.7449910464934135e-43,0.3329823336744574,1.806004735239838,0.6052054371851755,0.60964,-0.9981627250028045,-0.99501,-0.0598079106493178,-0.06068,3.1230093350975424e-19,0.0006749999999999999
1622.5,1.8075743379797327,5.417511933476872e-47,4.1958990917586386e-42,3.3292627313635577,4.195899091758638e-43,0.33292627313635575,1.8059693731934845,0.6052426473316935,0.60641,-0.9981634755158136,-0.997805,-0.05979564686230607,-0.060875,-8.29518619447392e-20,0.000755
1625.0,1.8075579411285971,3.3761725100635e-47,2.6108452319673367e-42,3.328703083281696,2.6108452319673367e-43,0.3328703083281696,1.8059340091826384,0.6052797947387416,0.60972,-0.9981642242404541,-1.000035,-0.05978340977323118,-0.061125,1.8440244573765633e-19,0.000915
1627.5,1.8075415799741772,2.1045665794687105e-47,1.624993156386974e-42,3.3281443893952916,1.6249931563869739e-43,0.3328144389395291,1.80589864294554,0.6053168796371643,0.61019,-0.9981649711910638,-1.0003799999999998,-0.05977119916499881,-0.061085,-9.754269501211921e-19,0.00099
1630.0,1.8075252542303701,1.312247802242046e-47,1.0116682344080893e-42,3.3275866466154507,1.0116682344080892e-43,0.3327586646615451,1.8058632742223637,0.6053539022565706,0.60645,-0.9981657163818666,-0.99851,-0.0597590148221785,-0.06068,-7.348915355397029e-19,0.0009699999999999999
1632.5,1.807508963613263,8.184384310979342e-48,6.300031026163126e-43,3.327029851868003,6.300031026163127e-44,0.3327029851868003,1.8058279027552016,0.6053908628253446,0.60966,-0.9981664598269699,-0.99893,-0.0597468565309854,-0.060805,-4.855811426016815e-19,0.001095
1635.0,1.807492707841113,5.105931161370857e-48,3.924343933039238e-43,3.326474002093399,3.924343933039238e-44,0.3326474002093399,1.805792528288042,0.6054277615706528,0.60926,-0.9981672015403702,-0.99879,-0.059734724079266006,-0.060855,5.644986246230397e-19,0.000975
1637.5,1.807476486634327,3.1862838159372836e-48,2.4451922634261067e-43,3.3259190942466255,2.4451922634261067e-44,0.33259190942466255,1.8057571505667553,0.6054645987184509,0.60639,-0.9981679415359512,-0.9982800000000001,-0.0597226172564838,-0.06083,-5.327428315651259e-19,0.0006850000000000001
1640.0,1.807460299715442,1.988915243957079e-48,1.523990614397149e-43,3.3253651252971097,1.523990614397149e-44,0.332536512529711,1.8057217693390744,0.6055013744934972,0.60985,-0.9981686798274861,-0.99898,-0.059710535853702784,-0.060645000000000004,-1.142513590899963e-19,0.00075
1642.5,1.8074441468091063,1.2418585795158008e-48,9.501159915261603e-44,3.3248120922286306,9.501159915261603e-45,0.33248120922286306,1.805686384354578,0.6055380891193557,0.60898,-0.9981694164286382,-0.9978400000000001,-0.05969847966357398,-0.060385,1.4490702797643323e-19,0.0006349999999999999
1645.0,1.807428027642058,7.756285035853702e-49,5.925127802501261e-44,3.32425999203923,5.925127802501262e-45,0.33242599920392296,1.8056509953646742,0.6055747428184095,0.60699,-0.9981701513529615,-0.996435,-0.0596864484803205,-0.060200000000000004,-3.6262750048430283e-19,0.000545
1647.5,1.8074119419431065,4.845770191210562e-49,3.6961301447505937e-44,3.3237088217411204,3.696130144750593e-45,0.33237088217411204,1.805615602122582,0.605611335811866,0.61131,-0.9981708846139035,-0.998785,-0.059674442099722315,-0.060615,3.1331479284729565e-19,0.00101
1650.0,1.8073958894431155,3.0283143915721325e-49,2.306358847351092e-44,3.323158578360601,2.3063588473510924e-45,0.3323158578360601,1.8055802043833162,0.6056478683197667,0.61006,-0.9981716162248042,-0.998515,-0.05966246031910346,-0.06067,4.5210726044086796e-21,0.00103
1652.5,1.8073798698749814,1.893083779921927e-49,1.439588041302928e-44,3.322609258937968,1.439588041302928e-45,0.3322609258937968,1.8055448019036695,0.6056843405609935,0.60892,-0.9981723461988984,-0.99847,-0.05965050293731717,-0.060685,3.645119232692139e-20,0.00093
1655.0,1.8073638829736158,1.1837801333859054e-49,8.98841080485971e-45,3.3220608605274276,8.98841080485971e-46,0.33220608605274277,1.8055093944421972,0.60572075275328,0.61344,-0.9981730745493156,-1.0014750000000001,-0.059638569754731516,-0.060925,-2.8798821494340394e-19,0.00093
1657.5,1.807347928475927,7.404678163033171e-50,5.613872101160006e-45,3.3215133801970076,5.613872101160006e-46,0.33215133801970076,1.8054739817592,0.6057571051132171,0.60991,-0.9981738012890825,-0.99901,-0.05962666057321516,-0.060950000000000004,-2.534695126596442e-19,0.0008500000000000001
1660.0,1.8073320061208022,4.633154893950376e-50,3.507345874163397e-45,3.3209668150284783,3.507345874163397e-46,0.3320966815028478,1.8054385636167087,0.6057933978562623,0.6082,-0.9981745264311224,-0.997395,-0.05961477519612576,-0.060755,1.7014415277934687e-19,0.00074
1662.5,1.8073161156490887,2.899909788515922e-50,2.1919603699668573e-45,3.320421162117259,2.1919603699668573e-46,0.3320421162117259,1.805403139778468,0.6058296311967473,0.61214,-0.9981752499882574,-0.9989899999999999,-0.059602913428293935,-0.060270000000000004,-4.047281660401349e-19,0.000595
1665.0,1.8073002568035765,1.8156440588162581e-50,1.3703337025131799e-45,3.3198764185723406,1.37033370251318e-46,0.33198764185723406,1.8053677100099206,0.6058658053478851,0.60906,-0.9981759719732087,-0.997385,-0.05959107507601195,-0.060344999999999996,1.3441162042926573e-19,0.0009
1667.5,1.8072844293289807,1.137148004350533e-50,8.569609155051103e-46,3.319332581516198,8.569609155051103e-47,0.3319332581516198,1.805332274078192,0.6059019205217792,0.60888,-0.9981766923985973,-0.99722,-0.05957925994701915,-0.06024,-4.928484079267943e-19,0.001085
1670.0,1.8072686329719234,7.124342784424977e-51,5.360906096576038e-46,3.318789648084709,5.360906096576037e-47,0.3318789648084709,1.8052968317520754,0.6059379769294307,0.61194,-0.9981774112769465,-0.9988,-0.059567467850488456,-0.05994,5.367665454114043e-19,0.001105
1672.5,1.8072528674809176,4.464939820434994e-51,3.3547437102778138e-46,3.3182476154270724,3.3547437102778134e-47,0.33182476154270724,1.8052613828020154,0.6059739747807461,0.60852,-0.9981781286206806,-1.000005,-0.05955569859701554,-0.060395000000000004,1.2147201070170274e-18,0.001
1675.0,1.8072371326063483,2.799180061327393e-51,2.100031884594905e-46,3.317706480705722,2.100031884594905e-47,0.3317706480705722,1.805225927000094,0.6060099142845446,0.61031,-0.9981788444421265,-0.99838,-0.05954395199860344,-0.06021,-3.694213565628186e-21,0.001065
1677.5,1.8072214281004575,1.755463887425282e-51,1.3150408232196591e-46,3.3171662410962535,1.3150408232196591e-47,0.3317166241096253,1.8051904641200154,0.6060457956485655,0.61422,-0.9981795587535167,-0.9953449999999999,-0.05953222786865123,-0.059685,-2.0331866658872322e-18,0.001185
1680.0,1.807205753717326,1.1012861927765655e-51,8.237601458873169e-47,3.316626893787334,8.237601458873168e-48,0.33166268937873344,1.805154993937091,0.6060816190794776,0.60925,-0.9981802715669875,-0.99544,-0.0595205260219415,-0.059770000000000004,-2.844306680046242e-19,0.00087
1682.5,1.8071901092128584,6.911257789946188e-52,5.161927298653236e-47,3.3160884359806304,5.161927298653236e-48,0.33160884359806303,1.805119516228225,0.6061173847828828,0.61038,-0.9981809828945801,-0.99878,-0.05950884627462817,-0.059734999999999996,-3.508002752220921e-20,0.0006399999999999999
1685.0,1.8071744943447645,4.338743207105526e-52,3.235742144867736e-47,3.3155508648907266,3.235742144867736e-48,0.33155508648907267,1.8050840307719003,0.6061530929633286,0.61322,-0.9981816927482431,-1.00073,-0.059497188444222124,-0.05964,-7.606003552156119e-19,0.00053
1687.5,1.8071589088725446,2.7247213194008908e-52,2.0290286175073963e-47,3.3150141777450446,2.029028617507396e-48,0.3315014177745045,1.8050485373481628,0.6061887438243103,0.61246,-0.9981824011398335,-0.993215,-0.05948555234958102,-0.05949,-3.8397117645910835e-19,0.0006850000000000001
1690.0,1.8071433525574734,1.7117204327090176e-52,1.2727877719285658e-47,3.3144783717837667,1.2727877719285659e-48,0.33144783717837667,1.8050130357386103,0.6062243375682811,0.61299,-0.9981831080811147,-0.996715,-0.059473937810898235,-0.059975,-3.6956547845085443e-19,0.000665
