wl_nm,n,k,alpha_abs_percm,alpha_scat_percm,alphad_abs,alphad_scat,yag_ref_n,T_model,T_meas
260.0,1.9568642078964114,0.0,0.0,4.2239628217728376,0.0,0.4223962821772837,1.9406878549478308,0.527864689971035,0.52469
261.0,1.955476320913362,0.0,0.0,4.221804002666627,0.0,0.42218040026666265,1.9395288908977084,0.5282123124341541,0.52489
262.0,1.9541085545554604,0.0,0.0,4.219654536130546,0.0,0.42196545361305465,1.9383861573804266,0.5285562368256267,0.52535
263.0,1.9527605027198436,0.0,0.0,4.217514346181163,0.0,0.4217514346181163,1.9372593389970116,0.5288965297548514,0.526
264.0,1.951431769910819,0.0,0.0,4.2153833577383075,0.0,0.4215383357738307,1.9361481282480322,0.5292332562034885,0.52629
265.0,1.9501219708982809,0.0,0.0,4.213261496610965,0.0,0.4213261496610965,1.9350522252902358,0.5295664795751583,0.52629
266.0,1.9488307303892305,0.0,0.0,4.211148689483432,0.0,0.42111486894834316,1.9339713377020995,0.5298962617433273,0.52603
267.0,1.9475576827118108,0.0,0.0,4.20904486390175,0.0,0.42090448639017497,1.9329051802579187,0.5302226630974558,0.52612
268.0,1.9463024715113078,0.0,0.0,4.206949948260389,0.0,0.4206949948260389,1.9318534747100744,0.5305457425874874,0.52676
269.0,1.9450647494575866,0.0,0.0,4.204863871789195,0.0,0.4204863871789195,1.930815949579134,0.5308655577667414,0.527
270.0,1.9438441779634688,0.0,0.0,4.202786564540577,0.0,0.4202786564540576,1.9297923399514572,0.5311821648332793,0.52677
271.0,1.9426404269135724,0.0,0.0,4.200717957376943,0.0,0.4200717957376943,1.9287823872840009,0.5314956186698095,0.52726
272.0,1.9414531744031653,0.0,0.0,4.198657981958375,0.0,0.41986579819583747,1.9277858392160214,0.5318059728821847,0.52817
273.0,1.9402821064866012,0.0,0.0,4.196606570730527,0.0,0.41966065707305267,1.9268024493873925,0.5321132798365548,0.52832
274.0,1.9391269169349301,0.0,0.0,4.194563656912761,0.0,0.41945636569127615,1.925831977263272,0.5324175906952281,0.52859
275.0,1.937987307002301,0.0,0.0,4.192529174486502,0.0,0.41925291744865023,1.9248741879648557,0.5327189554512913,0.52934
276.0,1.9368629852007742,0.0,0.0,4.190503058183798,0.0,0.41905030581837976,1.9239288521059785,0.5330174229620411,0.53001
277.0,1.9357536670832056,0.0,0.0,4.188485243476112,0.0,0.4188485243476112,1.9229957456353242,0.5333130409812717,0.53073
278.0,1.9346590750338597,0.0,0.0,4.186475666563309,0.0,0.4186475666563309,1.9220746496840224,0.5336058561904666,0.53048
279.0,1.9335789380664292,0.0,0.0,4.184474264362847,0.0,0.4184474264362847,1.9211653504184198,0.5338959142289357,0.52972
280.0,1.9325129916291688,0.0,0.0,4.182480974499167,0.0,0.41824809744991664,1.9202676388978235,0.5341832597229383,0.52974
281.0,1.9314609774168379,0.0,0.0,4.180495735293281,0.0,0.4180495735293281,1.9193813109370148,0.5344679363138364,0.53011
282.0,1.9304226431891884,0.0,0.0,4.178518485752545,0.0,0.41785184857525454,1.9185061669733603,0.5347499866853078,0.53065
283.0,1.9293977425957258,0.0,0.0,4.176549165560621,0.0,0.4176549165560621,1.917642011938328,0.5350294525896663,0.53112
284.0,1.928386035006494,0.0,0.0,4.174587715067616,0.0,0.41745877150676153,1.916788655133251,0.5353063748733112,0.53158
285.0,1.927387285348647,0.0,0.0,4.1726340752804045,0.0,0.4172634075280404,1.9159459101091696,0.5355807935013467,0.53211
286.0,1.9264012639485724,0.0,0.0,4.170688187853128,0.0,0.4170688187853128,1.9151135945505968,0.5358527475814019,0.53221
287.0,1.925427746379349,0.0,0.0,4.168749995077846,0.0,0.41687499950778456,1.9142915301630619,0.5361222753866821,0.53221
288.0,1.9244665133133363,0.0,0.0,4.166819439875382,0.0,0.41668194398753816,1.913479542564287,0.5363894143782743,0.53232
289.0,1.9235173503796845,0.0,0.0,4.164896465786308,0.0,0.4164896465786308,1.9126774611788624,0.5366542012267442,0.53224
290.0,1.9225800480265836,0.0,0.0,4.162981016962099,0.0,0.4162981016962099,1.9118851191362876,0.5369166718330438,0.53274
291.0,1.9216544013880636,0.0,0.0,4.161073038156451,0.0,0.41610730381564515,1.9111023531722573,0.5371768613487565,0.53338
292.0,1.920740210155175,0.0,0.0,4.159172474716735,0.0,0.41591724747167347,1.9103290035330698,0.5374348041957072,0.5337
293.0,1.9198372784513769,0.0,0.0,4.157279272575614,0.0,0.41572792725756136,1.9095649138830428,0.537690534084957,0.5336
294.0,1.9189454147119829,0.0,0.0,4.155393378242801,0.0,0.41553933782428004,1.9088099312148308,0.5379440840352063,0.53381
295.0,1.9180644315674997,0.0,0.0,4.1535147387969635,0.0,0.41535147387969634,1.9080639057625344,0.5381954863906268,0.53439
296.0,1.9171941457307222,0.0,0.0,4.151643301877768,0.0,0.41516433018777676,1.9073266909175026,0.5384447728381464,0.53493
297.0,1.9163343778874393,0.0,0.0,4.14977901567806,0.0,0.414977901567806,1.9065981431467327,0.538691974424202,0.53515
298.0,1.91548495259062,0.0,0.0,4.147921828936181,0.0,0.41479218289361813,1.9058781219137724,0.5389371215709816,0.53575
299.0,1.9146456981579492,0.0,0.0,4.146071690928417,0.0,0.4146071690928417,1.9051664896020364,0.539180244092171,0.53633
300.0,1.9138164465725886,0.0,0.0,4.1442285514615715,0.0,0.4144228551461571,1.9044631114404533,0.5394213712082316,0.53598
301.0,1.91299703338705,0.0,0.0,4.1423923608656805,0.0,0.41423923608656804,1.9037678554313588,0.539660531561208,0.53567
302.0,1.9121872976300636,0.0,0.0,4.140563069986834,0.0,0.41405630699868345,1.903080592280557,0.5398977532291075,0.53574
303.0,1.9113870817163334,0.0,0.0,4.138740630180127,0.0,0.4138740630180127,1.9024011953294746,0.540133063739836,0.53621
304.0,1.9105962313590772,0.0,0.0,4.1369249933027294,0.0,0.4136924993302729,1.901729540489338,0.5403664900847355,0.53679
305.0,1.9098145954852543,0.0,0.0,4.135116111707076,0.0,0.41351161117070756,1.9010655061772959,0.5405980587317113,0.53693
306.0,1.9090420261533765,0.0,0.0,4.133313938234159,0.0,0.4133313938234159,1.9004089732544318,0.5408277956379817,0.53765
307.0,1.908278378473821,0.0,0.0,4.131518426206953,0.0,0.41315184262069526,1.8997598249655907,0.5410557262624549,0.53772
308.0,1.9075235105315511,0.0,0.0,4.129729529423929,0.0,0.41297295294239283,1.8991179468809658,0.5412818755777423,0.53751
309.0,1.9067772833111611,0.0,0.0,4.127947202152688,0.0,0.4127947202152688,1.8984832268393834,0.54150626808183,0.5379
310.0,1.906039560624167,0.0,0.0,4.126171399123696,0.0,0.4126171399123696,1.8978555548932272,0.5417289278094116,0.53816
311.0,1.9053102090384615,0.0,0.0,4.124402075524127,0.0,0.41244020755241273,1.8972348232549505,0.541949878342898,0.53812
312.0,1.9045890978098594,0.0,0.0,4.122639186991804,0.0,0.41226391869918044,1.8966209262451197,0.5421691428231133,0.5383
313.0,1.9038760988156658,0.0,0.0,4.1208826896092345,0.0,0.41208826896092343,1.8960137602419393,0.5423867439596882,0.5387
314.0,1.9031710864901896,0.0,0.0,4.119132539897756,0.0,0.41191325398977563,1.8954132236322139,0.5426027040411591,0.53899
315.0,1.9024739377621458,0.0,0.0,4.1173886948117655,0.0,0.41173886948117655,1.8948192167636915,0.5428170449447848,0.5392
316.0,1.9017845319938744,0.0,0.0,4.115651111733051,0.0,0.4115651111733051,1.8942316418987502,0.5430297881460884,0.53964
317.0,1.901102750922318,0.0,0.0,4.113919748465207,0.0,0.4113919748465207,1.8936504031693817,0.5432409547281349,0.54027
318.0,1.900428478601704,0.0,0.0,4.112194563228151,0.0,0.4112194563228151,1.8930754065334288,0.5434505653905498,0.54057
319.0,1.899761601347861,0.0,0.0,4.1104755146527125,0.0,0.4110475514652713,1.892506559732038,0.5436586404582912,0.54072
320.0,1.899102007684134,0.0,0.0,4.108762561775328,0.0,0.41087625617753276,1.8919437722482877,0.5438651998901816,0.5406
321.0,1.8984495882888262,0.0,0.0,4.1070556640328055,0.0,0.41070556640328054,1.891386955266953,0.5440702632872044,0.54098
322.0,1.8978042359441327,0.0,0.0,4.105354781257181,0.0,0.4105354781257181,1.890836021635375,0.5442738499005778,0.5416
323.0,1.8971658454865072,0.0,0.0,4.103659873670653,0.0,0.41036598736706525,1.890290885825392,0.5444759786396074,0.54156
324.0,1.8965343137584207,0.0,0.0,4.101970901880598,0.0,0.41019709018805983,1.8897514638963082,0.544676668079331,0.54153
325.0,1.8959095395614638,0.0,0.0,4.100287826874669,0.0,0.4100287826874669,1.8892176734588615,0.5448759364679561,0.54188
326.0,1.8952914236107496,0.0,0.0,4.098610610015963,0.0,0.40986106100159625,1.8886894336401594,0.5450738017340965,0.5416
327.0,1.8946798684905797,0.0,0.0,4.096939213038273,0.0,0.40969392130382726,1.8881666650495545,0.5452702814938227,0.54229
328.0,1.894074778611323,0.0,0.0,4.095273598041408,0.0,0.4095273598041408,1.8876492897454324,0.5454653930575225,0.54278
329.0,1.8934760601674832,0.0,0.0,4.09361372748659,0.0,0.4093613727486589,1.8871372312028771,0.5456591534365777,0.54238
330.0,1.8928836210969002,0.0,0.0,4.091959564191921,0.0,0.4091959564191921,1.8866304142821948,0.5458515793498732,0.5426
331.0,1.8922973710410669,0.0,0.0,4.09031107132792,0.0,0.409031107132792,1.886128765198265,0.5460426872301297,0.54317
332.0,1.8917172213065094,0.0,0.0,4.088668212413135,0.0,0.40886682124131346,1.8856322114906947,0.5462324932300746,0.54327
333.0,1.8911430848272144,0.0,0.0,4.087030951309811,0.0,0.4087030951309811,1.8851406819947523,0.5464210132284536,0.54415
334.0,1.8905748761280559,0.0,0.0,4.085399252219631,0.0,0.40853992522196303,1.884654106813056,0.5466082628358858,0.54695
335.0,1.8900125112891994,0.0,0.0,4.0837730796795295,0.0,0.4083773079679529,1.8841724172879966,0.5467942574005706,0.55135
336.0,1.8894559079114532,0.0,0.0,4.0821523985575565,0.0,0.4082152398557556,1.883695545974869,0.5469790120138476,0.5545
337.0,1.8889049850825292,0.0,0.0,4.080537174048818,0.0,0.4080537174048817,1.8832234266156958,0.5471625415156144,0.55514
338.0,1.8883596633441997,0.0,0.0,4.078927371671462,0.0,0.4078927371671462,1.8827559941137169,0.5473448604996104,0.55508
339.0,1.8878198646603068,0.0,0.0,4.077322957262744,0.0,0.4077322957262744,1.8822931845085313,0.5475259833185624,0.55459
340.0,1.887285512385613,0.0,0.0,4.075723896975138,0.0,0.40757238969751375,1.8818349349518688,0.5477059240892052,0.55246
341.0,1.886756531235455,0.0,0.0,4.074130157272513,0.0,0.40741301572725125,1.8813811836839702,0.5478846966971774,0.54927
342.0,1.886232847256189,0.0,0.0,4.072541704926358,0.0,0.4072541704926359,1.8809318700105664,0.5480623148017887,0.54695
343.0,1.8857143877963922,0.0,0.0,4.07095850701209,0.0,0.407095850701209,1.8804869342804293,0.5482387918406776,0.54513
344.0,1.885201081478805,0.0,0.0,4.069380530905369,0.0,0.40693805309053693,1.8800463178634865,0.5484141410343483,0.54363
345.0,1.884692858172991,0.0,0.0,4.067807744278521,0.0,0.40678077442785204,1.8796099631294774,0.5485883753905977,0.54119
346.0,1.8841896489686891,0.0,0.0,4.066240115096975,0.0,0.40662401150969746,1.8791778134271366,0.5487615077088344,0.53761
347.0,1.8836913861498479,0.0,0.0,4.064677611615777,0.0,0.40646776116157773,1.8787498130638947,0.5489335505842923,0.53444
348.0,1.883198003169304,0.0,0.0,4.06312020237614,0.0,0.40631202023761404,1.8783259072860707,0.5491045164121419,0.53273
349.0,1.882709434624109,0.0,0.0,4.0615678562020525,0.0,0.40615678562020524,1.8779060422595564,0.5492744173915018,0.53249
350.0,1.8822256162314646,0.0,0.0,4.060020542196932,0.0,0.40600205421969326,1.8774901650509628,0.549443265529354,0.53241
351.0,1.881746484805263,0.0,0.0,4.058478229740338,0.0,0.40584782297403377,1.8770782236092323,0.5496110726443636,0.53237
352.0,1.8812719782332064,0.0,0.0,4.056940888484719,0.0,0.4056940888484718,1.8766701667476886,0.5497778503706119,0.53331
353.0,1.880802035454494,0.0,0.0,4.0554084883522155,0.0,0.4055408488352215,1.8762659441265228,0.5499436101612334,0.53349
354.0,1.8803365964380585,0.0,0.0,4.053880999531505,0.0,0.4053880999531505,1.8758655062356968,0.5501083632919742,0.53373
355.0,1.8798756021613354,0.0,0.0,4.052358392474702,0.0,0.40523583924747025,1.875468804378257,0.550272120864662,0.5338
356.0,1.8794189945895519,0.0,0.0,4.050840637894287,0.0,0.4050840637894287,1.8750757906540436,0.5504348938105932,0.53433
357.0,1.8789667166555193,0.0,0.0,4.049327706760093,0.0,0.40493277067600925,1.8746864179437879,0.5505966928938465,0.53518
358.0,1.878518712239914,0.0,0.0,4.04781957029633,0.0,0.404781957029633,1.8743006398935824,0.5507575287145129,0.53535
359.0,1.8780749261520402,0.0,0.0,4.046316199978655,0.0,0.40463161999786545,1.873918410899719,0.5509174117118537,0.53452
360.0,1.8776353041110454,0.0,0.0,4.044817567531277,0.0,0.4044817567531277,1.8735396860938804,0.5510763521673873,0.53585
361.0,1.8771997927275947,0.0,0.0,4.043323644924111,0.0,0.40433236449241106,1.873164421328679,0.5512343602079,0.53611
362.0,1.8767683394859809,0.0,0.0,4.041834404369968,0.0,0.40418344043699683,1.8727925731635306,0.5513914458083916,0.53637
363.0,1.876340892726653,0.0,0.0,4.040349818321789,0.0,0.40403498183217884,1.8724240988508571,0.5515476187949516,0.53628
364.0,1.8759174016291684,0.0,0.0,4.0388698594699095,0.0,0.40388698594699096,1.8720589563226058,0.5517028888475726,0.53599
365.0,1.875497816195542,0.0,0.0,4.037394500739374,0.0,0.4037394500739374,1.8716971041770807,0.5518572655028938,0.53646
366.0,1.875082087233984,0.0,0.0,4.035923715287279,0.0,0.40359237152872784,1.8713385016660746,0.5520107581568914,0.53616
367.0,1.8746701663430247,0.0,0.0,4.0344574765001555,0.0,0.4034457476500155,1.8709831086822954,0.5521633760674993,0.53626
368.0,1.8742620058960064,0.0,0.0,4.032995757991393,0.0,0.4032995757991393,1.8706308857470775,0.5523151283571789,0.53661
369.0,1.8738575590259337,0.0,0.0,4.031538533598691,0.0,0.40315385335986903,1.8702817939983738,0.5524660240154238,0.5361
370.0,1.8734567796106778,0.0,0.0,4.030085777381554,0.0,0.4030085777381554,1.8699357951790174,0.5526160719012166,0.53706
371.0,1.8730596222585214,0.0,0.0,4.028637463618818,0.0,0.40286374636188177,1.869592851625247,0.5527652807454236,0.53886
372.0,1.8726660422940342,0.0,0.0,4.027193566806204,0.0,0.4027193566806204,1.8692529262554916,0.5529136591531443,0.5388
373.0,1.8722759957442734,0.0,0.0,4.025754061653921,0.0,0.40257540616539206,1.868915982559404,0.5530612156060009,0.53927
374.0,1.8718894393252972,0.0,0.0,4.0243189230842855,0.0,0.4024318923084285,1.868581984587139,0.553207958464384,0.54084
375.0,1.8715063304289865,0.0,0.0,4.022888126229387,0.0,0.4022888126229387,1.8682508969388707,0.5533538959696489,0.54216
376.0,1.8711266271101659,0.0,0.0,4.021461646428775,0.0,0.40214616464287745,1.8679226847545394,0.5534990362462564,0.54213
377.0,1.8707502880740103,0.0,0.0,4.020039459227183,0.0,0.4020039459227183,1.867597313703825,0.5536433873038796,0.54344
378.0,1.8703772726637409,0.0,0.0,4.018621540372285,0.0,0.40186215403722847,1.8672747499763434,0.5537869570394537,0.54585
379.0,1.870007540848592,0.0,0.0,4.017207865812475,0.0,0.4017207865812475,1.8669549602720519,0.5539297532391891,0.54789
380.0,1.869641053212051,0.0,0.0,4.015798411694684,0.0,0.4015798411694684,1.8666379117918692,0.5540717835805369,0.55054
381.0,1.8692777709403532,0.0,0.0,4.014393154362226,0.0,0.4014393154362226,1.8663235722284959,0.5542130556341158,0.55175
382.0,1.8689176558112384,0.0,0.0,4.012992070352668,0.0,0.4012992070352668,1.8660119097574344,0.5543535768655947,0.55248
383.0,1.8685606701829511,0.0,0.0,4.011595136395728,0.0,0.4011595136395728,1.8657028930282034,0.5544933546375371,0.5541
384.0,1.868206776983487,0.0,0.0,4.010202329411215,0.0,0.4010202329411215,1.8653964911557408,0.5546323962112079,0.555
385.0,1.8678559397000691,0.0,0.0,4.0088136265069725,0.0,0.40088136265069724,1.86509267371199,0.5547707087483387,0.55543
386.0,1.86750812236886,0.0,0.0,4.007429004976874,0.0,0.4007429004976874,1.8647914107176677,0.5549082993128588,0.55581
387.0,1.8671632895648946,0.0,0.0,4.006048442298827,0.0,0.40060484422988263,1.864492672634205,0.5550451748725876,0.55481
388.0,1.866821406392232,0.0,0.0,4.004671916132814,0.0,0.4004671916132814,1.8641964303558605,0.5551813423008959,0.55445
389.0,1.8664824384743206,0.0,0.0,4.003299404318954,0.0,0.40032994043189535,1.8639026552020006,0.5553168083783272,0.5554
390.0,1.8661463519445705,0.0,0.0,4.001930884875594,0.0,0.40019308848755936,1.8636113189095407,0.5554515797941889,0.55522
391.0,1.865813113437129,0.0,0.0,4.000566335997416,0.0,0.40005663359974153,1.8633223936255472,0.5555856631481115,0.55382
392.0,1.8654826900778514,0.0,0.0,3.999205736053586,0.0,0.3999205736053586,1.8630358518999932,0.5557190649515722,0.55256
393.0,1.8651550494754683,0.0,0.0,3.9978490635859076,0.0,0.39978490635859076,1.8627516666786645,0.5558517916293895,0.55178
394.0,1.8648301597129349,0.0,0.0,3.996496297307016,0.0,0.39964962973070156,1.8624698112962157,0.5559838495211883,0.55116
395.0,1.8645079893389696,0.0,0.0,3.9951474160985816,0.0,0.39951474160985817,1.8621902594693673,0.5561152448828324,0.55043
396.0,1.8641885073597677,0.0,0.0,3.9938023990095517,0.0,0.39938023990095517,1.8619129852902452,0.55624598388783,0.54942
397.0,1.8638716832308893,0.0,0.0,3.9924612252543996,0.0,0.39924612252543995,1.8616379632198565,0.5563760726287118,0.54776
398.0,1.8635574868493179,0.0,0.0,3.991123874211408,0.0,0.3991123874211408,1.8613651680816996,0.5565055171183776,0.54669
399.0,1.8632458885456868,0.0,0.0,3.9897903254209686,0.0,0.3989790325420969,1.8610945750555044,0.5566343232914179,0.54692
400.0,1.8629368590766646,0.0,0.0,3.9884605585839097,0.0,0.39884605585839095,1.8608261596711009,0.5567624970054128,0.54744
401.0,1.8626303696174995,0.0,0.0,3.987134553559831,0.0,0.3987134553559831,1.8605598978024127,0.5568900440421968,0.54825
402.0,1.8623263917547197,0.0,0.0,3.9858122903654807,0.0,0.3985812290365481,1.8602957656615695,0.5570169701091072,0.5484
403.0,1.8620248974789801,0.0,0.0,3.9844937491731325,0.0,0.39844937491731325,1.860033739793143,0.5571432808402013,0.54806
404.0,1.8617258591780628,0.0,0.0,3.9831789103090007,0.0,0.3983178910309001,1.8597737970684947,0.5572689817974519,0.54802
405.0,1.8614292496300138,0.0,0.0,3.9818677542516627,0.0,0.3981867754251663,1.8595159146802385,0.5573940784719218,0.54876
406.0,1.8611350419964239,0.0,0.0,3.980560261630505,0.0,0.39805602616305047,1.8592600701368156,0.5575185762849102,0.54974
407.0,1.8608432098158465,0.0,0.0,3.9792564132241974,0.0,0.39792564132241975,1.8590062412571757,0.5576424805890818,0.55056
408.0,1.8605537269973471,1e-323,0.0,3.9779561899591673,0.0,0.39779561899591676,1.8587544061655643,0.5577657966695688,0.55167
409.0,1.8602665678141828,5.07e-321,1.581010067e-315,3.9766595729081193,1.58101007e-316,0.3976659572908119,1.8585045432864131,0.5578885297450575,0.55245
410.0,1.8599817068976132,3.74745e-318,1.14860381345e-312,3.9753665432885446,1.14860381345e-313,0.39753665432885443,1.8582566313393323,0.5580106849688473,0.55297
411.0,1.8596991192308316,2.60108822e-315,7.95285612535154e-310,3.9740770824612754,7.9528561253515e-311,0.39740770824612753,1.8580106493342006,0.5581322674298959,0.55345
412.0,1.8594187801430184,1.697612641255e-312,5.1778712646483494e-307,3.972791171929038,5.177871264648349e-308,0.3972791171929038,1.8577665765663518,0.5582532821538375,0.55369
413.0,1.8591406653035147,1.0424957502313e-309,3.1720067702907864e-304,3.9715087933350346,3.1720067702907866e-305,0.39715087933350346,1.857524392611856,0.5583737341039899,0.55403
414.0,1.8588647507161116,6.027628354696132e-307,1.8295993195828887e-301,3.9702299284615368,1.8295993195828887e-302,0.39702299284615367,1.857284077322892,0.5584936281823317,0.55465
415.0,1.8585910127134513,3.283490754133605e-304,9.942544994039657e-299,3.9689545592285027,9.942544994039657e-300,0.39689545592285025,1.8570456108232107,0.5586129692304735,0.55366
416.0,1.8583194279515398,1.6862399846979636e-301,5.093729950112007e-296,3.967682667692204,5.093729950112007e-297,0.3967682667692204,1.856808973503685,0.5587317620305974,0.552
417.0,1.858049973404369,8.169035787445666e-299,2.4617537474102074e-293,3.9664142360438754,2.4617537474102073e-294,0.39664142360438753,1.856574146017948,0.5588500113063904,0.55064
418.0,1.8577826263586423,3.735598117440227e-296,1.1230361342118737e-290,3.9651492466083793,1.1230361342118736e-291,0.39651492466083793,1.8563411092781124,0.5589677217239529,0.55007
419.0,1.8575173644086058,1.6134448134717726e-293,4.8389368715756325e-288,3.9638876818428828,4.838936871575633e-289,0.39638876818428825,1.8561098444505755,0.5590848978926923,0.55085
420.0,1.857254165450977,6.58591341391156e-291,1.9705006855545743e-285,3.962629524335559,1.9705006855545745e-286,0.3962629524335559,1.855880332951901,0.5592015443662012,0.5503
421.0,1.8569930076799777,2.5421773717501156e-288,7.588109981199404e-283,3.9613747568042967,7.588109981199403e-284,0.3961374756804297,1.8556525564447823,0.559317665643117,0.54963
422.0,1.8567338695824571,9.284966436386613e-286,2.764889321836965e-280,3.9601233620954277,2.7648893218369656e-281,0.3960123362095428,1.855426496834081,0.5594332661679665,0.55022
423.0,1.856476729933114,3.2106501877022443e-283,9.538113515774997e-278,3.9588753231824763,9.538113515774997e-279,0.39588753231824764,1.855202136262941,0.5595483503319946,0.55154
424.0,1.8562215677898097,1.0517054758610652e-280,3.117009619533283e-275,3.9576306231649094,3.1170096195332832e-276,0.39576306231649094,1.8549794571089766,0.5596629224739804,0.55287
425.0,1.8559683624889696,3.2653593036471556e-278,9.654991811453163e-273,3.956389245266916,9.654991811453164e-274,0.3956389245266916,1.8547584419805323,0.559776986881032,0.55439
426.0,1.8557170936410738,9.614963338009019e-276,2.8362721302558054e-270,3.955151172836195,2.8362721302558053e-271,0.3955151172836195,1.8545390737130123,0.5598905477893725,0.55363
427.0,1.855467741126238,2.6864897555117747e-273,7.906188739915721e-268,3.95391638934276,7.90618873991572e-269,0.395391638934276,1.8543213353652808,0.5600036093851102,0.55258
428.0,1.8552202850898694,7.126589353103192e-271,2.0924150240056284e-265,3.9526848783777533,2.0924150240056284e-266,0.39526848783777535,1.854105210216126,0.5601161758049931,0.55419
429.0,1.8549747059384147,1.7958597262027344e-268,5.260475265935932e-263,3.9514566236522795,5.260475265935932e-264,0.3951456623652279,1.8538906817607943,0.5602282511371501,0.55728
430.0,1.854730984335184,4.3011981681304114e-266,1.2569872155006863e-260,3.9502316089962513,1.2569872155006862e-261,0.39502316089962514,1.8536777337075858,0.5603398394218213,0.55932
431.0,1.854489101196252,9.796303403623604e-264,2.856240817184278e-258,3.9490098183572515,2.856240817184278e-259,0.39490098183572514,1.8534663499745152,0.5604509446520712,0.56108
432.0,1.854249037686441,2.122840099264523e-261,6.175091537588197e-256,3.9477912357993996,6.175091537588196e-257,0.39477912357993994,1.8532565146860318,0.5605615707744933,0.56305
433.0,1.8540107752153763,4.379034649168606e-259,1.270867721352725e-253,3.9465758455022453,1.270867721352725e-254,0.39465758455022454,1.8530482121698026,0.5606717216898964,0.564
434.0,1.853774295433615,8.603329274275619e-257,2.4910742898136675e-251,3.945363631759664,2.4910742898136673e-252,0.3945363631759664,1.8528414269535534,0.5607814012539848,0.565
435.0,1.8535395802288495,1.6106459693659335e-254,4.652867627488761e-249,3.944154578978771,4.652867627488761e-250,0.3944154578978771,1.8526361437619665,0.5608906132780225,0.56734
436.0,1.8533066117221795,2.8747141711890286e-252,8.285487083832957e-247,3.942948671678846,8.285487083832957e-248,0.39429486716788464,1.8524323475136382,0.5609993615294862,0.56938
437.0,1.8530753722644537,4.893992622733457e-250,1.4073163634143771e-244,3.941745894490272,1.407316363414377e-245,0.3941745894490272,1.8522300233180884,0.5611076497327082,0.56984
438.0,1.8528458444326805,7.950902877371262e-248,2.28114137616032e-242,3.9405462321534848,2.2811413761603201e-243,0.3940546232153485,1.852029156472827,0.561215481569505,0.5698
439.0,1.8526180110265018,1.2332807952661446e-245,3.530265044393164e-240,3.9393496695179366,3.530265044393164e-241,0.39393496695179364,1.8518297324604722,0.5613228606797988,0.57007
440.0,1.8523918550647365,1.827280583052277e-243,5.2187011416039165e-238,3.9381561915410725,5.218701141603916e-239,0.3938156191541073,1.851631736945921,0.5614297906622244,0.57
441.0,1.8521673597819814,2.5873140579590986e-241,7.372595770534151e-236,3.9369657832873135,7.37259577053415e-237,0.39369657832873134,1.851435155773571,0.561536275074726,0.56757
442.0,1.85194450862528,3.5026289865010915e-239,9.958220354970581e-234,3.935778429927059,9.95822035497058e-235,0.3935778429927059,1.851239974964592,0.5616423174351473,0.56637
443.0,1.8517232852508492,4.535636463171798e-237,1.2866024552645159e-231,3.934594116735695,1.2866024552645159e-232,0.3934594116735695,1.8510461807142466,0.5617479212218055,0.56651
444.0,1.8515036735208634,5.6205278487126746e-235,1.590757567460593e-229,3.933412829092616,1.590757567460593e-230,0.39334128290926157,1.8508537593892582,0.5618530898740612,0.56546
445.0,1.851285657500302,6.668129804523384e-233,1.8830155152425892e-227,3.9322345524802587,1.883015515242589e-228,0.3932234552480259,1.8506626975252265,0.5619578267928731,0.56395
446.0,1.8510692214538502,7.57722286787392e-231,2.1349370131233445e-225,3.9310592724831452,2.1349370131233448e-226,0.39310592724831456,1.8504729818240884,0.5620621353413462,0.56356
447.0,1.8508543498428567,8.250568456500797e-229,2.319456398289269e-223,3.9298869747869394,2.319456398289269e-224,0.39298869747869397,1.8502845991516241,0.5621660188452702,0.56404
448.0,1.8506410273223461,8.6121572529524e-227,2.415704460485296e-221,3.9287176451775125,2.4157044604852963e-222,0.39287176451775124,1.8500975365350079,0.5622694805936505,0.56401
449.0,1.8504292387380843,8.621415112201926e-225,2.4129153122531483e-219,3.9275512695400185,2.412915312253148e-220,0.39275512695400183,1.8499117811604004,0.562372523839222,0.56426
450.0,1.850218969123697,8.28067539811016e-223,2.3124007997746322e-217,3.9263878338579823,2.3124007997746325e-218,0.3926387833857982,1.8497273203705855,0.562475151798968,0.56573
451.0,1.8500102036978407,7.634023317833911e-221,2.1270945962430328e-215,3.9252273242123996,2.1270945962430328e-216,0.39252273242124,1.8495441416626461,0.5625773676546145,0.5669
452.0,1.8498029278614216,6.758020647267135e-219,1.878844957368369e-213,3.924069726780839,1.8788449573683693e-214,0.3924069726780839,1.8493622326856831,0.5626791745531312,0.56794
453.0,1.8495971271948644,5.746978270215514e-217,1.594230879827747e-211,3.9229150278365674,1.5942308798277472e-212,0.39229150278365676,1.8491815812385715,0.5627805756072111,0.56899
454.0,1.8493927874554306,4.69663960007714e-215,1.2999936972829294e-209,3.92176321374767,1.2999936972829293e-210,0.39217632137476705,1.849002175267758,0.5628815738957506,0.57019
455.0,1.8491898945745837,3.690066126895089e-213,1.019137110814431e-207,3.9206142709761975,1.019137110814431e-208,0.39206142709761976,1.8488240028650944,0.5629821724643177,0.57105
456.0,1.8489884346554004,2.7883666365434793e-211,7.684133456912171e-206,3.919468186077304,7.684133456912171e-207,0.3919468186077304,1.848647052265712,0.5630823743256134,0.57137
457.0,1.8487883939700258,2.0272253191959445e-209,5.574368638912213e-204,3.918324945698408,5.574368638912213e-205,0.3918324945698408,1.8484713118459264,0.5631821824599264,0.57018
458.0,1.8485897589571754,1.4185878152639208e-207,3.8922489597424704e-202,3.9171845365783646,3.8922489597424704e-203,0.3917184536578365,1.848296770121186,0.5632815998155762,0.56915
459.0,1.8483925162196806,9.55820197075547e-206,2.616817175847744e-200,3.9160469455466314,2.6168171758477443e-201,0.3916046945546631,1.8481234157440505,0.5633806293093551,0.57004
460.0,1.8481966525220743,6.2033140422614025e-204,1.6946335498329413e-198,3.914912159522461,1.6946335498329413e-199,0.3914912159522461,1.8479512375022045,0.5634792738269567,0.57067
461.0,1.8480021547882213,3.879349020814862e-202,1.0574693609112996e-196,3.913780165514091,1.0574693609112996e-197,0.3913780165514091,1.847780224316507,0.5635775362234012,0.56907
462.0,1.847809010098987,2.3385116958567548e-200,6.360736938560511e-195,3.91265095061795,6.360736938560511e-196,0.391265095061795,1.847610365239073,0.5636754193234534,0.56645
463.0,1.8476172056899498,1.359321233090274e-198,3.689359481421187e-193,3.911524502017869,3.689359481421187e-194,0.3911524502017869,1.847441649451387,0.5637729259220312,0.56263
464.0,1.8474267289491488,7.6218600968819e-197,2.0642051454356346e-191,3.910400806984301,2.0642051454356346e-192,0.3910400806984301,1.8472740662624487,0.5638700587846102,0.56087
465.0,1.847237567414873,4.123906782191606e-195,1.1144632473997653e-189,3.9092798528735484,1.1144632473997653e-190,0.39092798528735484,1.847107605106952,0.5639668206476205,0.56141
466.0,1.8470497087734876,2.153855806888042e-193,5.808186763786428e-188,3.9081616271270083,5.808186763786428e-189,0.3908161627127008,1.8469422555434913,0.5640632142188372,0.5624
467.0,1.8468631408572966,1.0862593383227564e-191,2.92298446010114e-186,3.90704611727041,2.92298446010114e-187,0.390704611727041,1.8467780072528,0.5641592421777644,0.56342
468.0,1.8466778516424431,5.291843826137041e-190,1.4209245887296266e-184,3.9059333109130736,1.4209245887296265e-185,0.39059333109130734,1.8466148500360184,0.5642549071760127,0.56394
469.0,1.8464938292468438,2.491052694502001e-188,6.674518417699398e-183,3.9048231957471735,6.674518417699398e-184,0.39048231957471735,1.8464527738129903,0.5643502118376719,0.56643
470.0,1.846311061928159,1.1334577864562126e-186,3.030521408582967e-181,3.9037157595470076,3.030521408582967e-182,0.39037157595470073,1.846291768620588,0.5644451587596769,0.56883
471.0,1.8461295380817984,4.986741157731623e-185,1.3304721347332083e-179,3.9026109901682755,1.3304721347332082e-180,0.39026109901682754,1.8461318246110638,0.5645397505121661,0.57061
472.0,1.8459492462389573,2.122062763247039e-183,5.649709141926572e-178,3.9015088755473664,5.649709141926571e-179,0.3901508875547366,1.8459729320504321,0.5646339896388362,0.57127
473.0,1.8457701750646889,8.737130672617397e-182,2.3212266836827792e-176,3.900409403700653,2.3212266836827794e-177,0.3900409403700653,1.8458150813168748,0.5647278786572925,0.57191
474.0,1.8455923133560073,3.4816599803659846e-180,9.230343811489756e-175,3.8993125627237935,9.230343811489757e-176,0.38993125627237935,1.845658262899174,0.5648214200593881,0.57419
475.0,1.845415650040021,1.343219393521733e-178,3.5535563611344956e-173,3.8982183407910385,3.553556361134496e-174,0.3898218340791038,1.8455024673951725,0.5649146163115655,0.57556
476.0,1.8452401741721025,5.018630784296932e-177,1.3249154288257833e-171,3.897126726154553,1.3249154288257832e-172,0.38971267261545534,1.8453476855102569,0.5650074698551856,0.57699
477.0,1.8450658749340805,1.8164955602898208e-175,4.7854835282892886e-170,3.896037707143737,4.785483528289289e-171,0.38960377071437374,1.845193908055867,0.5650999831068557,0.57767
478.0,1.8448927416324694,6.371267653835402e-174,1.6749730255517636e-168,3.8949512721645583,1.6749730255517636e-169,0.3894951272164558,1.845041125948028,0.5651921584587515,0.57745
479.0,1.8447207636967227,2.1661569087856274e-172,5.682824744186808e-167,3.8938674096988883,5.682824744186809e-168,0.38938674096988884,1.8448893302059086,0.5652839982789334,0.57812
480.0,1.8445499306775202,7.140937143597126e-171,1.8694929725059342e-165,3.892786108303854,1.8694929725059342e-166,0.3892786108303854,1.844738511950403,0.5653755049116569,0.57789
481.0,1.844380232245078,2.2832264707590494e-169,5.965045743882229e-164,3.891707356611183,5.96504574388223e-165,0.3891707356611183,1.8445886624027308,0.565466680677683,0.57704
482.0,1.8442116581874906,7.082671225292168e-168,1.846545053043128e-162,3.8906311433265737,1.8465450530431282e-163,0.38906311433265733,1.8444397728830668,0.5655575278745757,0.57658
483.0,1.844044198409098,2.1321802429137923e-166,5.5473637989791064e-161,3.8895574572290497,5.547363798979106e-162,0.388955745722905,1.8442918348091877,0.5656480487770021,0.57613
484.0,1.8438778429288791,6.23092517586509e-165,1.6177709716996245e-159,3.8884862871703385,1.6177709716996243e-160,0.38884862871703385,1.8441448396951419,0.5657382456370257,0.57511
485.0,1.8437125818788735,1.7680910724521567e-163,4.581131483788367e-158,3.8874176220742567,4.581131483788366e-159,0.3887417622074257,1.8439987791499415,0.5658281206843901,0.5693
486.0,1.8435484055026252,4.873046323554871e-162,1.2600104140479617e-156,3.886351450936087,1.2600104140479615e-157,0.3886351450936087,1.8438536448762743,0.5659176761268091,0.56437
487.0,1.843385304153657,1.3048460424023413e-160,3.3669771998989006e-155,3.885287762821977,3.3669771998989007e-156,0.38852877628219773,1.843709428669237,0.5660069141502413,0.57105
488.0,1.8432232682939627,3.395459303461603e-159,8.743565576490236e-154,3.8842265468683363,8.743565576490236e-155,0.3884226546868336,1.8435661224150877,0.566095836919167,0.57393
489.0,1.8430622884925298,8.588844021600642e-158,2.207169675344719e-152,3.8831677922812426,2.207169675344719e-153,0.3883167792281243,1.8434237180900193,0.5661844465768586,0.57287
490.0,1.8429023554238833,2.1124330751143694e-156,5.4174728407995084e-151,3.882111488335855,5.417472840799508e-152,0.3882111488335855,1.8432822077589512,0.5662727452456469,0.57266
491.0,1.8427434598666503,5.053091059366037e-155,1.293258961305467e-149,3.8810576243758286,1.2932589613054671e-150,0.3881057624375829,1.8431415835743408,0.566360735027185,0.57383
492.0,1.8425855927021533,1.1758984924709113e-153,3.0034098091983153e-148,3.8800061898127423,3.0034098091983154e-149,0.38800061898127425,1.8430018377750141,0.5664484180027052,0.57488
493.0,1.842428744913021,2.6627627753259037e-152,6.78727462329917e-147,3.878957174125525,6.78727462329917e-148,0.38789571741255247,1.842862962685014,0.566535796233276,0.57445
494.0,1.8422729075818234,5.868880030389276e-151,1.4929255375118049e-145,3.8779105668598954,1.4929255375118048e-146,0.38779105668598957,1.842724950712466,0.5666228717600504,0.57603
495.0,1.842118071889728,1.259351828099066e-149,3.197067031467396e-144,3.876866357627803,3.197067031467396e-145,0.3876866357627803,1.8425877943484636,0.5667096466045153,0.5778
496.0,1.8419642291151785,2.6315753362321508e-148,6.667207857802432e-143,3.875824536106872,6.667207857802432e-144,0.38758245361068716,1.84245148616597,0.5667961227687327,0.57815
497.0,1.8418113706325923,5.356338936973839e-147,1.3543207287351287e-141,3.87478509203986,1.3543207287351287e-142,0.38747850920398597,1.8423160188187362,0.5668823022355813,0.57821
498.0,1.841659487911079,1.0622072936247738e-145,2.6803394620410326e-140,3.8737480152341126,2.680339462041033e-141,0.38737480152341125,1.8421813850402367,0.5669681869689912,0.57879
499.0,1.841508572513182,2.0527867135296078e-144,5.169554836562205e-139,3.8727132955610313,5.169554836562205e-140,0.3872713295561031,1.8420475776426222,0.5670537789141785,0.57939
500.0,1.8413586160936342,3.8670065417795295e-143,9.718847474430593e-138,3.8716809229555404,9.718847474430592e-139,0.38716809229555404,1.8419145895156877,0.5671390799978714,0.5808
501.0,1.8412096103981388,7.102391600306959e-142,1.781462776402571e-136,3.8706508874155667,1.7814627764025706e-137,0.38706508874155665,1.841782413625856,0.5672240921285396,0.58102
502.0,1.8410615472621663,1.2721371990958557e-140,3.184491537081941e-135,3.8696231790015143,3.184491537081941e-136,0.38696231790015145,1.8416510430151793,0.5673088171966131,0.5809
503.0,1.8409144186097706,2.222607831811383e-139,5.552706509924277e-134,3.8685977878357583,5.552706509924278e-135,0.38685977878357586,1.8415204708003525,0.5673932570747034,0.58177
504.0,1.8407682164524226,3.788699216775011e-138,9.446467957207758e-133,3.867574704102127,9.446467957207759e-134,0.3867574704102127,1.8413906901717447,0.5674774136178196,0.58193
505.0,1.8406229328878643,6.302510955048562e-137,1.5683106626178023e-131,3.866553918045409,1.5683106626178025e-132,0.3866553918045409,1.8412616943924445,0.5675612886635808,0.5812
506.0,1.8404785600989773,1.0233637613025435e-135,2.5414957110340624e-130,3.8655354199708456,2.541495711034062e-131,0.3865535419970846,1.841133476797318,0.5676448840324251,0.58107
507.0,1.8403350903526738,1.6223147719904643e-134,4.0210273526591264e-129,3.864519200243644,4.0210273526591264e-130,0.38645192002436435,1.8410060307920848,0.5677282015278149,0.58111
508.0,1.840192515998798,2.5114444607065362e-133,6.212547612326326e-128,3.8635052492884823,6.212547612326326e-129,0.38635052492884825,1.8408793498524054,0.5678112429364448,0.58002
509.0,1.8400508294690492,3.797424074752604e-132,9.375213812029703e-127,3.8624935575890356,9.375213812029704e-128,0.38624935575890357,1.8407534275229824,0.5678940100284374,0.57927
510.0,1.8399100232759198,5.609503088817292e-131,1.3821783289504045e-125,3.8614841156874884,1.3821783289504046e-126,0.38614841156874885,1.8406282574166768,0.5679765045575444,0.57969
511.0,1.8397700900116511,8.096944835936183e-130,1.9911782710840646e-124,3.860476914184065,1.9911782710840645e-125,0.3860476914184065,1.8405038332136359,0.5680587282613385,0.57966
512.0,1.8396310223472017,1.1422738218102758e-128,2.8035617554586708e-123,3.8594719437365628,2.803561755458671e-124,0.38594719437365627,1.8403801486604359,0.5681406828614083,0.57971
513.0,1.8394928130312342,1.5752929278965284e-127,3.8588137930071656e-122,3.85846919505988,3.858813793007165e-123,0.38584691950598804,1.8402571975692363,0.5682223700635454,0.58004
514.0,1.839355454889117,2.1241409696587655e-126,5.19314059569578e-121,3.857468658925569,5.19314059569578e-122,0.3857468658925569,1.840134973816947,0.568303791557931,0.58013
515.0,1.8392189408219395,2.801071434739771e-125,6.834815876938786e-120,3.856470326161368,6.834815876938786e-121,0.3856470326161368,1.8400134713444087,0.568384949019322,0.58036
516.0,1.839083263805546,3.61302422104059e-124,8.79895375973884e-119,3.8554741876507586,8.79895375973884e-120,0.38554741876507587,1.8398926841555845,0.5684658441072288,0.58093
517.0,1.8389484168895798,4.559418875104907e-123,1.1082272218698813e-117,3.854480234332516,1.1082272218698812e-118,0.38544802343325163,1.8397726063167639,0.568546478466096,0.58129
518.0,1.838814393196541,5.630218336214907e-122,1.365857340784502e-116,3.8534884572002728,1.365857340784502e-117,0.38534884572002726,1.8396532319557786,0.5686268537254802,0.58077
519.0,1.8386811859208674,6.804597004777382e-121,1.6475739468861452e-115,3.852498847302074,1.6475739468861453e-116,0.3852498847302074,1.8395345552612299,0.5687069715002193,0.57976
520.0,1.8385487883280165,8.050529360146403e-120,1.945498761180375e-114,3.851511395739949,1.9454987611803751e-115,0.38515113957399494,1.8394165704817287,0.5687868333906062,0.57921
521.0,1.8384171937535696,9.325537707514677e-119,2.2492929560616283e-113,3.8505260936694854,2.249292956061628e-114,0.3850526093669486,1.839299271925143,0.5688664409825582,0.57915
522.0,1.8382863956023476,1.0578703526650428e-117,2.54666492596394e-112,3.8495429322993977,2.5466649259639402e-113,0.3849542932299398,1.8391826539578617,0.5689457958477814,0.5787
523.0,1.8381563873475393,1.1753872788669949e-116,2.824159113125391e-111,3.8485619028911104,2.824159113125391e-112,0.38485619028911106,1.839066711004065,0.5690248995439359,0.57846
524.0,1.83802716252984,1.279379902173813e-115,3.0681606884119694e-110,3.847582996758345,3.068160688411969e-111,0.38475829967583447,1.8389514375450062,0.5691037536147983,0.57891
525.0,1.83789871475661,1.3644802549253238e-114,3.2660123008317905e-109,3.8466062052667036,3.2660123008317905e-110,0.3846606205266703,1.8388368281183072,0.5691823595904191,0.57938
526.0,1.8377710377010357,1.4261413089183307e-113,3.407114113367878e-108,3.8456315198332627,3.4071141133678776e-109,0.38456315198332625,1.8387228773172595,0.5692607189872808,0.57969
527.0,1.8376441251013131,1.4610430397008219e-112,3.48387254656744e-107,3.844658931926168,3.48387254656744e-108,0.3844658931926168,1.8386095797901385,0.5693388333084536,0.57981
528.0,1.837517970759836,1.4673894152716495e-111,3.492378641646088e-106,3.8436884330642362,3.4923786416460875e-107,0.3843688433064236,1.838496930239527,0.5694167040437477,0.5806
529.0,1.8373925685423977,1.4450592894416427e-110,3.4327316806892637e-105,3.8427200148165577,3.4327316806892637e-106,0.38427200148165575,1.8383849234216487,0.5694943326698646,0.58093
530.0,1.8372679123774087,1.3955939354680784e-109,3.3089718151403643e-104,3.8417536688021046,3.3089718151403646e-105,0.3841753668802104,1.8382735541457096,0.5695717206505437,0.58114
531.0,1.837143996255118,1.3220261549796718e-108,3.1286385358476074e-103,3.8407893866893406,3.128638535847607e-104,0.38407893866893406,1.8381628172732518,0.5696488694367138,0.58135
532.0,1.837020814226854,1.2285766899514035e-107,2.902020679340597e-102,3.839827160195838,2.902020679340597e-103,0.3839827160195838,1.8380527077175144,0.5697257804666305,0.58142
533.0,1.8368983604042701,1.1202596100103876e-106,2.6412002708607884e-101,3.838866981087897,2.6412002708607884e-102,0.3838866981087897,1.8379432204428046,0.5698024551660257,0.58094
534.0,1.8367766289586047,1.0024470915990318e-105,2.359011549498107e-100,3.837908841180166,2.359011549498107e-101,0.38379088411801665,1.837834350463876,0.5698788949482444,0.58056
535.0,1.83665561411995,8.804446849853676e-105,2.0680363022371663e-99,3.8369527323352695,2.0680363022371665e-100,0.383695273233527,1.8377260928453203,0.5699551012143849,0.58103
536.0,1.836535310176533,7.591214456025182e-104,1.7797390721547276e-98,3.835998646463436,1.7797390721547275e-99,0.38359986464634366,1.8376184427009608,0.5700310753534359,0.58104
537.0,1.8364157114740067,6.426270954949931e-103,1.5038156887931595e-97,3.8350465755221355,1.5038156887931597e-98,0.3835046575522136,1.837511395193261,0.5701068187424095,0.58032
538.0,1.8362968124147487,5.342133109516417e-102,1.247792277424206e-96,3.8340965115157104,1.2477922774242062e-97,0.38340965115157105,1.8374049455327377,0.5701823327464762,0.58003
539.0,1.8361786074571735,4.361610601859943e-101,1.0168759795638259e-95,3.83314844649502,1.0168759795638258e-96,0.383314844649502,1.8372990889773841,0.5702576187190972,0.57967
540.0,1.8360610911150526,3.49802983522254e-100,8.14028506101707e-95,3.832202372557085,8.14028506101707e-96,0.3832202372557085,1.8371938208320997,0.5703326780021519,0.57951
541.0,1.835944257956846,2.756206820760293e-99,6.402128724491399e-94,3.831258281844728,6.4021287244914e-95,0.38312582818447277,1.8370891364481305,0.570407511926066,0.57892
542.0,1.8358281026050391,2.1339209931844566e-98,4.947535435814999e-93,3.8303161665462326,4.947535435814999e-94,0.38303161665462326,1.8369850312225144,0.5704821218099386,0.57816
543.0,1.8357126197354958,1.6236372469469422e-97,3.75750043985508e-92,3.829376018894991,3.7575004398550796e-93,0.3829376018894991,1.836881500597536,0.5705565089616678,0.57812
544.0,1.8355978040768135,1.2142526248174341e-96,2.8049170042121866e-91,3.8284378311691634,2.8049170042121868e-92,0.38284378311691636,1.8367785400601886,0.570630674678071,0.5783
545.0,1.8354836504096919,8.926949110790866e-96,2.058336715260956e-90,3.8275015956913383,2.058336715260956e-91,0.38275015956913383,1.836676145141644,0.5707046202450066,0.57874
546.0,1.8353701535663107,6.452603407943795e-95,1.4850880192618819e-89,3.826567304828193,1.485088019261882e-90,0.38265673048281934,1.836574311416729,0.5707783469374947,0.57899
547.0,1.8352573084297121,4.5863595677803656e-94,1.053636089569291e-88,3.825634950990167,1.053636089569291e-89,0.3825634950990167,1.8364730345034106,0.5708518560198357,0.57865
548.0,1.8351451099331975,3.2060118079795777e-93,7.351812513336329e-88,3.8247045266311224,7.351812513336329e-89,0.38247045266311225,1.8363723100622857,0.5709251487457238,0.57899
549.0,1.835033553059728,2.2043882177831988e-92,5.045748510490051e-87,3.8237760242480254,5.04574851049005e-88,0.3823776024248025,1.8362721337960817,0.5709982263583633,0.57963
550.0,1.8349226328413344,1.491071371037588e-91,3.40679190198527e-86,3.8228494363806154,3.4067919019852705e-87,0.38228494363806154,1.8361725014491597,0.5710710900905849,0.57972
551.0,1.8348123443585391,9.923320143110515e-91,2.2631600479720952e-85,3.8219247556110894,2.263160047972095e-86,0.3821924755611089,1.8360734088070283,0.5711437411649529,0.57983
552.0,1.8347026827397797,6.4986631497494385e-90,1.479431334015039e-84,3.82100197456378,1.479431334015039e-85,0.382100197456378,1.835974851695862,0.5712161807938783,0.58021
553.0,1.834593643160847,4.188505997960495e-89,9.517959980260019e-84,3.8200810859048406,9.51795998026002e-85,0.38200810859048406,1.8358768259820268,0.5712884101797259,0.58067
554.0,1.8344852208443239,2.6571826008595014e-88,6.027281832568108e-83,3.819162082341934,6.027281832568108e-84,0.3819162082341934,1.8357793275716119,0.5713604305149259,0.58115
555.0,1.8343774110590416,1.6594694920076003e-87,3.757388947709884e-82,3.818244956623927,3.757388947709884e-83,0.3818244956623927,1.8356823524099677,0.5714322429820751,0.58182
556.0,1.8342702091195318,1.0203769912828403e-86,2.3061934242490846e-81,3.8173297015405745,2.3061934242490844e-82,0.38173297015405744,1.8355858964812526,0.5715038487540441,0.58263
557.0,1.8341636103854957,6.178070834053103e-86,1.3938227609061828e-80,3.816416309922224,1.3938227609061827e-81,0.38164163099222237,1.8354899558079805,0.571575248994081,0.58277
558.0,1.834057610261277,3.683856640325672e-85,8.296184199372837e-80,3.8155047746395123,8.296184199372837e-81,0.38155047746395127,1.8353945264505822,0.5716464448559123,0.58315
559.0,1.8339522041953393,2.163547253356391e-84,4.8636738152692757e-79,3.814595088603065,4.863673815269275e-80,0.38145950886030655,1.8352996045069643,0.5717174374838444,0.58363
560.0,1.8338473876797572,1.2516979527050196e-83,2.808803637665339e-78,3.8136872447632073,2.8088036376653387e-79,0.38136872447632075,1.8352051861120804,0.5717882280128633,0.58344
561.0,1.833743156249707,7.134397727522468e-83,1.5981013539088986e-77,3.8127812361096605,1.5981013539088986e-78,0.381278123610966,1.835111267437506,0.5718588175687328,0.5838
562.0,1.833639505482971,4.0067689366686e-82,8.95917142780773e-77,3.8118770556712653,8.95917142780773e-78,0.38118770556712656,1.8350178446910177,0.5719292072680903,0.58439
563.0,1.8335364309994426,2.217504681577229e-81,4.949553404578327e-76,3.810974696515684,4.949553404578328e-77,0.38109746965156843,1.8349249141161805,0.571999398218542,0.58437
564.0,1.8334339284606431,1.2095437828840418e-80,2.6949601861728466e-75,3.8100741517491215,2.6949601861728467e-76,0.38100741517491216,1.8348324719919384,0.5720693915187615,0.58435
565.0,1.8333319935692416,6.503070461483061e-80,1.4463715672617327e-74,3.8091754145160386,1.4463715672617327e-75,0.38091754145160384,1.8347405146322133,0.5721391882585778,0.58445
566.0,1.833230622068584,3.4467330517679755e-79,7.652460236268127e-74,3.8082784779988788,7.652460236268128e-75,0.3808278477998879,1.8346490383855063,0.5722087895190701,0.58438
567.0,1.8331298097422246,1.8011138226491324e-78,3.9917925597979145e-73,3.807383335417783,3.991792559797914e-74,0.38073833354177833,1.8345580396345054,0.572278196372659,0.58413
568.0,1.8330295524134697,9.280481058322224e-78,2.053203599620023e-72,3.806489980030324,2.053203599620023e-73,0.3806489980030324,1.8344675147956995,0.572347409883196,0.58326
569.0,1.8329298459449215,4.715705111629755e-77,1.0414639392050527e-71,3.805598405131226,1.0414639392050528e-72,0.38055984051312264,1.834377460318996,0.5724164311060501,0.5822
570.0,1.8328306862380326,2.363306906239943e-76,5.210208852506265e-71,3.8047086040521014,5.210208852506265e-72,0.38047086040521017,1.8342878726873442,0.572485261088197,0.58169
571.0,1.832732069232663,1.1682639377587207e-75,2.571074889188568e-70,3.8038205701611796,2.571074889188568e-71,0.38038205701611794,1.834198748416364,0.5725539008683075,0.58171
572.0,1.832633990906645,5.697164106911419e-75,1.251620203116669e-69,3.802934296863043,1.251620203116669e-70,0.3802934296863043,1.8341100840539784,0.5726223514768288,0.58174
573.0,1.8325364472753547,2.7410848251443094e-74,6.011428935106336e-69,3.8020497775983677,6.011428935106336e-70,0.38020497775983675,1.8340218761800522,0.5726906139360713,0.58029
574.0,1.832439434391286,1.301310146106926e-73,2.848910379826745e-68,3.801167005843658,2.848910379826745e-69,0.3801167005843658,1.8339341214060347,0.5727586892602913,0.58017
575.0,1.8323429483436342,6.09651849088193e-73,1.3323671445863658e-67,3.800285975110993,1.3323671445863657e-68,0.3800285975110993,1.833846816374607,0.5728265784557731,0.58095
576.0,1.8322469852578809,2.8188593038012055e-72,6.149797000225768e-67,3.7994066789477694,6.149797000225769e-68,0.37994066789477693,1.8337599577593333,0.5728942825209097,0.58001
577.0,1.8321515412953893,1.2864785869755604e-71,2.8017966570835343e-66,3.798529110936451,2.801796657083534e-67,0.37985291109364505,1.8336735422643198,0.5729618024462844,0.57849
578.0,1.8320566126530007,5.7958370509807094e-71,1.2600802145857805e-65,3.7976532646943095,1.2600802145857804e-66,0.37976532646943095,1.8335875666238735,0.5730291392147479,0.57765
579.0,1.8319621955626373,2.577867291951405e-70,5.594893918013091e-65,3.796779133873188,5.594893918013091e-66,0.3796779133873188,1.8335020276021687,0.5730962938014982,0.57722
580.0,1.8318682862909115,1.1320917703534116e-69,2.452807716504649e-64,3.7959067121592436,2.452807716504649e-65,0.3795906712159243,1.8334169219929177,0.5731632671741563,0.57609
581.0,1.83177488113874,4.909359867577513e-69,1.0618388222932927e-63,3.7950359932727102,1.0618388222932927e-64,0.37950359932727107,1.8333322466190436,0.5732300602928443,0.57555
582.0,1.8316819764409613,2.10249659640469e-68,4.539648014750872e-63,3.7941669709676535,4.539648014750872e-64,0.37941669709676534,1.833247998332359,0.5732966741102594,0.57718
583.0,1.8315895685659607,8.893189576297585e-68,1.9168973612266086e-62,3.7932996390317304,1.9168973612266086e-63,0.37932996390317303,1.83316417401325,0.5733631095717489,0.58039
584.0,1.831497653915297,3.715658672395964e-67,7.995264375648195e-62,3.792433991285952,7.995264375648194e-63,0.3792433991285952,1.833080770570361,0.5734293676153831,0.57868
585.0,1.8314062289233375,1.5336062474769123e-66,3.29433580893872e-61,3.791570021584449,3.29433580893872e-62,0.3791570021584449,1.8329977849402859,0.5734954491720273,0.57817
586.0,1.8313152900568974,6.253671917364835e-66,1.3410573210617173e-60,3.790707723814235,1.3410573210617173e-61,0.3790707723814235,1.8329152140872638,0.5735613551654165,0.57891
587.0,1.8312248338148784,2.519662955135667e-65,5.394040633306004e-60,3.789847091894977,5.3940406333060035e-61,0.37898470918949767,1.832833055002876,0.5736270865122239,0.57892
588.0,1.8311348567279215,1.0031791701460434e-64,2.143932184466065e-59,3.788988119778766,2.143932184466065e-60,0.37889881197787656,1.8327513047057504,0.573692644122129,0.57756
589.0,1.8310453553580535,3.947166312298591e-64,8.421316597089555e-59,3.7881308014498867,8.421316597089554e-60,0.3788130801449887,1.832669960241265,0.5737580288978918,0.57797
590.0,1.8309563262983488,1.534987997250682e-63,3.269360688482205e-58,3.787275130924595,3.2693606884822047e-59,0.3787275130924595,1.8325890186812615,0.5738232417354174,0.5799
591.0,1.8308677661725874,5.900360759497514e-63,1.2545874799030038e-57,3.7864211022508925,1.2545874799030038e-58,0.37864211022508926,1.8325084771237552,0.5738882835238229,0.5802
592.0,1.8307796716349194,2.2420597015599945e-62,4.7592150590071646e-57,3.7855687095083046,4.7592150590071645e-58,0.37855687095083046,1.8324283326926547,0.5739531551455079,0.57952
593.0,1.8306920393695372,8.4227017856426e-62,1.78487002044873e-56,3.7847179468076617,1.7848700204487303e-57,0.3784717946807662,1.8323485825374832,0.574017857476216,0.57848
594.0,1.830604866090348,3.128466900287757e-61,6.618430054506969e-56,3.7838688082908787,6.618430054506969e-57,0.3783868808290879,1.8322692238331002,0.5740823913851036,0.57741
595.0,1.8305181485406505,1.1490196730366849e-60,2.4267238747174424e-55,3.783021288130743,2.4267238747174424e-56,0.37830212881307435,1.832190253779433,0.5741467577348025,0.57726
596.0,1.8304318834928195,4.1732906062781244e-60,8.799180610723925e-55,3.7821753805306972,8.799180610723925e-56,0.37821753805306974,1.8321116696012045,0.5742109573814823,0.58002
597.0,1.8303460677479904,1.499077868917732e-59,3.15543853946465e-54,3.7813310797246276,3.15543853946465e-55,0.37813310797246275,1.8320334685476707,0.5742749911749145,0.58119
598.0,1.8302606981357488,5.326021769447908e-59,1.1192100912211945e-53,3.7804883799766515,1.1192100912211945e-54,0.37804883799766514,1.8319556478923573,0.5743388599585372,0.58043
599.0,1.8301757715138258,1.8717734498453435e-58,3.9267777757719895e-53,3.7796472755809134,3.9267777757719895e-54,0.37796472755809135,1.8318782049328022,0.5744025645695104,0.5803
600.0,1.830091284767796,6.507486824488756e-58,1.3629248534097499e-52,3.7788077608613744,1.3629248534097497e-53,0.3778807760861374,1.8318011369902982,0.5744661058387818,0.58009
601.0,1.8300072348107763,2.238312399338556e-57,4.6801103428958074e-52,3.777969830171606,4.680110342895808e-53,0.3777969830171606,1.831724441409642,0.5745294845911443,0.57975
602.0,1.8299236185831365,7.617507060590324e-57,1.5901065927055774e-51,3.77713347789459,1.5901065927055774e-52,0.37771334778945903,1.831648115558886,0.5745927016452956,0.57894
603.0,1.8298404330522033,2.5652330335827683e-56,5.345882091575113e-51,3.7762986984425155,5.345882091575113e-52,0.3776298698442515,1.8315721568290901,0.5746557578138972,0.57825
604.0,1.8297576752119762,8.548684107270322e-56,1.7785750456463752e-50,3.775465486256576,1.778575045646375e-51,0.3775465486256576,1.831496562634081,0.5747186539036319,0.57991
605.0,1.8296753420828424,2.819464042253797e-55,5.856269436168669e-50,3.7746338358067764,5.856269436168668e-51,0.37746338358067766,1.8314213304102098,0.5747813907152597,0.58001
606.0,1.8295934307112973,9.20374811112066e-55,1.9085430660981915e-49,3.7738037415917316,1.9085430660981914e-50,0.37738037415917314,1.8313464576161185,0.5748439690436774,0.57948
607.0,1.8295119381696678,2.9739212313662925e-54,6.1567374581977305e-49,3.772975198138474,6.15673745819773e-50,0.3772975198138474,1.8312719417325014,0.57490638967797,0.5794
608.0,1.8294308615558397,9.512532354927353e-54,1.9660856423207228e-48,3.7721482000022615,1.9660856423207228e-49,0.37721482000022616,1.8311977802618788,0.5749686534014712,0.57932
609.0,1.829350197992987,3.0123111934305904e-53,6.215733803354907e-48,3.77132274176638,6.215733803354907e-49,0.377132274176638,1.8311239707283646,0.575030760991812,0.57917
610.0,1.829269944629305,9.444419397062465e-53,1.94560777673655e-47,3.7704988180419616,1.94560777673655e-48,0.3770498818041962,1.8310505106774444,0.57509271322098,0.57894
611.0,1.8291900986377496,2.9319520035343726e-52,6.030113829775096e-47,3.7696764234677893,6.030113829775096e-48,0.37696764234677893,1.8309773976757482,0.5751545108553692,0.57853
612.0,1.8291106572157751,9.013194101370821e-52,1.850704861061793e-46,3.7688555527101126,1.8507048610617929e-47,0.37688555527101125,1.8309046293108355,0.5752161546558332,0.57831
613.0,1.8290316175850783,2.743940377910763e-51,5.625019858487995e-46,3.768036200462464,5.625019858487995e-47,0.3768036200462464,1.8308322031909747,0.5752776453777386,0.57811
614.0,1.8289529769913446,8.273289023547073e-51,1.693244561394173e-45,3.767218361445473,1.693244561394173e-46,0.3767218361445473,1.8307601169449292,0.5753389837710152,0.57869
615.0,1.828874732703999,2.47071413672312e-50,5.0484405730405216e-45,3.7664020304066823,5.048440573040522e-46,0.37664020304066825,1.830688368221745,0.5754001705802081,0.57894
616.0,1.8287968820159566,7.308705822845979e-50,1.4909725013183034e-44,3.7655872021203707,1.4909725013183035e-45,0.37655872021203707,1.8306169546905424,0.5754612065445261,0.57893
617.0,1.8287194222433802,2.1417301303523913e-49,4.36203801846806e-44,3.764773871387373,4.3620380184680596e-45,0.37647738713873724,1.8305458740403076,0.575522092397893,0.57908
618.0,1.8286423507254381,6.2176691256177426e-49,1.2642966762131245e-43,3.7639620330349,1.2642966762131244e-44,0.37639620330349,1.830475123979689,0.5755828288689961,0.58
619.0,1.828565664824066,1.7883852862400978e-48,3.630615881770579e-43,3.763151681916364,3.630615881770579e-44,0.3763151681916364,1.8304047022367955,0.5756434166813359,0.58038
620.0,1.8284893619237301,5.0967921929442737e-48,1.0330351554985511e-42,3.7623428129112058,1.0330351554985511e-43,0.3762342812911206,1.8303346065589956,0.5757038565532715,0.58048
621.0,1.8284134394311975,1.439350550404632e-47,2.912626805211992e-42,3.7615354209247163,2.9126268052119918e-43,0.3761535420924716,1.8302648347127222,0.5757641491980711,0.58071
622.0,1.828337894775303,4.0281090249375725e-47,8.138056411963103e-42,3.7607295008878703,8.138056411963103e-43,0.376072950088787,1.830195384483276,0.5758242953239562,0.57953
623.0,1.8282627254067252,1.117202089607577e-46,2.2534792149510944e-41,3.7599250477571506,2.2534792149510945e-42,0.37599250477571505,1.830126253674634,0.5758842956341513,0.57894
624.0,1.8281879287977596,3.071063304669532e-46,6.184634561960894e-41,3.7591220565143857,6.184634561960895e-42,0.37591220565143857,1.8300574401092602,0.5759441508269272,0.57962
625.0,1.8281135024420978,8.367633613031748e-46,1.6824125623444195e-40,3.7583205221665743,1.6824125623444194e-41,0.37583205221665744,1.829988941627915,0.5760038615956462,0.58029
626.0,1.8280394438546101,2.259974206164739e-45,4.536689050089182e-40,3.7575204397457247,4.5366890500891815e-41,0.37575204397457246,1.8299207560894724,0.5760634286288092,0.58071
627.0,1.8279657505711275,6.050915167551251e-45,1.2127279513795255e-39,3.756721804308686,1.2127279513795254e-40,0.3756721804308686,1.829852881370735,0.576122852610099,0.58044
628.0,1.8278924201482274,1.6061457525243513e-44,3.2139208259394594e-39,3.7559246109369893,3.2139208259394595e-40,0.3755924610936989,1.8297853153662538,0.5761821342184223,0.58024
629.0,1.8278194501630258,4.2269240231100234e-44,8.444689003678642e-39,3.7551288547366792,8.444689003678642e-40,0.3755128854736679,1.8297180559881479,0.5762412741279577,0.58036
630.0,1.8277468382129645,1.1029823473666636e-43,2.2000769774770387e-38,3.7543345308381593,2.2000769774770384e-39,0.3754334530838159,1.8296511011659282,0.5763002730081929,0.58065
631.0,1.8276745819156073,2.8539482360241005e-43,5.683640451359027e-38,3.753541634396028,5.683640451359026e-39,0.3753541634396028,1.8295844488463224,0.5763591315239709,0.58119
632.0,1.8276026789084363,7.32294135427732e-43,1.4560568836244635e-37,3.752750160588919,1.4560568836244635e-38,0.3752750160588919,1.8295180969931029,0.5764178503355322,0.58094
633.0,1.8275311268486503,1.8634392084001197e-42,3.6993155940101077e-37,3.751960104619352,3.6993155940101076e-38,0.3751960104619352,1.829452043586914,0.5764764300985541,0.58058
634.0,1.827459923412966,4.7028717713038395e-42,9.321455777604392e-37,3.7511714617135667,9.321455777604391e-38,0.37511714617135666,1.8293862866251063,0.5765348714641935,0.58065
635.0,1.8273890662974204,1.1772184550128647e-41,2.3296635275204673e-36,3.750384227121376,2.3296635275204673e-37,0.3750384227121376,1.8293208241215662,0.5765931750791266,0.58027
636.0,1.8273185532171785,2.92297122865062e-41,5.775336439360452e-36,3.7495983961160104,5.775336439360452e-37,0.37495983961160106,1.829255654106554,0.5766513415855881,0.57984
637.0,1.8272483819063408,7.199343098500716e-41,1.420245110764347e-35,3.7488139639939626,1.4202451107643472e-36,0.37488139639939627,1.82919077462654,0.5767093716214144,0.58033
638.0,1.8271785501177518,1.7590942676757388e-40,3.464801020879008e-35,3.7480309260748434,3.464801020879008e-36,0.37480309260748434,1.829126183744042,0.5767672658200795,0.58041
639.0,1.827109055622815,4.264224794122741e-40,8.385888755224696e-35,3.747249277701225,8.385888755224696e-36,0.3747249277701225,1.8290618795374691,0.5768250248107349,0.57955
640.0,1.8270398962113077,1.0255867342285198e-39,2.0137348436696657e-34,3.7464690142384973,2.0137348436696657e-35,0.37464690142384977,1.8289978601009622,0.5768826492182482,0.5792
641.0,1.826971069691195,2.4474418615414544e-39,4.798043914075982e-34,3.7456901310747193,4.7980439140759815e-35,0.3745690131074719,1.8289341235442391,0.5769401396632418,0.58009
642.0,1.8269025738884526,5.7954370107269237e-39,1.1343864384574514e-33,3.7449126236204737,1.1343864384574513e-34,0.3744912623620474,1.8288706679924411,0.5769974967621279,0.58108
643.0,1.8268344066468853,1.3618200280530617e-38,2.6614518168851913e-33,3.7441364873087197,2.661451816885191e-34,0.37441364873087196,1.8288074915859807,0.5770547211271497,0.58082
644.0,1.8267665658279515,3.175693978219494e-38,6.19673097641224e-33,3.743361717594652,6.19673097641224e-34,0.3743361717594652,1.8287445924803916,0.5771118133664146,0.58039
645.0,1.8266990493105881,7.349680057915159e-38,1.431919434181809e-32,3.7425883099555564,1.431919434181809e-33,0.3742588309955556,1.8286819688461804,0.5771687740839331,0.57998
646.0,1.8266318549910385,1.6882405260460519e-37,3.2840644174110493e-32,3.7418162598906703,3.284064417411049e-33,0.374181625989067,1.8286196188686807,0.5772256038796529,0.57991
647.0,1.8265649807826811,3.849118914581501e-37,7.475959013813146e-32,3.74104556292104,7.475959013813145e-33,0.37410455629210404,1.8285575407479062,0.5772823033494963,0.57984
648.0,1.8264984246158613,8.711125312067219e-37,1.6893090916599057e-31,3.7402762145893846,1.6893090916599056e-32,0.3740276214589385,1.828495732698409,0.5773388730853929,0.5797
649.0,1.826432184437724,1.957031032822925e-36,3.789333938714173e-31,3.7395082104599524,3.789333938714173e-32,0.37395082104599525,1.8284341929491372,0.577395313675318,0.57974
650.0,1.82636625821205,4.3647167289240094e-36,8.438253544977317e-31,3.738741546118392,8.438253544977317e-32,0.3738741546118392,1.8283729197432947,0.5774516257033239,0.57966
662.0,1.8255989126222598,3.819213591869489e-32,7.24979659378095e-27,3.7296444992687503,7.24979659378095e-28,0.37296444992687505,1.8276578110540287,0.5781175495980144,0.57872
663.0,1.825536889763103,7.785962551548713e-32,1.4757359127041133e-26,3.7288948599555956,1.4757359127041132e-27,0.3728894859955596,1.8275998492855432,0.5781722417460612,0.57866
664.0,1.8254751540080973,1.5769062166754679e-31,2.98433553355887e-26,3.7281465008017007,2.98433553355887e-27,0.37281465008017006,1.827542130887464,0.5782268131156182,0.57893
665.0,1.8254137035520046,3.1730437679265535e-31,5.996036686217707e-26,3.7273994176979173,5.996036686217707e-27,0.37273994176979175,1.8274846543010643,0.5782812642358129,0.57886
666.0,1.8253525366038281,6.343722445678438e-31,1.196960470375739e-25,3.7266536065544416,1.1969604703757391e-26,0.37266536065544414,1.8274274179798373,0.5783355956323548,0.579
667.0,1.825291651386673,1.2601762454306856e-30,2.3741891663408755e-25,3.725909063300697,2.3741891663408757e-26,0.37259090633006964,1.8273704203893788,0.5783898078275671,0.57911
668.0,1.825231046137616,2.487472706873173e-30,4.679416755639447e-25,3.7251657838852053,4.6794167556394473e-26,0.37251657838852054,1.8273136600072732,0.5784439013404123,0.57927
669.0,1.8251707191075712,4.879170774348771e-30,9.164942935906798e-25,3.724423764275482,9.164942935906799e-26,0.3724423764275482,1.82725713532298,0.5784978766865222,0.57905
670.0,1.8251106685611562,9.510753784494614e-30,1.7838157742966927e-24,3.7236830004579096,1.7838157742966928e-25,0.3723683000457909,1.8272008448377244,0.5785517343782255,0.57907
671.0,1.8250508927765674,1.8424065856524232e-29,3.450426822301703e-24,3.7229434884376214,3.450426822301703e-25,0.3722943488437621,1.8271447870643829,0.5786054749245747,0.57921
672.0,1.8249913900454466,3.547136148349323e-29,6.633129086272041e-24,3.7222052242383934,6.633129086272041e-25,0.3722205224238393,1.827088960527378,0.5786590988313751,0.57907
673.0,1.8249321586727574,6.78753584120457e-29,1.2673802516912743e-23,3.7214682039025213,1.2673802516912744e-24,0.37214682039025215,1.8270333637625666,0.5787126066012106,0.57913
674.0,1.8248731969766574,1.2909463622723373e-28,2.4069006575034076e-23,3.720732423490711,2.4069006575034077e-24,0.3720732423490711,1.8269779953171363,0.5787659987334691,0.57915
675.0,1.824814503288377,2.4405390825841336e-28,4.543513868234126e-23,3.719997879081968,4.543513868234126e-24,0.37199978790819677,1.826922853749497,0.5788192757243734,0.57922
676.0,1.8247560759520924,4.586320494257914e-28,8.525651344241993e-23,3.7192645667734796,8.525651344241993e-24,0.37192645667734797,1.8268679376291772,0.5788724380670046,0.57948
677.0,1.8246979133248078,8.56768505987598e-28,1.5903206169794626e-22,3.718532482680509,1.5903206169794625e-23,0.3718532482680509,1.8268132455367219,0.5789254862513259,0.57981
678.0,1.8246400137762335,1.5911176113195623e-27,2.949052152636506e-22,3.717801622936282,2.9490521526365055e-23,0.37178016229362815,1.8267587760635875,0.5789784207642141,0.57954
679.0,1.824582375688668,2.9376485861387858e-27,5.4367571234415615e-22,3.717071983691878,5.436757123441562e-23,0.3717071983691878,1.8267045278120435,0.5790312420894792,0.57951
680.0,1.8245249974568793,5.392312968489585e-27,9.964971063331677e-22,3.716343561116125,9.964971063331677e-23,0.3716343561116125,1.8266504993950703,0.579083950707894,0.57963
681.0,1.8244678774879892,9.841171238679785e-27,1.81597364265231e-21,3.7156163513954845,1.8159736426523098e-22,0.37156163513954843,1.826596689436261,0.5791365470972165,0.57986
682.0,1.8244110142013599,1.7858029798492208e-26,3.2904783121718903e-21,3.714890350733953,3.29047831217189e-22,0.3714890350733953,1.826543096569724,0.5791890317322156,0.57992
683.0,1.8243544060284766,3.222209751470954e-26,5.928474660935017e-21,3.714165555352949,5.928474660935017e-22,0.3714165555352949,1.8264897194399843,0.5792414050846959,0.57991
684.0,1.8242980514128397,5.781305016331078e-26,1.0621348168109668e-20,3.713441961491211,1.0621348168109669e-21,0.3713441961491211,1.8264365567018903,0.5792936676235215,0.58006
685.0,1.824241948809849,1.0314968832154985e-25,1.8922879010280752e-20,3.7127195654046945,1.892287901028075e-21,0.37127195654046946,1.8263836070205164,0.5793458198146395,0.58009
686.0,1.8241860966866978,1.830197343190886e-25,3.352614885124225e-20,3.711998363366462,3.3526148851242246e-21,0.3711998363366462,1.8263308690710707,0.5793978621211049,0.58021
687.0,1.8241304935222598,3.229488471374932e-25,5.907270600596459e-20,3.711278351666588,5.907270600596459e-21,0.3711278351666588,1.8262783415388022,0.5794497950031029,0.58032
688.0,1.8240751378069857,5.667520264328514e-25,1.0351767457259152e-19,3.7105595266120495,1.0351767457259152e-20,0.37105595266120495,1.826226023118908,0.5795016189179729,0.5802
689.0,1.8240200280427934,9.892214219552981e-25,1.804197824086162e-19,3.7098418845266297,1.804197824086162e-20,0.370984188452663,1.826173912516444,0.5795533343202329,0.5805
690.0,1.8239651627429632,1.7173248354891534e-24,3.12761454318842e-19,3.7091254217508154,3.12761454318842e-20,0.3709125421750815,1.8261220084462335,0.5796049416615978,0.58042
691.0,1.823910540432036,2.9654265572309483e-24,5.392858053231154e-19,3.7084101346416967,5.392858053231154e-20,0.3708410134641697,1.8260703096327795,0.5796564413910092,0.5799
692.0,1.8238561596457066,5.093482456079366e-24,9.249506974108343e-19,3.7076960195728668,9.249506974108344e-20,0.3707696019572867,1.8260188148101766,0.5797078339546498,0.57994
693.0,1.8238020189307234,8.702667142356716e-24,1.5780799515766312e-18,3.706983072934327,1.5780799515766312e-19,0.3706983072934327,1.825967522722023,0.5797591197959722,0.57969
694.0,1.8237481168447882,1.479165286125599e-23,2.6783485857851445e-18,3.706271291132385,2.6783485857851447e-19,0.37062712911323853,1.8259164321213353,0.579810299355716,0.57938
695.0,1.8236944519564549,2.501062442370988e-23,4.5221982130198796e-18,3.705560670589562,4.522198213019879e-19,0.37055606705895616,1.8258655417704643,0.579861373071933,0.57989
696.0,1.8236410228450308,4.2071930870541016e-23,7.596141893403981e-18,3.7048512077444884,7.596141893403981e-19,0.37048512077444884,1.8258148504410086,0.5799123413800079,0.58034
697.0,1.823587828100481,7.041041201676096e-23,1.2694452403333526e-17,3.7041428990518206,1.2694452403333526e-18,0.37041428990518205,1.8257643569137327,0.5799632047126776,0.57968
698.0,1.8235348663233266,1.1723955912017322e-22,2.1107102443670053e-17,3.703435740982136,2.1107102443670053e-18,0.3703435740982136,1.8257140599784842,0.5800139635000546,0.57968
699.0,1.8234821361245557,1.9423187501249342e-22,3.4918307961786563e-17,3.7027297300218396,3.4918307961786565e-18,0.3702729730021839,1.825663958434112,0.5800646181696458,0.58001
700.0,1.8234296361255233,3.201783178376553e-22,5.74782772090009e-17,3.7020248626730776,5.747827720900089e-18,0.37020248626730773,1.8256140510883863,0.5801151691463767,0.57964
701.0,1.82337736495786,5.251753694949223e-22,9.414476933817706e-17,3.7013211354536364,9.414476933817706e-18,0.37013211354536363,1.825564336757917,0.5801656168526079,0.57969
702.0,1.823325321263378,8.571830856040605e-22,1.5344273985841294e-16,3.7006185448968547,1.5344273985841293e-17,0.3700618544896855,1.8255148142680773,0.5802159617081584,0.57968
703.0,1.8232735036939822,1.392243879587682e-21,2.488684577023052e-16,3.699917087551533,2.4886845770230522e-17,0.36999170875515325,1.8254654824529222,0.5802662041303233,0.57972
704.0,1.8232219109115748,2.250324078642821e-21,4.016819087307106e-16,3.6992167599818364,4.016819087307106e-17,0.36992167599818365,1.825416340155114,0.5803163445338944,0.58006
705.0,1.82317054158797,3.6197473668507816e-21,6.452069069815269e-16,3.6985175587672154,6.45206906981527e-17,0.3698517558767216,1.825367386225844,0.5803663833311824,0.58
706.0,1.823119394404801,5.7946898126942805e-21,1.03141954364827e-15,3.697819480502304,1.03141954364827e-16,0.3697819480502304,1.8253186195247575,0.5804163209320338,0.57923
707.0,1.8230684680534355,9.23243028415958e-21,1.6409920880054122e-15,3.6971225217968406,1.6409920880054122e-16,0.36971225217968406,1.8252700389198784,0.5804661577438494,0.57919
708.0,1.8230177612348872,1.4640329203681318e-20,2.5985282865774764e-15,3.6964266792755742,2.5985282865774765e-16,0.3696426679275574,1.825221643287535,0.5805158941716063,0.57969
709.0,1.8229672726597288,2.3107317959294813e-20,4.0955588347015e-15,3.695731949578179,4.0955588347014996e-16,0.36957319495781793,1.8251734315122858,0.5805655306178753,0.5797
710.0,1.8229170010480074,3.6301698192017845e-20,6.425078780443783e-15,3.6950383293591678,6.425078780443783e-16,0.36950383293591677,1.8251254024868495,0.5806150674828392,0.57991
711.0,1.8228669451291608,5.676723480349418e-20,1.0033166122265211e-14,3.694345815287804,1.0033166122265212e-15,0.36943458152878045,1.8250775551120293,0.5806645051643132,0.57996
712.0,1.8228171036419323,8.836423258013739e-20,1.5595754152464017e-14,3.693654404048018,1.5595754152464017e-15,0.3693654404048018,1.825029888296644,0.580713844057762,0.57998
713.0,1.8227674753342906,1.3692341190360156e-19,2.4132262829778622e-14,3.69296409233832,2.4132262829778622e-15,0.369296409233832,1.8249824009574578,0.5807630845563169,0.58019
714.0,1.822718058963345,2.1121059099792323e-19,3.717297708904393e-14,3.692274876871717,3.717297708904393e-15,0.3692274876871717,1.8249350920191085,0.5808122270507974,0.58038
715.0,1.8226688532952657,3.243431115265519e-19,5.700441602317597e-14,3.6915867543756296,5.700441602317597e-15,0.3691586754375629,1.824887960414041,0.580861271929725,0.58031
716.0,1.8226198571052046,4.958596747009785e-19,8.702732465095076e-14,3.6908997215918062,8.702732465095076e-15,0.3690899721591806,1.8248410050824373,0.5809102195793449,0.58073
717.0,1.8225710691772137,7.54730732993272e-19,1.322765147118607e-13,3.690213775276241,1.322765147118607e-14,0.3690213775276241,1.824794224972149,0.5809590703836405,0.58126
718.0,1.8225224883041693,1.1437162861318708e-18,2.0017218285809956e-13,3.689528912199096,2.0017218285809956e-14,0.3689528912199096,1.8247476190386307,0.581007824724351,0.58127
719.0,1.8224741132876918,1.7256447211975544e-18,3.016007109218494e-13,3.6888451291446134,3.016007109218494e-14,0.36888451291446134,1.8247011862448745,0.5810564829809924,0.58192
720.0,1.82242594293807,2.592417574383138e-18,4.524622225955077e-13,3.6881624229110392,4.5246222259550764e-14,0.3688162422911039,1.8246549255613427,0.5811050455308685,0.58241
721.0,1.822377976074184,3.877864077783297e-18,6.758762440157427e-13,3.68748079031054,6.758762440157427e-14,0.368748079031054,1.8246088359659047,0.5811535127490928,0.58233
722.0,1.8223302115234314,5.776007196539562e-18,1.0053109017025188e-12,3.6868002281691257,1.0053109017025188e-13,0.3686800228169126,1.8245629164437718,0.5812018850086023,0.58238
723.0,1.8222826481216505,8.566900863985562e-18,1.4890020923003648e-12,3.6861207333265695,1.489002092300365e-13,0.36861207333265694,1.8245171659874326,0.5812501626801756,0.58265
724.0,1.8222352847130476,1.2653010828466214e-17,2.1961660698619645e-12,3.6854423026363268,2.1961660698619646e-13,0.3685442302636327,1.8244715835965932,0.5812983461324468,0.58228
725.0,1.8221881201501244,1.8610210567738147e-17,3.2256938373167063e-12,3.6847649329654626,3.2256938373167063e-13,0.36847649329654625,1.8244261682781115,0.581346435731924,0.5822
726.0,1.8221411532936032,2.725894266582114e-17,4.718264133529976e-12,3.684088621194567,4.718264133529976e-13,0.36840886211945667,1.8243809190459375,0.5813944318430028,0.58268
727.0,1.8220943830123586,3.9763076412194435e-17,6.873143809666005e-12,3.6834133642176847,6.873143809666005e-13,0.3683413364217685,1.8243358349210512,0.5814423348279821,0.583
728.0,1.8220478081833418,5.776663116208605e-17,9.971385938540701e-12,3.682739158942234,9.971385938540702e-13,0.36827391589422337,1.8242909149314033,0.5814901450470791,0.58275
729.0,1.8220014276915155,8.358203385617117e-17,1.4407720358553674e-11,3.682066002288935,1.4407720358553673e-12,0.3682066002288935,1.824246158111854,0.5815378628584428,0.58265
730.0,1.8219552404297803,1.2044819565552127e-16,2.073420091011132e-11,3.68139389119173,2.073420091011132e-12,0.368139389119173,1.8242015635041153,0.5815854886181645,0.58289
731.0,1.8219092452989076,1.7288275414531803e-16,2.971968209878531e-11,3.6807228225977107,2.9719682098785306e-12,0.36807228225977107,1.8241571301566912,0.5816330226802959,0.58245
732.0,1.82186344120747,2.471607473336303e-16,4.2430513009786666e-11,3.6800527934670444,4.243051300978666e-12,0.36800527934670446,1.82411285712482,0.5816804653968538,0.58319
733.0,1.8218178270717746,3.519622828174801e-16,6.033954281255598e-11,3.6793838007729005,6.033954281255599e-12,0.3679383800772901,1.8240687434704166,0.5817278171178314,0.58382
734.0,1.8217724018157964,4.992450881804862e-16,8.54727357694062e-11,3.678715841501375,8.54727357694062e-12,0.36787158415013754,1.8240247882620164,0.5817750781912054,0.58303
735.0,1.8217271643711108,7.054149815546803e-16,1.2060552510391093e-10,3.6780489126514206,1.2060552510391094e-11,0.3678048912651421,1.8239809905747182,0.5818222489629367,0.58233
736.0,1.8216821136768278,9.92889277294515e-16,1.6952465540089823e-10,3.677383011234773,1.695246554008982e-11,0.3677383011234773,1.8239373494901288,0.5818693297769729,0.58335
737.0,1.8216372486795283,1.3921761589568563e-15,2.3737586938842424e-10,3.6767181342758763,2.373758693884242e-11,0.36767181342758765,1.8238938640963076,0.5819163209752416,0.58348
738.0,1.8215925683331977,1.9446285954201643e-15,3.3112362652209355e-10,3.676054278811819,3.3112362652209355e-11,0.3676054278811819,1.823850533487712,0.5819632228976374,0.5827
739.0,1.821548071599165,2.7060762456576815e-15,4.601563871941553e-10,3.675391441892257,4.601563871941553e-11,0.3675391441892257,1.8238073567651434,0.5820100358820002,0.5825
740.0,1.8215037574460344,3.751595160411053e-15,6.370802051454262e-10,3.674729620579344,6.370802051454262e-11,0.3674729620579344,1.823764333035694,0.5820567602640846,0.58245
741.0,1.8214596248496284,5.181745537390275e-15,8.787548563042904e-10,3.6740688119476648,8.787548563042904e-11,0.3674068811947665,1.8237214614126926,0.582103396377514,0.58194
742.0,1.8214156727929218,7.130695402029013e-15,1.2076409859838742e-09,3.673409013084165,1.207640985983874e-10,0.3673409013084165,1.823678741015653,0.5821499445537109,0.58204
743.0,1.8213719002659818,9.776756505771457e-15,1.6535443560951724e-09,3.6727502210880805,1.6535443560951722e-10,0.367275022108808,1.823636170970222,0.582196405121814,0.5828
744.0,1.8213283062659054,1.3355992222505973e-14,2.2558648950337197e-09,3.6720924330708686,2.2558648950337195e-10,0.3672092433070868,1.8235937504081277,0.5822427784085571,0.58229
745.0,1.821284889796761,1.8179720743769876e-14,3.0664846782787332e-09,3.6714356461561444,3.066484678278733e-10,0.3671435646156144,1.8235514784671278,0.5822890647381129,0.58162
746.0,1.8212416498695267,2.4656936157026056e-14,4.15346109871022e-09,3.6707798574796087,4.15346109871022e-10,0.36707798574796086,1.8235093542909613,0.5823352644318925,0.58169
747.0,1.8211985855020323,3.3322911608254524e-14,5.605730350988726e-09,3.6701250641889853,5.605730350988726e-10,0.36701250641889854,1.8234673770292955,0.5823813778082791,0.58177
748.0,1.821155695718899,4.48755401674367e-14,7.539073118496942e-09,3.669471263443951,7.539073118496942e-10,0.3669471263443951,1.8234255458376785,0.5824274051822942,0.58147
749.0,1.8211129795514822,6.022131864682051e-14,1.0103650320445466e-08,3.6688184524160694,1.0103650320445465e-09,0.36688184524160694,1.8233838598774905,0.5824733468651656,0.58148
750.0,1.8210704360378125,8.053329685950983e-14,1.3493483401770776e-08,3.66816662828873,1.3493483401770776e-09,0.366816662828873,1.8233423183158934,0.5825192031637851,0.58132
751.0,1.8210280642225387,1.0732381002993569e-13,1.7958332524384156e-08,3.667515788257078,1.7958332524384157e-09,0.3667515788257078,1.8233009203257842,0.5825649743800257,0.58128
752.0,1.8209858631568716,1.4253539662645591e-13,2.3818518878626666e-08,3.6668659295279524,2.3818518878626666e-09,0.36668659295279526,1.823259665085747,0.5826106608098789,0.58123
753.0,1.8209438318985263,1.8865399003741953e-13,3.148334603835109e-08,3.666217049319821,3.148334603835109e-09,0.3666217049319821,1.8232185517800064,0.5826562627423902,0.5813
754.0,1.820901969511666,2.4884927332049083e-13,4.14739017991943e-08,3.6655691448627157,4.14739017991943e-09,0.36655691448627153,1.8231775795983793,0.5827017804583297,0.58192
755.0,1.8208602750668472,3.2714801543404506e-13,5.445116831385834e-08,3.664922213398172,5.445116831385834e-09,0.3664922213398172,1.8231367477362304,0.5827472142285511,0.58184
756.0,1.8208187476409647,4.286472790479393e-13,7.125053665810899e-08,3.664276252179161,7.125053665810899e-09,0.3664276252179161,1.8230960553944255,0.5827925643119799,0.58103
757.0,1.8207773863171954,5.597756184992615e-13,9.292401430573119e-08,3.6636312584700335,9.292401430573119e-09,0.36636312584700337,1.8230555017792864,0.5828378309531425,0.58204
758.0,1.8207361901849437,7.286117857267529e-13,1.2079163236718243e-07,3.662987229546454,1.2079163236718244e-08,0.36629872295464544,1.8230150861025456,0.5828830143791569,0.58196
759.0,1.8206951583397892,9.452720453914513e-13,1.5650380571518215e-07,3.6623441626953372,1.5650380571518213e-08,0.36623441626953374,1.822974807581303,0.5829281147960772,0.58092
760.0,1.8206542898834315,1.2223789798867418e-12,2.0211667490077755e-07,3.6617020552147905,2.0211667490077754e-08,0.36617020552147905,1.82293466543798,0.582973132384479,0.58069
761.0,1.8206135839236366,1.5756266506233251e-12,2.601827653297519e-07,3.6610609044140525,2.6018276532975187e-08,0.3661060904414053,1.8228946589002777,0.5830180672941389,0.58264
762.0,1.8205730395741835,2.024459181171687e-12,3.3385963732605666e-07,3.6604207076134325,3.338596373260567e-08,0.3660420707613432,1.8228547872011331,0.5830629196376564,0.58227
763.0,1.8205326559548134,2.592882244270157e-12,4.270395706538685e-07,3.6597814621442457,4.2703957065386847e-08,0.3659781462144246,1.8228150495786755,0.5831076894828391,0.58102
764.0,1.820492432191175,3.3104295674694897e-12,5.4450372824024e-07,3.6591431653487634,5.4450372824024006e-08,0.3659143165348763,1.8227754452761848,0.5831523768436453,0.58204
765.0,1.8204523674147721,4.2133094147237616e-12,6.921046747501636e-07,3.658505814580144,6.921046747501636e-08,0.3658505814580144,1.8227359735420505,0.5831969816694592,0.5834
766.0,1.8204124607629126,5.3457590401384754e-12,8.769815837263843e-07,3.6578694072023814,8.769815837263843e-08,0.36578694072023815,1.822696633629728,0.58324150383244,0.5829
767.0,1.8203727113786563,6.761638323907437e-12,1.107812948350394e-06,3.6572339405902423,1.107812948350394e-07,0.3657233940590242,1.8226574247976994,0.5832859431126638,0.5822
768.0,1.8203331184107632,8.526297158445092e-12,1.3951121101715954e-06,3.6565994121292076,1.3951121101715955e-07,0.3656599412129207,1.8226183463094312,0.5833302991807428,0.58212
769.0,1.820293681013643,1.0718754613559973e-11,1.7515714304078915e-06,3.65596581921542,1.7515714304078916e-07,0.36559658192154204,1.8225793974333353,0.5833745715775795,0.58154
770.0,1.8202543983473014,1.3434231420161806e-11,2.192461440841844e-06,3.6553331592556226,2.1924614408418443e-07,0.36553331592556226,1.8225405774427281,0.5834187596908853,0.58138
771.0,1.820215269577293,1.678708080653278e-11,2.736091815150278e-06,3.654701429667101,2.736091815150278e-07,0.3654701429667101,1.8225018856157906,0.5834628627280481,0.58219
772.0,1.820176293874668,2.0914166119871948e-11,3.404341483841775e-06,3.6540706278776294,3.404341483841775e-07,0.36540706278776297,1.8224633212355306,0.5835068796849407,0.58338
773.0,1.8201374704159214,2.5978736874247675e-11,4.22326566176863e-06,3.6534407513254163,4.223265661768629e-07,0.36534407513254163,1.8224248835897416,0.583550809310176,0.58321
774.0,1.8200987983829457,3.2174857774813284e-11,5.223787949129191e-06,3.652811797459043,5.223787949129192e-07,0.3652811797459043,1.8223865719709667,0.5835946500643674,0.58229
775.0,1.820060276962978,3.973244775234781e-11,6.442485985440835e-06,3.6521837637374106,6.442485985440835e-07,0.3652183763737411,1.8223483856764584,0.5836384000738591,0.58262
776.0,1.820021905348551,4.892298796208119e-11,7.922479359450317e-06,3.6515566476296915,7.922479359450317e-07,0.3651556647629691,1.8223103240081422,0.5836820570784348,0.58389
777.0,1.8199836827374467,6.006595890219022e-11,9.714428582648506e-06,3.6509304466152623,9.714428582648506e-07,0.36509304466152626,1.8222723862725783,0.5837256183724714,0.58344
778.0,1.8199456083326442,7.353606712308115e-11,1.1877653894486255e-05,3.650305158183662,1.1877653894486255e-06,0.3650305158183662,1.822234571780925,0.583769080739025,0.58191
779.0,1.8199076813422725,8.977132125010893e-11,1.4481382456605466e-05,3.649680779834528,1.4481382456605467e-06,0.3649680779834528,1.822196879848902,0.5838124403763436,0.58182
780.0,1.819869900979564,1.0928201504264863e-10,1.7606132083460218e-05,3.6490573090775507,1.7606132083460216e-06,0.3649057309077551,1.8221593097967532,0.5838556928163195,0.58316
781.0,1.819832266462806,1.3266067176855123e-10,2.1345239019122528e-05,3.6484347434324134,2.134523901912253e-06,0.3648434743432413,1.8221218609492122,0.5838988328344362,0.58404
782.0,1.8197947770152947,1.6059299909093356e-10,2.5806536376574385e-05,3.6478130804287443,2.5806536376574386e-06,0.3647813080428744,1.8220845326354647,0.5839418543508249,0.58332
783.0,1.8197574318652898,1.9386989675245422e-10,3.1114188678912996e-05,3.647192317606061,3.1114188678912992e-06,0.3647192317606061,1.8220473241891142,0.5839847503220958,0.58325
784.0,1.8197202302459705,2.3340055041796305e-10,3.7410686455963615e-05,3.646572452513723,3.7410686455963613e-06,0.3646572452513723,1.822010234948147,0.5840275126237152,0.58389
785.0,1.8196831713953918,2.802266339310815e-10,4.48590030317494e-05,3.6459534827108713,4.48590030317494e-06,0.3645953482710871,1.8219732642548978,0.5840701319227968,0.58332
786.0,1.8196462545564418,3.3553762880605407e-10,5.364491346870424e-05,3.6453354057663856,5.3644913468704236e-06,0.36453354057663856,1.8219364114560135,0.5841125975413024,0.58243
787.0,1.8196094789768018,4.006872538935843e-10,6.397947309881336e-05,3.6447182192588286,6.397947309881336e-06,0.36447182192588284,1.8218996759024213,0.5841548973098075,0.58317
788.0,1.8195728439089067,4.772109797437948e-10,7.610165016119255e-05,3.644101920776397,7.610165016119256e-06,0.3644101920776397,1.8218630569492935,0.584197017412142,0.58467
789.0,1.8195363486099083,5.668445811991139e-10,9.028110377806436e-05,3.6434865079168692,9.028110377806435e-06,0.36434865079168693,1.8218265539560143,0.5842389422214219,0.58325
790.0,1.8194999923416388,6.71543658194533e-10,0.00010682109484297519,3.642871978287556,1.0682109484297518e-05,0.3642871978287556,1.821790166286148,0.5842806541282094,0.58163
791.0,1.8194637743705795,7.935040286875413e-10,0.00012606151338147582,3.642258329505253,1.2606151338147581e-05,0.3642258329505253,1.8217538933074033,0.5843221333617538,0.58275
792.0,1.8194276939678278,9.35182869218135e-10,0.0001483820016009453,3.641645559196185,1.483820016009453e-05,0.3641645559196185,1.8217177343916036,0.5843633578055457,0.58457
793.0,1.8193917504090709,1.0993204480108203e-09,0.0001742051472086675,3.6410336649959656,1.7420514720866748e-05,0.36410336649959657,1.8216816889146534,0.5844043028086802,0.58345
794.0,1.819355942974559,1.2889622630550003e-09,0.00020399971669360522,3.6404226445495387,2.039997166936052e-05,0.36404226445495386,1.8216457562565065,0.5844449409948131,0.58141
795.0,1.8193202709490839,1.5074813635937835e-09,0.00023828389319696875,3.639812495511139,2.3828389319696876e-05,0.3639812495511139,1.821609935801134,0.5844852420707971,0.58254
796.0,1.8192847336219589,1.758600598354103e-09,0.00027762847841145046,3.639203215544236,2.7762847841145045e-05,0.3639203215544236,1.8215742269364936,0.5845251726373948,0.58471
797.0,1.8192493302870019,2.0464144981850015e-09,0.00032266001273262957,3.638594802321493,3.2266001273262954e-05,0.3638594802321493,1.8215386290544984,0.5845646960047676,0.58356
798.0,1.8192140602425257,2.3754104651392758e-09,0.00037406376273392794,3.6379872535247144,3.7406376273392795e-05,0.36379872535247143,1.8215031415509857,0.5846037720157522,0.58128
799.0,1.8191789227913255,2.7504889051143565e-09,0.0004325865200544428,3.6373805668447985,4.325865200544428e-05,0.36373805668447984,1.8214677638256866,0.5846423568802263,0.58121
800.0,1.8191439172406751,3.176981907713666e-09,0.000499039151093047,3.6367747399816936,4.99039151093047e-05,0.3636774739981694,1.821432495282196,0.5846804030241576,0.58329
801.0,1.819109042902325,3.6606700458123067e-09,0.0005742988326162375,3.636169770644351,5.742988326162374e-05,0.36361697706443513,1.821397335327943,0.5847178589571586,0.58326
802.0,1.819074299092503,4.207796839271503e-09,0.0006593109046410826,3.635565656550675,6.593109046410827e-05,0.3635565656550675,1.8213622833741592,0.5847546691626297,0.58094
803.0,1.8190396851319215,4.825080403247601e-09,0.0007550902688828265,3.6349623954274795,7.550902688828264e-05,0.36349623954274796,1.8213273388358526,0.5847907740147283,0.58039
804.0,1.8190052003457837,5.5197217825017764e-09,0.000862722258794385,3.6343599850104424,8.62722258794385e-05,0.36343599850104424,1.8212925011317755,0.5848261097265423,0.58369
805.0,1.8189708440637977,6.299409459961465e-09,0.0009833629059065336,3.6337584230440605,9.833629059065335e-05,0.363375842304406,1.821257769684397,0.584860608333944,0.58476
806.0,1.8189366156201896,7.172319521410788e-09,0.0011182385269311562,3.6331577072815997,0.00011182385269311561,0.36331577072815996,1.821223143919874,0.5848941977195997,0.58236
807.0,1.8189025143537227,8.14711095947037e-09,0.0012686445570385626,3.632557835485057,0.00012686445570385627,0.3632557835485057,1.821188623268023,0.5849268016815544,0.58027
808.0,1.818868539607716,9.232915609751475e-09,0.0014359435569707801,3.6319588054251106,0.000143594355697078,0.36319588054251106,1.821154207162292,0.5849583400506999,0.58283
809.0,1.818834690730067,1.0439322230958644e-08,0.001621562325302165,3.631360614881078,0.0001621562325302165,0.3631360614881078,1.821119895039732,0.5849887288611924,0.58469
810.0,1.8188009670732739,1.1776354269364034e-08,0.0018269880522817207,3.6307632616408707,0.00018269880522817205,0.3630763261640871,1.8210856863409708,0.5850178805776082,0.58284
811.0,1.8187673679944576,1.3254440886946646e-08,0.002053763458341394,3.63016674350095,0.0002053763458341394,0.363016674350095,1.821051580510184,0.5850457043822163,0.58036
812.0,1.818733892855389,1.4884380881890059e-08,0.0023034808685605014,3.629571058266287,0.00023034808685605011,0.36295710582662866,1.8210175769950683,0.585072106525259,0.58217
813.0,1.8187005410225079,1.667729919019268e-08,0.0025777751841391553,3.628976203750314,0.0002577775184139155,0.3628976203750314,1.8209836752468163,0.5850969907405733,0.58491
814.0,1.8186673118669452,1.864459572778299e-08,0.00287831572322136,3.628382177774884,0.00028783157232213603,0.36283821777748837,1.820949874720087,0.585120258728181,0.58457
815.0,1.8186342047645412,2.0797886413492225e-08,0.0032067969161630495,3.627788978170231,0.00032067969161630495,0.3627788978170231,1.8209161748729816,0.5851418107047427,0.58153
816.0,1.81860121909586,2.3148936303983062e-08,0.0035649278544613357,3.6271966027749216,0.00035649278544613356,0.3627196602774922,1.8208825751670168,0.5851615460219275,0.58111
817.0,1.8185683542462001,2.570958487156461e-08,0.003954420707924145,3.626605049435817,0.00039544207079241455,0.3626605049435817,1.8208490750670983,0.5851793638518102,0.58424
818.0,1.8185356096055976,2.8491663563761608e-08,0.004376978041098555,3.62601431600803,0.00043769780410985555,0.362601431600803,1.8208156740414951,0.5851951639374651,0.58581
819.0,1.8185029845688256,3.150690589836886e-08,0.004834279077297218,3.625424400354883,0.00048342790772972177,0.36254244003548824,1.8207823715618152,0.5852088474058544,0.58362
820.0,1.8184704785353834,3.4766850468098545e-08,0.005327964976538208,3.6248353003478657,0.0005327964976538208,0.36248353003478656,1.8207491671029792,0.5852203176390596,0.58082
821.0,1.818438090909478,3.8282737353239684e-08,0.00585962321209478,3.624247013866599,0.000585962321209478,0.3624247013866599,1.8207160601431953,0.5852294811988051,0.58324
822.0,1.8184058210999943,4.206539856718875e-08,0.006430771148856778,3.6236595387987847,0.0006430771148856777,0.36236595387987847,1.8206830501639355,0.5852362487981008,0.58639
823.0,1.818373668520457,4.6125143286382085e-08,0.007042838945043719,3.6230728730401762,0.0007042838945043718,0.3623072873040176,1.8206501366499097,0.5852405363127609,0.58557
824.0,1.818341632588979,5.047163874103254e-08,0.007697151916673099,3.6224870144945256,0.0007697151916673099,0.3622487014494526,1.820617319089042,0.5852422658244634,0.58137
825.0,1.818309712728195,5.511378776404918e-08,0.008394912521262735,3.6219019610735583,0.0008394912521262735,0.3621901961073558,1.8205845969724466,0.5852413666860244,0.58183
826.0,1.8182779083651868,6.005960411055425e-08,0.00913718213323141,3.6213177106969168,0.0009137182133231408,0.3621317710696917,1.8205519697944041,0.5852377765985868,0.58534
827.0,1.818246218931386,6.53160867674797e-08,0.009924862798062766,3.6207342612921365,0.0009924862798062768,0.36207342612921367,1.820519437052337,0.5852314426895747,0.58862
828.0,1.8182146438624713,7.088909457000209e-08,0.010758679165253656,3.620151610794594,0.0010758679165253655,0.3620151610794594,1.8204869982467864,0.5852223225794803,0.58727
829.0,1.818183182598241,7.678322252751865e-08,0.0116391608111654,3.6195697571474756,0.00116391608111654,0.36195697571474755,1.8204546528813894,0.585210385424915,0.58296
830.0,1.8181518345824745,8.30016813353368e-08,0.01256662517198531,3.6189886983017354,0.001256662517198531,0.36189886983017355,1.820422400462855,0.5851956129248173,0.58267
831.0,1.818120599262776,8.954618160872287e-08,0.013541161314030381,3.6184084322160586,0.001354116131403038,0.36184084322160587,1.8203902405009422,0.5851780002763082,0.58732
832.0,1.8180894760903998,9.641682442365637e-08,0.01456261477364499,3.617828956856818,0.001456261477364499,0.36178289568568184,1.820358172508436,0.585157557066402,0.5873
833.0,1.8180584645200604,1.0361199978502979e-07,0.01563057370220393,3.6172502701980442,0.0015630573702203928,0.3617250270198044,1.8203261960011259,0.5851343080856204,0.5826
834.0,1.8180275640097239,1.1112829467073005e-07,0.01674435655364639,3.61667237022138,0.0016744356553646392,0.36166723702213804,1.8202943104977836,0.5851082940494577,0.58034
835.0,1.817996774020383,1.189604123237722e-07,0.017903001553263492,3.6160952549160443,0.0017903001553263493,0.3616095254916044,1.8202625155201404,0.5850795722136123,0.58462
836.0,1.8179660940158129,1.2710110449110134e-07,0.01910525818815276,3.6155189222788002,0.001910525818815276,0.36155189222788003,1.820230810592865,0.5850482168688163,0.58741
837.0,1.817935523462312,1.3554111834644835e-07,0.020349580963275837,3.61494337031391,0.0020349580963275834,0.361494337031391,1.820199195243543,0.5850143197009683,0.58541
838.0,1.8179050618284238,1.4426915989853808e-07,0.021634125674311142,3.6143685970331023,0.0021634125674311142,0.36143685970331024,1.8201676690026536,0.5849779900018327,0.5809
839.0,1.817874708584639,1.5327187579129942e-07,0.02295674846187716,3.613794600455537,0.002295674846187716,0.36137946004555366,1.82013623140355,0.5849393547148765,0.58267
840.0,1.8178444632030868,1.6253385557008652e-07,0.02431500793421944,3.6132213786077614,0.002431500793421944,0.36132213786077616,1.8201048819824373,0.5848985582995092,0.58725
841.0,1.8178143251571983,1.720376567414012e-07,0.025706170680598744,3.6126489295236843,0.0025706170680598744,0.3612648929523684,1.8200736202783505,0.5848557623949798,0.58852
842.0,1.8177842939213587,1.8176385532119065e-07,0.02712722054941618,3.6120772512445307,0.002712722054941618,0.36120772512445304,1.8200424458331361,0.584811145262175,0.58296
843.0,1.8177543689705367,1.916911250783716e-07,0.028574872137820843,3.61150634181881,0.0028574872137820846,0.361150634181881,1.8200113581914295,0.5847649009773286,0.58043
844.0,1.817724549779895,2.0179634936630904e-07,0.030045589037461413,3.610936199302281,0.0030045589037461413,0.3610936199302281,1.8199803569006354,0.5847172383459494,0.58396
845.0,1.8176948358243783,2.1205477032261096e-07,0.03153560750789043,3.610366821757914,0.0031535607507890435,0.36103668217579143,1.8199494415109072,0.5846683794978205,0.5881
846.0,1.8176652265782856,2.22440181326358e-07,0.03304096640747366,3.6097982072558588,0.0033040966407473656,0.3609798207255859,1.8199186115751265,0.5846185581146619,0.58691
847.0,1.8176357215148127,2.3292516993708037e-07,0.034557544401911965,3.609230353873404,0.003455754440191196,0.36092303538734044,1.8198878666488842,0.5845680172308834,0.58191
848.0,1.8176063201055837,2.4348142008471814e-07,0.03608110568980004,3.60866325969495,0.003608110568980004,0.36086632596949497,1.8198572062904599,0.5845170065349601,0.57974
849.0,1.8175770218201581,2.54080083986411e-07,0.03760735572556826,3.6080969228119675,0.0037607355725568265,0.36080969228119675,1.8198266300608026,0.5844657790848296,0.58489
850.0,1.8175478261255291,2.6469223604470675e-07,0.03913200866919088,3.607531341322966,0.003913200866919088,0.36075313413229665,1.8197961375235114,0.5844145873360552,0.58879
851.0,1.8175187324856101,2.7528942269104844e-07,0.04065086852818675,3.60696651333346,0.004065086852818675,0.36069665133334605,1.8197657282448154,0.5843636783675905,0.58645
852.0,1.8174897403607306,2.8584432357589737e-07,0.04215992615100388,3.6064024369559364,0.004215992615100388,0.3606402436955936,1.819735401793556,0.584313288178618,0.58134
853.0,1.8174608492071487,2.9633154040342007e-07,0.04365547434271191,3.6058391103098137,0.004365547434271191,0.36058391103098136,1.819705157741167,0.5842636349232648,0.58149
854.0,1.8174320584766044,3.067285297273954e-07,0.04513424335540909,3.605276531521418,0.004513424335540909,0.3605276531521418,1.8196749956616556,0.5842149109510872,0.58657
855.0,1.8174033676159405,3.170166947678683e-07,0.0465935587999089,3.6047146987239427,0.0046593558799908905,0.36047146987239426,1.8196449151315843,0.5841672735331893,0.58881
856.0,1.8173747760668277,3.27182648332597e-07,0.04803152356933362,3.604153610057419,0.004803152356933362,0.3604153610057419,1.8196149157300525,0.5841208341806192,0.58384
857.0,1.817346283265635,3.3721965377425933e-07,0.04944722459478678,3.60359326366868,0.0049447224594786785,0.360359326366868,1.8195849970386784,0.5840756465068617,0.57957
858.0,1.8173178886434946,3.471292431495153e-07,0.05084096410837774,3.6030336577113307,0.005084096410837773,0.3603033657711331,1.8195551586415797,0.5840316926535531,0.5812
859.0,1.8172895916266234,3.5692300101409243e-07,0.05221451352191363,3.6024747903457137,0.005221451352191363,0.3602474790345714,1.8195254001253562,0.5839888683906688,0.58599
860.0,1.8172613916369607,3.666244883786014e-07,0.05357138601471304,3.6019166597388774,0.005357138601471304,0.36019166597388774,1.8194957210790736,0.5839469671210585,0.58754
861.0,1.8172332880931878,3.7627126427013294e-07,0.054917121467502585,3.6013592640645435,0.005491712146750259,0.36013592640645437,1.8194661210942422,0.5839056631639862,0.58321
862.0,1.817205280412199,3.8591694239497636e-07,0.05625957453011105,3.600802601503075,0.005625957453011105,0.3600802601503075,1.8194365997648032,0.5838644948604383,0.57914
863.0,1.8171773680110783,3.9563319823837324e-07,0.05760919346938158,3.6002466702414457,0.005760919346938158,0.3600246670241446,1.8194071566871086,0.5838228482286106,0.57995
864.0,1.817149550309632,4.055116186404816e-07,0.05897927416973347,3.599691468473205,0.005897927416973346,0.3599691468473205,1.8193777914599052,0.5837799420917732,0.58614
865.0,1.8171218267335023,4.156652629599289e-07,0.0603861704724801,3.5991369943984517,0.00603861704724801,0.3599136994398452,1.819348503684317,0.5837348157896329,0.58747
866.0,1.8170941967178713,4.262297843023972e-07,0.06184943921965696,3.598583246223797,0.006184943921965696,0.3598583246223797,1.8193192929638289,0.5836863207519681,0.58403
867.0,1.8170666597117109,4.3736394322916106e-07,0.06339189623962149,3.598030222162339,0.006339189623962149,0.3598030222162339,1.8192901589042685,0.5836331173401075,0.57988
868.0,1.817039215182511,4.492493373801921e-07,0.06503955843058498,3.597477920433627,0.006503955843058498,0.3597477920433627,1.819261101113791,0.5835736784265325,0.5811
869.0,1.8170118626213634,4.62089171115809e-07,0.06682144742374325,3.5969263392636353,0.006682144742374326,0.3596926339263635,1.8192321192028615,0.5835063011637627,0.58597
870.0,1.8169846015482205,4.7610590199697615e-07,0.06876923236985942,3.596375476884726,0.006876923236985941,0.3596375476884726,1.8192032127842397,0.5834291282705029,0.58784
871.0,1.8169574315171062,4.91537627648196e-07,0.07091669345499553,3.595825331535629,0.007091669345499553,0.3595825331535629,1.8191743814729622,0.5833401799196766,0.58333
872.0,1.8169303521210012,5.086331185192324e-07,0.07329899396846272,3.5952759014613997,0.007329899396846272,0.35952759014613994,1.8191456248863271,0.5832373969395764,0.57911
873.0,1.8169033629960758,5.276454595277892e-07,0.07595175712955386,3.5947271849133986,0.007595175712955387,0.3594727184913399,1.819116942643879,0.5831186955349063,0.58017
874.0,1.8168764638249226,5.488243355383349e-07,0.07890995426263307,3.594179180149258,0.007890995426263307,0.35941791801492584,1.8190883343673907,0.5829820331090921,0.58567
875.0,1.8168496543384203,5.72407079732918e-07,0.08220662292807873,3.5936318854328517,0.008220662292807872,0.35936318854328514,1.81905979968085,0.5828254840452186,0.58755
876.0,1.8168229343158635,5.986086963280621e-07,0.08587144670133348,3.5930852990342634,0.008587144670133348,0.3593085299034264,1.8190313382104424,0.5826473235156389,0.58411
877.0,1.8167963035830241,6.276111645809267e-07,0.0899292416856727,3.5925394192297655,0.00899292416856727,0.35925394192297655,1.8190029495845368,0.5824461165871173,0.5787
878.0,1.8167697620078642,6.595524232451917e-07,0.09439840763209295,3.5919942443017803,0.009439840763209296,0.35919942443017805,1.8189746334336683,0.5822208091266176,0.57795
879.0,1.816743309493697,6.945155164292479e-07,0.0992894127061773,3.5914497725388577,0.009928941270617732,0.3591449772538858,1.8189463893905258,0.5819708163562088,0.58238
880.0,1.8167169459696928,7.325184457356539e-07,0.10460338944282471,3.5909060022356414,0.010460338944282471,0.35909060022356415,1.8189182170899338,0.5816961044190201,0.58675
881.0,1.8166906713787567,7.735053124909561e-07,0.11033092427851374,3.590362931692848,0.011033092427851374,0.3590362931692848,1.8188901161688398,0.581397260062268,0.58495
882.0,1.8166644856629215,8.173393416487516e-07,0.11645112341104927,3.5898205592172276,0.011645112341104926,0.3589820559217228,1.818862086266299,0.5810755435678612,0.57922
883.0,1.8166383887465467,8.637983510230529e-07,0.12293103301277464,3.5892788831215454,0.012293103301277464,0.3589278883121545,1.8188341270234576,0.5807329203988149,0.57588
884.0,1.8166123805177414,9.125731635399857e-07,0.12972548173938533,3.588737901724548,0.012972548173938532,0.3588737901724548,1.818806238083541,0.5803720676918034,0.57982
885.0,1.8165864608085336,9.632693564823128e-07,0.13677739813572887,3.5881976133509386,0.013677739813572887,0.35881976133509386,1.8187784190918377,0.5799963526985211,0.58449
886.0,1.8165606293743857,1.015412603432344e-06,0.1440186354539746,3.587658016331346,0.014401863545397462,0.35876580163313454,1.8187506696956848,0.5796097815206978,0.58518
887.0,1.81653488587369,1.0684576978863238e-06,0.15137131248483143,3.5871191090022987,0.015137131248483144,0.35871191090022986,1.8187229895444548,0.5792169179308265,0.58099
888.0,1.8165092298478553,1.121801161066029e-06,0.1587496525402494,3.5865808897061977,0.01587496525402494,0.3586580889706198,1.81869537828954,0.5788227736372991,0.57575
889.0,1.8164836607024897,1.1747971412033051e-06,0.1660622752874058,3.5860433567912904,0.01660622752874058,0.358604335679129,1.8186678355843409,0.5784326729392061,0.57712
890.0,1.8164581776900126,1.2267761199406669e-06,0.17321486948337034,3.585506508611641,0.017321486948337034,0.35855065086116406,1.8186403610842483,0.5780520962163125,0.58156
891.0,1.8164327798937152,1.277065766869139e-06,0.18011315067775993,3.584970343527101,0.018011315067775993,0.35849703435271013,1.818612954446634,0.5776865080064221,0.58412
892.0,1.8164074662128702,1.325013140633913e-06,0.1866659887231139,3.5844348599032907,0.01866659887231139,0.35844348599032905,1.8185856153308342,0.5773411764227115,0.5813
893.0,1.816382235347794,1.3700073467758076e-06,0.19278857854400544,3.5839000561115673,0.019278857854400543,0.3583900056111567,1.818558343398136,0.5770209911923663,0.5758
894.0,1.8163570857827633,1.411501780869496e-06,0.19840553133371447,3.583365930528993,0.019840553133371446,0.35833659305289933,1.818531138311766,0.5767302872510028,0.57375
895.0,1.8163320157629894,1.4490353661250597e-06,0.20345380384403502,3.582832481538322,0.020345380384403502,0.35828324815383217,1.8185039997368744,0.5764726783676857,0.57778
896.0,1.8163070232590752,1.482253194391509e-06,0.20788552438662358,3.5822997075279597,0.020788552438662358,0.358229970752796,1.8184769273405237,0.5762508970305894,0.5816
897.0,1.8162821059078327,1.5109299007881507e-06,0.2116711828943237,3.581767606891948,0.02116711828943237,0.3581767606891948,1.818449920791674,0.576066613113263,0.58166
898.0,1.816257260911865,1.535006658081204e-06,0.21480470557858927,3.581236178029934,0.021480470557858927,0.3581236178029934,1.8184229797611717,0.5759201428496357,0.57579
899.0,1.8162324848737919,1.5546698598996173e-06,0.21731432305308612,3.580705419347141,0.021731432305308614,0.3580705419347141,1.818396103921735,0.5758098213442387,0.57158
900.0,1.8162077735422968,1.570532996742888e-06,0.21928777443501418,3.5801753292543532,0.021928777443501416,0.35801753292543537,1.8183692929479414,0.5757305434527039,0.57245
901.0,1.816183121475119,1.5840359636661824e-06,0.22092766909992043,3.5796459061678805,0.022092766909992043,0.35796459061678804,1.8183425465162155,0.5756705562227828,0.57616
902.0,1.8161585217102105,1.59823402904128e-06,0.22266076649016858,3.5791171485095346,0.022266076649016857,0.35791171485095347,1.8183158643048167,0.5756051272389119,0.57751
903.0,1.816133965711446,1.6191600954815883e-06,0.22532631056260047,3.5785890547066104,0.022532631056260046,0.35785890547066107,1.8182892459938254,0.575485641171192,0.57507
904.0,1.81610944410874,1.6578069086759654e-06,0.23044929227286806,3.578061623191852,0.023044929227286806,0.3578061623191852,1.818262691265131,0.5752238263633428,0.56928
905.0,1.816084948966538,1.7323705601396402e-06,0.2405481823217648,3.5775348524034345,0.024054818232176478,0.35775348524034345,1.8182361998024206,0.5746741782629743,0.56631
906.0,1.816060478223886,1.8696960096777336e-06,0.25932994474391696,3.5770087407849362,0.025932994474391693,0.3577008740784936,1.8182097712911651,0.5736234563466363,0.56779
907.0,1.816036042218289,2.1041057374653157e-06,0.2915211963482765,3.576483286785314,0.029152119634827653,0.35764832867853136,1.8181834054186092,0.5718023471301219,0.57061
908.0,1.816011670699456,2.471568988088088e-06,0.3420556377012289,3.5759584888588787,0.03420556377012289,0.35759584888588786,1.8181571018737568,0.5689357114195513,0.57106
909.0,1.8159874168996948,2.998239671676108e-06,0.4144883487894008,3.575434345465275,0.04144883487894008,0.3575434345465275,1.818130860347361,0.564837412153495,0.56659
910.0,1.8159633542298774,3.685090796432402e-06,0.5088815021487206,3.5749108550694495,0.050888150214872065,0.35749108550694497,1.8181046805319114,0.5595311214445582,0.5599
911.0,1.8159395624564738,4.4939132415207876e-06,0.6198921987017167,3.5743880161416337,0.061989219870171676,0.35743880161416336,1.8180785621216233,0.5533492812198432,0.55461
912.0,1.8159161043804377,5.3422684345476e-06,0.7361066345385695,3.573865827157314,0.07361066345385694,0.35738658271573137,1.8180525048124243,0.5469500786784783,0.54941
913.0,1.8158929997463156,6.113741861988742e-06,0.8414846229821782,3.573344286597214,0.08414846229821782,0.3573344286597214,1.8180265083019445,0.541215247113001,0.54195
914.0,1.8158702071662847,6.684234768958636e-06,0.9189996868722066,3.5728233929472664,0.09189996868722065,0.35728233929472664,1.8180005722895038,0.5370439999184344,0.53448
915.0,1.815847623971492,6.957142685356215e-06,0.9554757748761115,3.572303144698592,0.09554757748761114,0.3572303144698592,1.8179746964761014,0.5351091807558555,0.52957
916.0,1.8158251072859237,6.8944638972247445e-06,0.9458339358061708,3.571783540347473,0.09458339358061708,0.3571783540347473,1.8179488805644037,0.535660047644293,0.53148
917.0,1.8158025101766708,6.531100403318885e-06,0.8950079409781436,3.5712645783953336,0.08950079409781436,0.35712645783953334,1.8179231242587337,0.5384371361020607,0.53853
918.0,1.815779719688102,5.9664221299874095e-06,0.8167349861343794,3.570746257348715,0.08167349861343795,0.3570746257348715,1.8178974272650599,0.5427250609891748,0.54851
919.0,1.8157566830060483,5.336977332951756e-06,0.7297762255310767,3.5702285757192516,0.07297762255310766,0.35702285757192515,1.8178717892909848,0.5475257387237205,0.55546
920.0,1.8157334140466572,4.7815928411659785e-06,0.6531224757506342,3.5697115320236494,0.06531224757506342,0.35697115320236494,1.817846210045734,0.5517970066229481,0.55632
921.0,1.8157099815980806,4.4113424598903735e-06,0.6018953773924136,3.569195124783665,0.060189537739241364,0.3569195124783665,1.8178206892401456,0.5546811258382257,0.5523
922.0,1.815686486774009,4.2922826991633075e-06,0.5850153490161395,3.568679352526076,0.05850153490161395,0.35686793525260757,1.8177952265866597,0.5556568447169178,0.55028
923.0,1.8156630390892023,4.442010183499704e-06,0.6047664814584494,3.5681642137826683,0.06047664814584494,0.35681642137826686,1.8177698217993075,0.5545864664019663,0.55039
924.0,1.8156397375223445,4.835998081582536e-06,0.6576942011200878,3.5676497070902062,0.06576942011200877,0.35676497070902063,1.8177444745936997,0.5516736321645516,0.55023
925.0,1.8156166583777607,5.418305248864063e-06,0.7360911552319289,3.567135830990411,0.0736091155231929,0.3567135830990411,1.817719184687018,0.5473719495400735,0.54577
926.0,1.815593848477714,6.112981096023073e-06,0.8295678834902535,3.566622584029945,0.08295678834902534,0.35666225840299454,1.8176939517980024,0.5422809558702361,0.53742
927.0,1.81557132145679,6.835219784716379e-06,0.9265793424524955,3.566109964760381,0.09265793424524955,0.3566109964760381,1.8176687756469427,0.5370468248666374,0.52877
928.0,1.8155490561750185,7.503150675041558e-06,1.0160277172193042,3.5655979717381854,0.10160277172193041,0.3565597971738185,1.817643655955667,0.5322683901124327,0.52488
929.0,1.8155269981790332,8.051294410947634e-06,1.0890801883023316,3.5650866035246955,0.10890801883023314,0.35650866035246953,1.8176185924475325,0.5284033427839482,0.52518
930.0,1.8155050665391845,8.445362349225418e-06,1.1411564865905552,3.5645758586860987,0.11411564865905553,0.35645758586860987,1.8175935848474143,0.5256741745297464,0.52677
931.0,1.8154831685802297,8.69581894016893e-06,1.1737366659240254,3.5640657357934082,0.11737366659240253,0.35640657357934086,1.8175686328816962,0.5239853610469307,0.52829
932.0,1.8154612235327832,8.865126672428097e-06,1.1953054432293149,3.5635562334224455,0.1195305443229315,0.3563556233422446,1.8175437362782603,0.5228805866001419,0.52775
933.0,1.8154391925360207,9.061895033278229e-06,1.2205265965337069,3.5630473501538154,0.12205265965337068,0.35630473501538157,1.8175188947664773,0.5215865777308962,0.52484
934.0,1.8154171069361456,9.41609696663767e-06,1.2668754199519503,3.5625390845728853,0.12668754199519502,0.35625390845728855,1.8174941080771965,0.5191917756873051,0.52078
935.0,1.8153950815323394,1.0035153625264255e-05,1.3487214933379748,3.5620314352697693,0.1348721493337975,0.35620314352697696,1.8174693759427365,0.5149670787595005,0.51719
936.0,1.815373298667817,1.0951135141541921e-05,1.470256654236629,3.5615244008392977,0.1470256654236629,0.35615244008392977,1.817444698096875,0.508743386111109,0.51291
937.0,1.815351957248202,1.208033956785293e-05,1.6201283261147006,3.5610179798810067,0.16201283261147004,0.35610179798810065,1.8174200742748394,0.5011662852707243,0.5074
938.0,1.81533119776974,1.3219909228009341e-05,1.771069070867295,3.5605121709991083,0.1771069070867295,0.35605121709991083,1.8173955042132977,0.4936499931490453,0.5019
939.0,1.8153110323679011,1.409501173375464e-05,1.8862954340798939,3.560006972802479,0.18862954340798938,0.3560006972802479,1.8173709876503483,0.48799533059928,0.49582
940.0,1.8152913149723453,1.444611860467619e-05,1.9312263864398957,3.559502383904628,0.19312263864398957,0.3559502383904628,1.8173465243255111,0.48582493656250453,0.48794
941.0,1.815271772510353,1.4121770916150303e-05,1.8858597987611392,3.5589984029236876,0.18858597987611392,0.35589984029236876,1.8173221139797182,0.4880721019188954,0.48302
942.0,1.815252088587785,1.313452325094048e-05,1.7521580362445413,3.558495028482388,0.17521580362445413,0.3558495028482388,1.8172977563553045,0.49470138544682635,0.48591
943.0,1.8152320035011569,1.1654125703536954e-05,1.5530229350686608,3.5579922592080364,0.15530229350686608,0.35579922592080365,1.817273451195999,0.5047299929147715,0.49814
944.0,1.8152113866533859,9.94358948799319e-06,1.323674054482716,3.5574900937324982,0.13236740544827158,0.3557490093732498,1.8172491982469148,0.5165305534602528,0.51428
945.0,1.81519025416084,8.270890640338189e-06,1.0998420856859696,3.5569885306921774,0.10998420856859696,0.3556988530692177,1.8172249972545413,0.5283168594623537,0.52525
946.0,1.8151687337746727,6.835805463068938e-06,0.9080471976383234,3.5564875687279973,0.09080471976383234,0.35564875687279973,1.8172008479667339,0.5386367308444497,0.53328
947.0,1.8151470024670069,5.736710207550165e-06,0.7612420968875682,3.555987206485376,0.07612420968875681,0.3555987206485376,1.8171767501327063,0.5466807265275117,0.54205
948.0,1.81512522742039,4.978576715701774e-06,0.6599434614085187,3.555487442614217,0.06599434614085187,0.3555487442614217,1.817152703503021,0.5523117579011966,0.55031
949.0,1.8151035303617453,4.505841015000413e-06,0.596649822169394,3.554988275768877,0.0596649822169394,0.35549882757688767,1.817128707829581,0.5558717485609085,0.55545
950.0,1.8150819787684371,4.239580973571565e-06,0.5608015343524838,3.554489704608156,0.05608015343524838,0.35544897046081564,1.8171047628656212,0.5579120598006554,0.55734
951.0,1.8150605956632764,4.104929087030665e-06,0.542419140413148,3.5539917277952737,0.054241914041314794,0.3553991727795274,1.817080868365698,0.5589766434598903,0.55641
952.0,1.8150393763969874,4.044456065959167e-06,0.5338669522934452,3.5534943439978517,0.053386695229344514,0.35534943439978517,1.8170570240856836,0.5594895301737768,0.55569
953.0,1.8150183038187913,4.020345002334267e-06,0.5301274427798435,3.552997551887896,0.05301274427798435,0.3552997551887896,1.8170332297827563,0.5597317085611206,0.5578
954.0,1.8149973581895165,4.01063021765508e-06,0.5282920934193053,3.5525013501417715,0.052829209341930534,0.3552501350141771,1.8170094852153909,0.5598666552423489,0.56263
955.0,1.8149765219323324,4.003895075834098e-06,0.5268526641250156,3.5520057374401914,0.05268526641250157,0.35520057374401914,1.816985790143352,0.5599792732643765,0.56637
956.0,1.8149557809201773,3.994795253161693e-06,0.5251054150597554,3.5515107124681933,0.05251054150597554,0.3551510712468193,1.8169621443276847,0.5601092130437436,0.56549
957.0,1.8149351240322356,3.981086833140668e-06,0.5227566624157901,3.5510162739151228,0.052275666241579005,0.35510162739151224,1.8169385475307074,0.5602730454769815,0.56235
958.0,1.8149145420957555,3.961954515172009e-06,0.5197013444142503,3.550522420474612,0.05197013444142503,0.35505224204746116,1.8169149995160023,0.5604767274605845,0.559
959.0,1.8148940266802702,3.937187969986285e-06,0.515914110628197,3.550029150844565,0.051591411062819705,0.3550029150844565,1.8168915000484085,0.5607217347570839,0.55772
960.0,1.8148735687171902,3.906819728631781e-06,0.5114015065987196,3.549536463727138,0.051140150659871965,0.3549536463727138,1.8168680488940128,0.5610077542327154,0.56016
961.0,1.814853156417604,3.8709813325324715e-06,0.5061829975636728,3.549044357828718,0.05061829975636729,0.35490443578287184,1.8168446458201428,0.5613337518649658,0.56299
962.0,1.8148327706281033,3.8298686264500064e-06,0.5002863676120322,3.5485528318599084,0.05002863676120321,0.35485528318599086,1.8168212905953585,0.5616982309442295,0.56496
963.0,1.8148123669428708,3.7862863290734893e-06,0.4940797223594908,3.548061884535509,0.04940797223594908,0.3548061884535509,1.8167979829894445,0.5620804540486944,0.56497
964.0,1.8147918318186171,3.843045851118625e-06,0.5009661665262659,3.5475715145745013,0.05009661665262659,0.3547571514574501,1.8167747227734015,0.5617223582217159,0.5624
965.0,1.8147714036319227,4.210683212307398e-06,0.5483213034768412,3.547081720700024,0.054832130347684124,0.35470817207000244,1.81675150971944,0.5590831592085741,0.55878
966.0,1.8147507583111804,4.6112299689220575e-06,0.5998594697465269,3.546592501639362,0.0599859469746527,0.3546592501639362,1.8167283436009714,0.5562223706751773,0.55634
967.0,1.8147302524929732,6.439772255283087e-06,0.8368620975383132,3.546103856123924,0.08368620975383131,0.35461038561239244,1.8167052241926007,0.5431476202940297,0.55095
968.0,1.8147120818599904,8.793804682212487e-06,1.1415930655678626,3.545615782889227,0.11415930655678624,0.3545615782889227,1.816682151270119,0.5267834301818426,0.53525
969.0,1.8146956462997892,8.796903071168356e-06,1.1408167621351495,3.54512828067488,0.11408167621351495,0.354512828067488,1.8166591246104964,0.5268530556625091,0.51906
970.0,1.8146777529791778,6.355925344640545e-06,0.8234114791541406,3.5446413482245624,0.08234114791541407,0.35446413482245626,1.8166361439918732,0.5439718057051222,0.53552
984.0,1.8144042747591904,2.1241236115587126e-06,0.27126549322721427,3.5378834251512723,0.027126549322721426,0.35378834251512725,1.8163191281196513,0.5754886332346262,0.5779
985.0,1.8143853335932143,2.036465708071303e-06,0.2598069322949986,3.5374048911204232,0.025980693229499863,0.3537404891120423,1.8162968122670402,0.5761838879356848,0.57924
986.0,1.8143664446829264,1.949947622068648e-06,0.2485168813134179,3.5369269072925444,0.02485168813134179,0.35369269072925447,1.816274539059065,0.5768701665455143,0.57932
987.0,1.8143476061011692,1.8647508346414867e-06,0.23741793405816128,3.536449472477976,0.023741793405816128,0.3536449472477976,1.8162523082926851,0.5775461214722389,0.57836
988.0,1.814328815077367,1.7810458531535058e-06,0.22653119708395222,3.5359725854908337,0.022653119708395224,0.35359725854908336,1.816230119765904,0.5782104861226891,0.5787
989.0,1.8143100665767051,1.6990696060982611e-06,0.21588613114078872,3.5354962451489906,0.02158861311407887,0.353549624514899,1.816207973277766,0.5788615024409497,0.57957
990.0,1.8142913478770486,1.6213249261491486e-06,0.20579969604332038,3.5350204502740623,0.020579969604332036,0.35350204502740623,1.8161858686283472,0.579480635635835,0.57988
991.0,1.8142726310184747,1.5784278375858396e-06,0.20015246412840754,3.534545199691394,0.020015246412840755,0.3534545199691394,1.8161638056187501,0.5798412298551672,0.58045
992.0,1.814253962210357,1.6749461422164427e-06,0.21217735869136053,3.5340704922300405,0.021217735869136053,0.35340704922300403,1.8161417840510974,0.5791707598667564,0.57924
993.0,1.8142355580534026,1.830877651787787e-06,0.23169674845833807,3.5335963267227535,0.023169674845833807,0.3533596326722754,1.8161198037285256,0.5780647315896503,0.57817
994.0,1.8142172535645273,1.7517844696523788e-06,0.22146451591680502,3.533122702005966,0.0221464515916805,0.3533122702005966,1.8160978644551786,0.57869129348403,0.57856
995.0,1.8141987766537022,1.6997840844088244e-06,0.21467454039266795,3.5326496169197745,0.021467454039266795,0.35326496169197746,1.8160759660362016,0.579117834929817,0.57837
996.0,1.8141804101188665,1.8781071218452505e-06,0.2369577323953297,3.53217707030793,0.02369577323953297,0.353217707030793,1.8160541082777342,0.5778510240360649,0.57912
997.0,1.8141623386772083,2.0775181048598566e-06,0.2618541871986967,3.5317050610178145,0.02618541871986967,0.35317050610178147,1.816032290986906,0.5764352887512169,0.57892
998.0,1.8141444802537017,2.091346458846479e-06,0.2633330128746744,3.5312335879004313,0.026333301287467442,0.35312335879004314,1.8160105139718288,0.5763800068532238,0.57618
999.0,1.814126642671513,1.8644546837847846e-06,0.2345288143154899,3.530762649810391,0.02345288143154899,0.3530762649810391,1.815988777041591,0.5780841789150403,0.57653
1000.0,1.8141086766726027,1.5045366811030525e-06,0.18906565537638875,3.530292245605892,0.018906565537638875,0.3530292245605892,1.8159670800062528,0.580766578725834,0.57766
1002.5,1.8140633704529419,8.659946915542668e-07,0.10855272063978626,3.529118563383045,0.010855272063978625,0.3529118563383045,1.8159130107202972,0.5855704557660453,0.59118
1005.0,1.8140183512461932,6.840743123031642e-07,0.08553563518571584,3.5279481931529513,0.008553563518571585,0.3527948193152951,1.8158591866723446,0.587006292435453,0.59024
1007.5,1.8139737486620058,5.92580748183274e-07,0.07391155633355104,3.526781117365568,0.0073911556333551036,0.35267811173655683,1.8158056049726432,0.5877708046178161,0.58838
1010.0,1.8139294811517253,5.47207032189371e-07,0.06808323137896242,3.525617318607104,0.006808323137896243,0.3525617318607104,1.8157522627677736,0.5881927317721829,0.58689
1012.5,1.8138855419812967,5.543570028535276e-07,0.06880252395578068,3.5244567795986286,0.006880252395578068,0.35244567795986287,1.8156991572400958,0.5882267975715378,0.58737
1015.0,1.8138419262122099,6.009555508683579e-07,0.07440226773367647,3.523299483194701,0.007440226773367647,0.35232994831947007,1.8156462856072118,0.5879716236755547,0.58877
1017.5,1.8137986006746665,7.012536844978868e-07,0.08660652279199355,3.522145412382008,0.008660652279199354,0.35221454123820084,1.8155936451214334,0.5873256412763589,0.5875
1020.0,1.8137555748315157,9.312351141244042e-07,0.11472789777639533,3.520994550278029,0.011472789777639533,0.3520994550278029,1.8155412330692615,0.5857407173213744,0.58566
1022.5,1.8137129660552624,1.3384516364616811e-06,0.16449368521440605,3.519846880129709,0.016449368521440605,0.3519846880129709,1.8154890467708735,0.5828883624435544,0.58318
1025.0,1.8136709219829306,1.832310530980525e-06,0.22463895817458068,3.518702385312154,0.022463895817458068,0.3518702385312154,1.8154370835796205,0.5794440559882247,0.5799
1027.5,1.8136294775647879,2.2064962219134227e-06,0.26985546748172623,3.5175610493273406,0.026985546748172624,0.35175610493273407,1.8153853408815321,0.5768863123443912,0.57704
1030.0,1.8135884945851364,2.274065004311398e-06,0.27744411306137207,3.516422855802842,0.027744411306137206,0.3516422855802842,1.8153338160948316,0.5765191330383871,0.57506
1032.5,1.8135477347128561,1.998834064603227e-06,0.24327447605239802,3.5152877884905678,0.0243274476052398,0.35152877884905676,1.8152825066694571,0.5785788270074752,0.57868
1035.0,1.8135070085346077,1.5177422527344687e-06,0.18427547483027748,3.514155831265525,0.01842754748302775,0.3514155831265525,1.815231410086594,0.5820989326551106,0.58369
1037.5,1.813466279986918,1.0401387502478604e-06,0.12598331591297338,3.513026968124589,0.012598331591297338,0.3513026968124589,1.8151805238582128,0.5855988759765384,0.58575
1040.0,1.8134256525001435,7.163600966001441e-07,0.08655813910784182,3.5119011831852887,0.008655813910784182,0.35119011831852887,1.8151298455266158,0.5880019054569912,0.58693
1042.5,1.8133852735577605,5.753275492170571e-07,0.06935040007781781,3.510778460684614,0.006935040007781781,0.3510778460684614,1.8150793726639924,0.5890954148840277,0.58748
1045.0,1.813345243850746,5.501676486088336e-07,0.06615895284640316,3.5096587849778316,0.006615895284640316,0.35096587849778316,1.8150291028719807,0.5893584173233427,0.58869
1047.5,1.813305582161441,5.461770584939025e-07,0.06552232303670556,3.5085421405373145,0.006552232303670556,0.35085421405373146,1.8149790337812386,0.5894696402103176,0.58964
1050.0,1.8132662448084091,4.997014537730884e-07,0.05980413013949235,3.5074285119513937,0.005980413013949235,0.35074285119513937,1.814929163051019,0.589882378932946,0.59022
1052.5,1.8132271711940782,4.004591501614035e-07,0.04781299854479343,3.506317883923214,0.004781299854479343,0.3506317883923214,1.8148794883687547,0.5906681372932606,0.59193
1055.0,1.813188322644274,2.768657934761008e-07,0.032978181718097715,3.505210241269609,0.0032978181718097714,0.3505210241269609,1.8148300074496506,0.5916241126059754,0.59299
1057.5,1.813149694350847,1.6482208310329151e-07,0.01958596105632783,3.5041055689199916,0.001958596105632783,0.3504105568919991,1.814780718036281,0.5924953655491354,0.59173
1060.0,1.813111302901487,8.48353048333251e-08,0.010057281902997163,3.5030038519152513,0.0010057281902997163,0.3503003851915251,1.8147316178981945,0.5931369011321511,0.59283
1062.5,1.8130731671677542,3.8148807488195977e-08,0.0045119252084001036,3.5019050754066763,0.0004511925208400104,0.3501905075406676,1.814682704831527,0.5935407998776686,0.59462
1065.0,1.8130352973363628,1.534590965407159e-08,0.0018107266490848446,3.500809224654871,0.00018107266490848448,0.3500809224654871,1.814633976658618,0.593774675644568,0.59345
1067.5,1.8129976943251125,5.828282054991954e-09,0.0006860922936585272,3.4997162850287054,6.860922936585272e-05,0.3499716285028705,1.814585431227636,0.5939141285388687,0.59364
1070.0,1.812960353972858,2.3246287417329552e-09,0.000273010713172035,3.498626242004264,2.73010713172035e-05,0.3498626242004264,1.8145370664122098,0.5940108306784928,0.59499
1072.5,1.8129232708264038,1.1085413014951972e-09,0.000129886627840678,3.4975390811638145,1.29886627840678e-05,0.3497539081163814,1.814488880111065,0.594091179535664,0.59373
1075.0,1.8128864399109288,6.531740643890094e-10,7.635374296557762e-05,3.496454788194784,7.635374296557762e-06,0.3496454788194784,1.8144408702476669,0.5941659613913334,0.59326
1077.5,1.8128498570766314,4.3797102493437734e-10,5.107847997843273e-05,3.495373348888751,5.107847997843274e-06,0.3495373348888751,1.8143930347698698,0.59423884576,0.5942
1080.0,1.8128135188185983,3.0814962697249396e-10,3.585483719641564e-05,3.4942947491404457,3.585483719641564e-06,0.3494294749140446,1.8143453716495719,0.5943109229518935,0.59423
1082.5,1.812777422045262,2.1923841298761358e-10,2.5450634184815592e-05,3.493218974946767,2.545063418481559e-06,0.34932189749467674,1.8142978788823747,0.5943825072289948,0.59387
1085.0,1.812741563922299,1.5590278854852043e-10,1.8056518163251416e-05,3.4921460124058092,1.8056518163251415e-06,0.3492146012405809,1.8142505544872511,0.5944537080674257,0.5929
1087.5,1.8127059417843119,1.1048706664376515e-10,1.2767093586565092e-05,3.4910758477158943,1.2767093586565092e-06,0.34910758477158943,1.8142033965062145,0.5945245808437074,0.59212
1090.0,1.8126705530859244,7.799039525538974e-11,8.991341386601713e-06,3.4900084671746265,8.991341386601712e-07,0.3490008467174626,1.8141564030039976,0.5945951621109432,0.59147
1092.5,1.8126353953732213,5.483029922083829e-11,6.306799642153436e-06,3.4889438571779507,6.306799642153436e-07,0.3488943857177951,1.8141095720677336,0.5946654783243192,0.59117
1095.0,1.8126004662657784,3.839462518893282e-11,4.4062199974752506e-06,3.4878820042192213,4.4062199974752503e-07,0.3487882004219221,1.814062901806644,0.5947355490328957,0.5907
1097.5,1.812565763444617,2.6780445487999986e-11,3.0663599382218745e-06,3.486822894888288,3.066359938221875e-07,0.3486822894888288,1.8140163903517315,0.5948053887468365,0.5901
1100.0,1.8125312846437114,1.86076082020392e-11,2.1257281901237644e-06,3.485766515870585,2.1257281901237646e-07,0.3485766515870585,1.813970035855476,0.5948750082690523,0.58966
1102.5,1.8124970276437713,1.288001204624869e-11,1.4680726067172037e-06,3.484712853946235,1.4680726067172036e-07,0.34847128539462346,1.8139238364915387,0.5949444156833749,0.58926
1105.0,1.8124629902675493,8.882232417866837e-12,1.0101124384234412e-06,3.483661895989166,1.0101124384234412e-07,0.3483661895989166,1.8138777904544683,0.5950136170888671,0.58891
1107.5,1.8124291703762112,6.102881587396062e-12,6.924701746525285e-07,3.4826136289662304,6.924701746525285e-08,0.3482613628966231,1.813831895959413,0.5950826171427368,0.58972
1110.0,1.8123955658664577,4.178121992507906e-12,4.730074723410733e-07,3.4815680399363433,4.730074723410733e-08,0.34815680399363436,1.8137861512418378,0.5951514194594296,0.59032
1112.5,1.8123621746682028,2.850274511055763e-12,3.219560077176458e-07,3.4805251160496247,3.219560077176458e-08,0.3480525116049625,1.813740554557244,0.5952200269023247,0.58937
1115.0,1.8123289947426697,1.9376589004192633e-12,2.183797297478039e-07,3.479484844546552,2.1837972974780393e-08,0.3479484844546552,1.8136951041808964,0.59528844179575,0.58957
1117.5,1.812296024080793,1.3127388287298176e-12,1.4761845764365693e-07,3.4784472127571266,1.4761845764365692e-08,0.34784472127571264,1.8136497984075521,0.595356666078263,0.59025
1120.0,1.8122632607018743,8.863691635127407e-13,9.945038758786272e-08,3.477412208100046,9.945038758786273e-09,0.3477412208100046,1.8136046355511959,0.5954247014128865,0.59022
1122.5,1.8122307026524223,5.965005297385754e-13,6.677814457333196e-08,3.476379818081885,6.677814457333196e-09,0.3476379818081885,1.8135596139447772,0.5954925492659948,0.59058
1125.0,1.8121983480051447,4.0012081987823213e-13,4.4693924560987696e-08,3.4753500302962914,4.46939245609877e-09,0.34753500302962914,1.8135147319399536,0.5955602109634945,0.59126
1127.5,1.8121661948580654,2.6753430446416243e-13,2.981760729003522e-08,3.4743228324231827,2.981760729003522e-09,0.3474322832423183,1.813469987906838,0.5956276877306469,0.59106
1130.0,1.8121342413337347,1.7831971659421642e-13,1.9830368553720507e-08,3.4732982122279616,1.9830368553720505e-09,0.34732982122279615,1.8134253802337483,0.5956949807201734,0.59137
1132.5,1.8121024855785264,1.1848790768150407e-13,1.3147575816739558e-08,3.4722761575607293,1.3147575816739558e-09,0.3472276157560729,1.8133809073269624,0.5957620910320116,0.59253
1135.0,1.8120709257619965,7.849217443401441e-14,8.690411931848044e-09,3.4712566563555183,8.690411931848044e-10,0.3471256656355518,1.8133365676104767,0.5958290197271454,0.59209
1137.5,1.8120395600762997,5.184166218855776e-14,5.727134420446833e-09,3.4702396966295286,5.727134420446834e-10,0.3470239696629529,1.8132923595257686,0.5958957678372591,0.59196
1140.0,1.8120083867356553,3.413924773332762e-14,3.7632143816878616e-09,3.469225266482372,3.763214381687861e-10,0.3469225266482372,1.8132482815315616,0.595962336371452,0.59363
1142.5,1.811977403975848,2.2416787665567403e-14,2.4656250484806594e-09,3.468213354095326,2.465625048480659e-10,0.3468213354095326,1.8132043321035964,0.5960287263209056,0.5938
1145.0,1.811946610053768,1.4677727862691716e-14,1.6108800707361577e-09,3.4672039477305967,1.6108800707361577e-10,0.34672039477305966,1.8131605097344026,0.5960949386621148,0.59351
1147.5,1.8119160032469757,9.583664943623407e-15,1.0495153422693973e-09,3.4661970357305876,1.0495153422693972e-10,0.34661970357305877,1.8131168129330766,0.5961609743591344,0.59459
1150.0,1.8118855818532944,6.240404840742053e-15,6.819064348904841e-10,3.4651926065171836,6.819064348904841e-11,0.34651926065171834,1.8130732402250602,0.5962268343651368,0.59464
1152.5,1.8118553441904273,4.052499595661659e-15,4.4186734779718094e-10,3.464190648591031,4.4186734779718094e-11,0.3464190648591031,1.8130297901519268,0.5962925196235053,0.59389
1155.0,1.811825288595589,2.6247182752118696e-15,2.8556868055925484e-10,3.463191150530837,2.8556868055925482e-11,0.34631911505308366,1.812986461271166,0.5963580310685953,0.59469
1157.5,1.8117954134251584,1.6955556594523076e-15,1.8407758802550208e-10,3.462194100992668,1.840775880255021e-11,0.3462194100992668,1.812943252155974,0.5964233696262857,0.59474
1160.0,1.8117657170543446,1.0925237966696562e-15,1.183539563272214e-10,3.461199488709265,1.1835395632722142e-11,0.3461199488709265,1.812900161395049,0.596488536214369,0.5938
1162.5,1.8117361978768691,7.021967873498832e-16,7.590593612086871e-11,3.460207302489359,7.590593612086871e-12,0.3460207302489359,1.8128571875923858,0.59655353174285,0.59431
1165.0,1.8117068543046593,4.502100180499356e-16,4.856228275633325e-11,3.4592175312169937,4.856228275633325e-12,0.34592175312169937,1.812814329367076,0.5966183571141663,0.5946
1167.5,1.8116776847675504,2.8795119793234735e-16,3.099358862583787e-11,3.4582301638508626,3.099358862583787e-12,0.3458230163850863,1.8127715853531114,0.5966830132233633,0.59392
1170.0,1.8116486877130036,1.8373369605627739e-16,1.9733895034095763e-11,3.4572451894236464,1.9733895034095763e-12,0.3457245189423646,1.8127289541991891,0.5967475009582416,0.59393
1172.5,1.8116198616058277,1.1696163392428909e-16,1.2535464729668413e-11,3.456262597041362,1.2535464729668412e-12,0.3456262597041362,1.8126864345685203,0.5968118211994775,0.59396
1175.0,1.8115912049279128,7.42849751703231e-17,7.944617268670203e-12,3.455282375882716,7.944617268670204e-13,0.3455282375882716,1.8126440251386424,0.59687597482073,0.59302
1177.5,1.8115627161779733,4.7073823233941724e-17,5.023754641125633e-12,3.454304515198466,5.023754641125633e-13,0.3454304515198466,1.8126017246012334,0.596939962688735,0.59305
1180.0,1.8115343938712918,2.976436609864793e-17,3.1697462330260827e-12,3.45332900431079,3.1697462330260827e-13,0.345332900431079,1.8125595316619283,0.5970037856633983,0.59362
1182.5,1.8115062365394767,1.8778892410793796e-17,1.995623862674094e-12,3.4523558326126627,1.9956238626740943e-13,0.34523558326126624,1.8125174450401402,0.5970674445978772,0.59318
1185.0,1.8114782427302258,1.1822701690464228e-17,1.2537422034209637e-12,3.4513849895672326,1.2537422034209636e-13,0.34513849895672327,1.8124754634688824,0.5971309403386562,0.59315
1187.5,1.81145041100709,7.427692609713555e-18,7.860137948900817e-13,3.4504164647072177,7.860137948900818e-14,0.3450416464707218,1.8124335856945946,0.5971942737256317,0.59352
1190.0,1.811422739949248,4.65691510418023e-18,4.917690850313935e-13,3.4494502476342976,4.917690850313934e-14,0.34494502476342975,1.8123918104769696,0.5972574455921765,0.59262
1192.5,1.8113952281512857,2.913845148889723e-18,3.0705625202348715e-13,3.4484863280185136,3.070562520234872e-14,0.34484863280185135,1.8123501365887846,0.5973204567652206,0.59245
1195.0,1.8113678742229795,1.8195947565528848e-18,1.9134478727019417e-13,3.4475246955976795,1.9134478727019418e-14,0.34475246955976796,1.812308562815735,0.5973833080653135,0.59358
1197.5,1.811340676789084,1.1340678316550618e-18,1.1900723736451102e-13,3.4465653401767957,1.19007237364511e-14,0.3446565340176796,1.8122670879562683,0.5974460003067014,0.59287
1200.0,1.8113136344891256,7.054648759426583e-19,7.387610905423633e-14,3.445608251627471,7.387610905423633e-15,0.3445608251627471,1.8122257108214241,0.5975085342973859,0.59233
1202.5,1.8112867459772006,4.380255178203102e-19,4.577456129294475e-14,3.4446534198873477,4.577456129294475e-15,0.3444653419887348,1.8121844302346728,0.5975709108391983,0.59335
1205.0,1.811260009921775,2.7147291463767325e-19,2.831061624147131e-14,3.443700834959537,2.8310616241471313e-15,0.34437008349595366,1.812143245031759,0.5976331307278598,0.59336
1207.5,1.811233425005492,1.6794686076371267e-19,1.7478115907867414e-14,3.4427504869120558,1.7478115907867416e-15,0.34427504869120557,1.812102154060547,0.5976951947530492,0.59313
1210.0,1.8112069899249799,1.0371714855215194e-19,1.077147213033791e-14,3.4418023658772743,1.0771472130337909e-15,0.34418023658772745,1.8120611561808677,0.5977571036984607,0.59394
1212.5,1.8111807033906657,6.394069234803863e-20,6.6268242258488505e-15,3.440856462051366,6.62682422584885e-16,0.3440856462051366,1.8120202502643683,0.5978188583418722,0.59405
1215.0,1.8111545641265916,3.935199727299874e-20,4.07005582014612e-15,3.439912765693766,4.0700558201461205e-16,0.34399127656937656,1.8119794351943643,0.5978804594552042,0.59373
1217.5,1.8111285708702358,2.4178719256801936e-20,2.495595459232165e-15,3.4389712671266293,2.4955954592321653e-16,0.3438971267126629,1.8119387098656927,0.5979419078045781,0.59473
1220.0,1.8111027223723342,1.4831704520605114e-20,1.5277106217097558e-15,3.4380319567343056,1.5277106217097558e-16,0.3438031956734306,1.8118980731845695,0.5980032041503778,0.59477
1222.5,1.8110770173967088,9.083518210869858e-21,9.337166161151033e-16,3.4370948249628075,9.337166161151034e-17,0.34370948249628075,1.811857524068447,0.5980643492473083,0.59381
1225.0,1.8110514547200944,5.554387491112159e-21,5.697836061149061e-16,3.4361598623192933,5.697836061149061e-17,0.3436159862319293,1.811817061445873,0.5981253438444535,0.59495
1227.5,1.811026033131975,3.391180654127333e-21,3.471676816294015e-16,3.4352270593715497,3.471676816294015e-17,0.343522705937155,1.8117766842563563,0.5981861886853316,0.5956
1230.0,1.811000751434415,2.0673393524972042e-21,2.1121099584657875e-16,3.434296406747485,2.1121099584657875e-17,0.34342964067474846,1.8117363914502267,0.5982468845079519,0.59515
1232.5,1.8109756084419015,1.2584383694783305e-21,1.2830834033423582e-16,3.433367895134619,1.2830834033423582e-17,0.3433367895134619,1.8116961819885051,0.5983074320448727,0.59549
1235.0,1.8109506029811824,7.649349834218621e-22,7.783365585075149e-17,3.4324415152795913,7.783365585075148e-18,0.3432441515279592,1.8116560548427696,0.598367832023251,0.59563
1237.5,1.8109257338911104,4.643039371836507e-22,4.7148406887724403e-17,3.431517257987661,4.71484068877244e-18,0.3431517257987661,1.8116160089950253,0.5984280851649022,0.5948
1240.0,1.8109010000224914,2.8143504921528105e-22,2.852110590572286e-17,3.4305951141222204,2.8521105905722863e-18,0.3430595114122221,1.8115760434375774,0.5984881921863483,0.59539
1242.5,1.8108764002379294,1.7035877122607633e-22,1.7229709912544888e-17,3.429675074604313,1.7229709912544888e-18,0.3429675074604313,1.8115361571729043,0.5985481537988729,0.59614
1245.0,1.8108519334116817,1.0298492842357233e-22,1.0394753239067166e-17,3.428757130412149,1.0394753239067166e-18,0.3428757130412149,1.8114963492135336,0.5986079707085729,0.59505
1247.5,1.8108275984295095,6.217529954853643e-23,6.263068995476612e-18,3.427841272580637,6.263068995476612e-19,0.34278412725806373,1.8114566185819183,0.5986676436164087,0.59517
1250.0,1.8108033941885355,3.7489458060395584e-23,3.7688513929472455e-18,3.4269274922009125,3.768851392947245e-19,0.34269274922009124,1.8114169643103175,0.5987271732182542,0.59591
1252.5,1.8107793195971003,2.2576642404417888e-23,2.2651214026488796e-18,3.426015780419874,2.2651214026488796e-19,0.3426015780419874,1.8113773854406758,0.5987865602049499,0.59517
1255.0,1.810755373574626,1.357938662774204e-23,1.3597100006364897e-18,3.425106128439722,1.3597100006364897e-19,0.3425106128439722,1.8113378810245067,0.5988458052623474,0.59523
1257.5,1.810731555051474,8.157988570573291e-24,8.152390285926854e-19,3.4241985275175084,8.152390285926854e-20,0.34241985275175085,1.8112984501227758,0.5989049090713611,0.59602
1260.0,1.8107078629688147,4.895302627687897e-24,4.882237070553368e-19,3.4232929689646814,4.882237070553368e-20,0.3423292968964681,1.8112590918057871,0.598963872308015,0.59439
1262.5,1.8106842962784908,2.9341393082217732e-24,2.9205134242593456e-19,3.4223894441466416,2.920513424259346e-20,0.3422389444146641,1.8112198051530717,0.5990226956434903,0.59401
1265.0,1.810660853942887,1.756700444325333e-24,1.7450868649645507e-19,3.421487944482302,1.7450868649645508e-20,0.3421487944482302,1.8111805892532735,0.5990813797441714,0.59534
1267.5,1.8106375349348018,1.0506096931927939e-24,1.0416055838815645e-19,3.420588461443651,1.0416055838815646e-20,0.3420588461443651,1.8111414432040431,0.5991399252716931,0.59433
1270.0,1.8106143382373192,6.276572806812836e-25,6.210530714836118e-20,3.41969098655532,6.210530714836118e-21,0.341969098655532,1.8111023661119277,0.5991983328829859,0.59377
1272.5,1.8105912628436838,3.745862495939306e-25,3.6991667107584906e-20,3.418795511394154,3.6991667107584906e-21,0.34187955113941537,1.8110633570922656,0.5992566032303202,0.59468
1275.0,1.8105683077571761,2.233261898598473e-25,2.2010977801345743e-20,3.417902027588791,2.2010977801345742e-21,0.3417902027588791,1.8110244152690809,0.599314736961351,0.59406
1277.5,1.8105454719909932,1.3301370070659728e-25,1.3084144499933855e-20,3.4170105268192414,1.3084144499933854e-21,0.34170105268192413,1.8109855397749801,0.5993727347191625,0.59339
1280.0,1.8105227545681268,7.91465847985314e-26,7.77019779249337e-21,3.416121000816471,7.77019779249337e-22,0.3416121000816471,1.81094672975105,0.599430597142311,0.59378
1282.5,1.8105001545212471,4.704972779811791e-26,4.610092138915141e-21,3.415233441361994,4.610092138915141e-22,0.34152334413619934,1.810907984346757,0.5994883248648676,0.59324
1285.0,1.8104776708925836,2.794351890042365e-26,2.7326740449188627e-21,3.4143478402874625,2.7326740449188625e-22,0.3414347840287462,1.8108693027198481,0.5995459185164598,0.59269
1287.5,1.810455302733813,1.6581121347848958e-26,1.6183651732717102e-21,3.4134641894742663,1.6183651732717102e-22,0.3413464189474266,1.8108306840362527,0.5996033787223163,0.59408
1290.0,1.810433049105946,9.830263640490058e-27,9.576026057616876e-22,3.4125824808531324,9.576026057616876e-23,0.34125824808531324,1.8107921274699859,0.5996607061033034,0.59371
1292.5,1.810410909079214,5.8229681029637136e-27,5.661398472528741e-22,3.4117027064037315,5.661398472528741e-23,0.34117027064037314,1.810753632203054,0.5997179012759699,0.59246
1295.0,1.8103888817329608,3.4463629864215295e-27,3.3442683057129447e-22,3.4108248581542875,3.3442683057129445e-23,0.34108248581542877,1.8107151974253595,0.5997749648525857,0.59346
1297.5,1.8103669661555355,2.0380941334892425e-27,1.9739072237670162e-22,3.4099489281811888,1.9739072237670162e-23,0.3409948928181189,1.8106768223346097,0.5998318974411829,0.59359
1300.0,1.8103451614441823,1.204323620838759e-27,1.164152073775909e-22,3.409074908608606,1.164152073775909e-23,0.3409074908608606,1.8106385061362245,0.5998886996455921,0.593
1302.5,1.81032346670494,7.110938428296032e-28,6.860551839221241e-23,3.408202791608112,6.860551839221241e-24,0.3408202791608112,1.8106002480432462,0.5999453720654857,0.59407
1305.0,1.810301881052534,4.195505183444183e-28,4.0400209233428785e-23,3.4073325693983096,4.0400209233428785e-24,0.340733256939831,1.810562047276251,0.600001915296412,0.59404
1307.5,1.8102804036102764,2.473568811871449e-28,2.3773447365274726e-23,3.406464234244454,2.3773447365274727e-24,0.3406464234244454,1.8105239030632618,0.600058329929837,0.59273
1310.0,1.8102590335099664,1.457319456087852e-28,1.3979554495203265e-23,3.4055977784580884,1.3979554495203264e-24,0.3405597778458088,1.8104858146396605,0.6001146165531787,0.59453
1312.5,1.8102377698917873,8.5799564908241e-29,8.214774332858836e-24,3.4047331943966777,8.214774332858837e-25,0.34047331943966774,1.8104477812481032,0.6001707757498469,0.59524
1315.0,1.8102166119042122,5.0480467902732543e-29,4.824002041460074e-24,3.4038704744632486,4.824002041460073e-25,0.34038704744632486,1.8104098021384367,0.6002268080992774,0.59386
1317.5,1.8101955587039056,2.9680958037673586e-29,2.8309823065703914e-24,3.4030096111060333,2.8309823065703914e-25,0.3403009611106033,1.8103718765676142,0.6002827141769702,0.59491
1320.0,1.8101746094556281,1.7440418241816087e-29,1.660323934061298e-24,3.4021505968181085,1.660323934061298e-25,0.3402150596818108,1.8103340037996147,0.6003384945545244,0.59558
1322.5,1.810153763332143,1.0241613514715419e-29,9.73156227712239e-25,3.4012934241370543,9.731562277122389e-26,0.3401293424137054,1.8102961831053606,0.6003941497996744,0.59446
1325.0,1.8101330195141236,6.0106347278818385e-30,5.700518008913289e-25,3.400438085644599,5.700518008913289e-26,0.34004380856445987,1.8102584137626399,0.6004496804763239,0.59531
1327.5,1.810112377190062,3.525499088178215e-30,3.3373053214789286e-25,3.3995845739662793,3.337305321478929e-26,0.33995845739662794,1.8102206950560258,0.6005050871445806,0.59604
1330.0,1.810091835556178,2.0666976158698198e-30,1.9526983600626065e-25,3.3987328817711,1.9526983600626065e-26,0.33987328817711,1.8101830262767997,0.6005603703607919,0.59469
1332.5,1.8100713938163322,1.2108684696929711e-30,1.1419303531259897e-25,3.397883001771193,1.1419303531259897e-26,0.3397883001771193,1.8101454067228753,0.600615530677576,0.59573
1335.0,1.8100510511819354,7.090685743299731e-31,6.674470783539871e-26,3.3970349267214877,6.674470783539871e-27,0.3397034926721488,1.8101078356987217,0.6006705686438581,0.59709
1337.5,1.810030806871866,4.150096291323061e-31,3.899188641648082e-26,3.3961886494193765,3.899188641648082e-27,0.33961886494193766,1.8100703125152895,0.6007254848049024,0.59553
1340.0,1.8100106601123807,2.4278067147447016e-31,2.276770071456097e-26,3.3953441627043897,2.276770071456097e-27,0.339534416270439,1.8100328364899378,0.6007802797023446,0.59597
1342.5,1.8099906101370329,1.4195911209887397e-31,1.3287976273518135e-26,3.3945014594578686,1.3287976273518135e-27,0.3394501459457869,1.8099954069463604,0.6008349538742241,0.59731
1345.0,1.809970656186589,8.296841722149893e-32,7.751761190276101e-27,3.393660532602645,7.751761190276101e-28,0.33936605326026453,1.809958023214515,0.6008895078550165,0.59719
1347.5,1.8099507975089466,4.8469633665324296e-32,4.5201289809327296e-27,3.3928213751027254,4.520128980932729e-28,0.33928213751027253,1.809920684630552,0.600943942175664,0.59746
1350.0,1.8099310333590535,2.8303556575461614e-32,2.634614678753579e-27,3.3919839799629696,2.6346146787535787e-28,0.339198397996297,1.809883390536745,0.6009982573636095,0.59796
1352.5,1.809911362998828,1.6520891335343322e-32,1.5349918181107534e-27,3.391148340228785,1.5349918181107534e-28,0.3391148340228785,1.8098461402814223,0.6010524539428234,0.5975
1355.0,1.8098917856970802,9.639486067579782e-33,8.939730956247914e-28,3.3903144489858126,8.939730956247914e-29,0.3390314448985812,1.8098089332188976,0.6011065324338378,0.59766
1357.5,1.8098723007294353,5.622233638560685e-33,5.204498827452717e-28,3.389482299359621,5.204498827452718e-29,0.33894822993596213,1.8097717687094041,0.6011604933537749,0.59842
1360.0,1.809852907378255,3.277970749313496e-33,3.028837889625149e-28,3.388651884515407,3.0288378896251494e-29,0.3388651884515407,1.809734646119029,0.6012143372163773,0.59738
1362.5,1.8098336049325645,1.910508242889846e-33,1.7620663957388578e-28,3.3878231976576876,1.7620663957388578e-29,0.3387823197657688,1.8096975648196452,0.6012680645320373,0.59792
1365.0,1.809814392687976,1.1131323618745064e-33,1.024764381110038e-28,3.3869962320300098,1.024764381110038e-29,0.33869962320300095,1.8096605241888502,0.6013216758078274,0.60024
1367.5,1.8097952699466149,6.483433504880702e-34,5.957822908657005e-29,3.3861709809146485,5.957822908657005e-30,0.33861709809146484,1.8096235236099005,0.6013751715475263,0.59897
1370.0,1.8097762360170504,3.775112455726215e-34,3.462734469309431e-29,3.385347437632319,3.462734469309431e-30,0.3385347437632319,1.8095865624716492,0.6014285522516502,0.59847
1372.5,1.809757290214219,2.1974927101655143e-34,2.0119859976897937e-29,3.3845255955418865,2.011985997689794e-30,0.3384525595541886,1.8095496401684843,0.6014818184174812,0.5993
1375.0,1.809738431859358,1.2788033478296862e-34,1.1687212226698981e-29,3.383705448040077,1.1687212226698981e-30,0.3383705448040077,1.8095127561002664,0.6015349705390937,0.59894
1377.5,1.8097196602799328,7.439861140649e-35,6.787081844846774e-30,3.382886988561195,6.787081844846774e-31,0.3382886988561195,1.8094759096722701,0.6015880091073822,0.59861
1380.0,1.8097009748095703,4.3272952712762726e-35,3.940463488160983e-30,3.3820702105768428,3.9404634881609824e-31,0.33820702105768424,1.8094391002951224,0.60164093461009,0.59861
1382.5,1.809682374787989,2.516313090306388e-35,2.287227694361918e-30,3.3812551075956376,2.287227694361918e-31,0.33812551075956376,1.8094023273847448,0.6016937475318348,0.59589
1385.0,1.8096638595609331,1.4629012233358097e-35,1.3273183353528669e-30,3.380441673162939,1.3273183353528668e-31,0.3380441673162939,1.8093655903622956,0.6017464483541368,0.59487
1387.5,1.8096454284801058,8.503019287802432e-36,7.701051654887908e-31,3.3796299008605764,7.701051654887908e-32,0.3379629900860576,1.8093288886541112,0.6017990375554444,0.59821
1390.0,1.8096270809031036,4.941340021986868e-36,4.467245327183647e-31,3.3788197843065695,4.4672453271836467e-32,0.3378819784306569,1.8092922216916505,0.6018515156111597,0.59828
1392.5,1.8096088161933532,2.871013488205719e-36,2.5908954780335492e-31,3.3780113171548702,2.5908954780335494e-32,0.33780113171548704,1.8092555889114386,0.6019038829936673,0.59854
1395.0,1.8095906337200451,1.6678234441921252e-36,1.502400538998941e-31,3.3772044930950886,1.5024005389989412e-32,0.3377204493095089,1.8092189897550113,0.6019561401723553,0.60098
1397.5,1.809572532858074,9.687118689262317e-37,8.710692209986084e-32,3.3763993058522335,8.710692209986083e-33,0.33763993058522335,1.8091824236688612,0.6020082876136468,0.60088
1400.0,1.8095545129879738,5.6256687647696786e-37,5.049588475122854e-32,3.3755957491864472,5.049588475122854e-33,0.3375595749186447,1.809145890104383,0.6020603257810181,0.60042
1402.5,1.8095365734958584,3.2665845155364916e-37,2.9268528816654876e-32,3.3747938168927503,2.9268528816654875e-33,0.33747938168927505,1.809109388517821,0.6021122551350286,0.601
1405.0,1.8095187137733597,1.89652682527771e-37,1.696260424662897e-32,3.373993502800782,1.6962604246628972e-33,0.33739935028007817,1.8090729183702168,0.6021640761333448,0.60023
1407.5,1.8095009332175696,1.1009675190198155e-37,9.829602755505885e-33,3.373194800774546,9.829602755505884e-34,0.3373194800774546,1.8090364791273563,0.6022157892307611,0.59966
1410.0,1.809483231230978,6.390656249994772e-38,5.695557085560644e-33,3.372397704712163,5.6955570855606445e-34,0.33723977047121634,1.80900007025972,0.6022673948792298,0.60142
1412.5,1.8094656072214186,3.70917040657604e-38,3.299880354042323e-33,3.3716022085456134,3.2998803540423232e-34,0.3371602208545614,1.808963691242431,0.6023188935278778,0.60054
1415.0,1.8094480606020076,2.152649731108304e-38,1.9117310476330432e-33,3.3708083062404954,1.9117310476330434e-34,0.33708083062404953,1.808927341555206,0.6023702856230366,0.59929
1417.5,1.8094305907910895,1.2492231406747883e-38,1.1074568582541892e-33,3.370015991795778,1.1074568582541893e-34,0.3370015991795778,1.8088910206823068,0.6024215716082624,0.60115
1420.0,1.8094131972121807,7.24905659803624e-39,6.415093789816132e-34,3.369225259243558,6.415093789816132e-35,0.3369225259243558,1.8088547281124892,0.6024727519243586,0.60044
1422.5,1.809395879293912,4.2063215433095695e-39,3.715866111521357e-34,3.368436102648819,3.715866111521357e-35,0.3368436102648819,1.8088184633389568,0.6025238270094018,0.59923
1425.0,1.8093786364699767,2.4406616784818622e-39,2.152298890952071e-34,3.367648516109195,2.1522988909520708e-35,0.33676485161091946,1.8087822258593143,0.6025747972987585,0.60175
1427.5,1.8093614681790748,1.4161243855576537e-39,1.2466230378248084e-34,3.3668624937547276,1.2466230378248084e-35,0.33668624937547276,1.8087460151755173,0.6026256632251166,0.60106
1430.0,1.809344373864861,8.216529840531277e-40,7.220416723080944e-35,3.3660780297476394,7.220416723080944e-36,0.33660780297476395,1.8087098307938299,0.6026764252184974,0.59936
1432.5,1.809327352975891,4.7673072509032044e-40,4.182041867181252e-35,3.365295118282099,4.182041867181252e-36,0.3365295118282099,1.8086736722247765,0.602727083706286,0.6021
1435.0,1.8093104049655704,2.7660493125784623e-40,2.4222439581501307e-35,3.3645137535839864,2.4222439581501308e-36,0.33645137535839864,1.808637538983097,0.6027776391132459,0.60189
1437.5,1.8092935292921024,1.604918960146836e-40,1.4029917536846665e-35,3.3637339299106714,1.4029917536846666e-36,0.33637339299106717,1.8086014305877034,0.602828091861547,0.60047
1440.0,1.8092767254184368,9.312300950231182e-41,8.126515625906536e-36,3.362955641550784,8.126515625906537e-37,0.3362955641550784,1.808565346561634,0.6028784423707815,0.6029
1442.5,1.8092599928122226,5.403508563435599e-41,4.7072784212128425e-36,3.3621788828239896,4.707278421212843e-37,0.33621788828239896,1.8085292864320115,0.6029286910579886,0.60217
1445.0,1.8092433309457556,3.135550660068294e-41,2.726816032838527e-36,3.3614036480807705,2.726816032838527e-37,0.336140364808077,1.8084932497299984,0.6029788383376723,0.60003
1447.5,1.8092267392959303,1.8195964402482092e-41,1.579669999083085e-36,3.360629931702201,1.5796699990830848e-37,0.33606299317022015,1.8084572359907556,0.603028884621826,0.60311
1450.0,1.8092102173441929,1.0559994919942735e-41,9.151779989637968e-37,3.359857728099735,9.151779989637968e-38,0.3359857728099735,1.8084212447534012,0.6030788303199464,0.60288
1452.5,1.8091937645764915,6.128917344874577e-42,5.3024610547654476e-37,3.3590870317149824,5.302461054765448e-38,0.33590870317149824,1.808385275560967,0.603128675839061,0.6009
1455.0,1.8091773804832314,3.557453655821101e-42,3.0724591809247344e-37,3.3583178370195004,3.0724591809247345e-38,0.33583178370195005,1.8083493279603589,0.6031784215837442,0.60379
1457.5,1.809161064559227,2.0650669432510745e-42,1.78047317683395e-37,3.3575501385145805,1.7804731768339503e-38,0.33575501385145806,1.8083134015023166,0.6032280679561376,0.60324
1460.0,1.809144816303656,1.198870686774269e-42,1.0318803677189572e-37,3.356783930731036,1.0318803677189571e-38,0.3356783930731036,1.808277495741373,0.6032776153559678,0.60076
1462.5,1.8091286352200153,6.960777633795141e-43,5.980971727207646e-38,3.356019208228995,5.980971727207647e-39,0.33560192082289947,1.8082416102358152,0.6033270641805695,0.60372
1465.0,1.809112520816074,4.041980782389918e-43,3.4671009233876567e-38,3.355255965597689,3.467100923387656e-39,0.33552559655976893,1.8082057445476456,0.6033764148249022,0.60335
1467.5,1.8090964726038314,2.347391970985236e-43,2.010098636086646e-38,3.354494197455257,2.010098636086646e-39,0.3354494197455257,1.8081698982425425,0.6034256676815689,0.60104
1470.0,1.8090804900994717,1.3634388420848805e-43,1.1655427074592747e-38,3.3537338984485325,1.1655427074592746e-39,0.33537338984485326,1.8081340708898237,0.6034748231408371,0.60441
1472.5,1.8090645728233208,7.920418865025197e-44,6.759315373777158e-39,3.3529750632528468,6.759315373777158e-40,0.3352975063252847,1.8080982620624066,0.603523881590656,0.60379
1475.0,1.809048720299806,4.601790204533718e-44,3.9205288948948065e-39,3.352217686571829,3.920528894894807e-40,0.3352217686571829,1.808062471336774,0.6035728434166721,0.60077
1477.5,1.8090329320574101,2.6740860385055434e-44,2.274352366466612e-39,3.3514617631372077,2.274352366466612e-40,0.33514617631372073,1.8080266982929338,0.6036217090022543,0.60383
1480.0,1.8090172076286324,1.5541664590579446e-44,1.3196102514140812e-39,3.3507072877086137,1.3196102514140813e-40,0.33507072877086136,1.807990942514387,0.6036704787285053,0.60363
1482.5,1.809001546549947,9.034351140008197e-45,7.657942980479008e-40,3.349954255073386,7.657942980479008e-41,0.3349954255073386,1.807955203588088,0.6037191529742828,0.60153
1485.0,1.8089859483617612,5.252636573752632e-45,4.444887399886419e-40,3.3492026600463793,4.4448873998864193e-41,0.3349202660046379,1.8079194811044108,0.6037677321162158,0.6045
1487.5,1.8089704126083763,3.0545156920746455e-45,2.580448822452827e-40,3.3484524974697725,2.580448822452827e-41,0.33484524974697727,1.8078837746571155,0.6038162165287251,0.60399
1490.0,1.808954938837948,1.7766245304841613e-45,1.4983706236661626e-40,3.347703762212879,1.4983706236661627e-41,0.3347703762212879,1.8078480838433104,0.603864606584036,0.60155
1492.5,1.8089395266024464,1.0335724005264853e-45,8.702347632689242e-41,3.346956449171958,8.702347632689242e-42,0.3346956449171958,1.8078124082634215,0.6039129026521972,0.60457
1495.0,1.8089241754576175,6.014254304350568e-46,5.055341040633722e-41,3.346210553270029,5.055341040633722e-42,0.3346210553270029,1.807776747521155,0.6039611051011026,0.60388
1497.5,1.8089088849629453,3.5004348503602227e-46,2.937413131288511e-41,3.345466069456687,2.937413131288511e-42,0.33454660694566873,1.807741101223468,0.6040092142964999,0.60124
1500.0,1.8088936546816132,2.0378173355358696e-46,1.7071978588473105e-41,3.344722992707919,1.7071978588473104e-42,0.3344722992707919,1.807705468980532,0.6040572306020129,0.6041
1502.5,1.8088784841804675,1.1866299098280326e-46,9.924546575030059e-42,3.3439813180259232,9.924546575030059e-43,0.3343981318025923,1.8076698504057027,0.6041051543791576,0.60344
1505.0,1.80886337302998,6.911556988848211e-47,5.770975856752884e-42,3.343241040438925,5.770975856752885e-43,0.3343241040438925,1.8076342451154859,0.6041529859873548,0.60117
1507.5,1.808848320804211,4.0267149164925897e-47,3.356629651675902e-42,3.3425021550010063,3.356629651675902e-43,0.33425021550010064,1.807598652729508,0.6042007257839515,0.60417
1510.0,1.8088333270807744,2.3466274074031975e-47,1.952886734784198e-42,3.341764656791921,1.9528867347841983e-43,0.33417646567919207,1.8075630728704823,0.6042483741242333,0.60355
1512.5,1.8088183914408007,1.367916537594608e-47,1.136512144193377e-42,3.341028540916921,1.136512144193377e-43,0.3341028540916921,1.807527505164179,0.6042959313614427,0.60154
1515.0,1.8088035134689027,7.976296387901676e-48,6.6160459762605166e-43,3.3402938025065865,6.616045976260517e-44,0.33402938025065865,1.8074919492393953,0.6043433978467911,0.60453
1517.5,1.8087886927531396,4.6523597666017384e-48,3.852604748497594e-43,3.3395604367166483,3.8526047484975937e-44,0.3339560436716648,1.807456404727923,0.6043907739294793,0.60372
1520.0,1.8087739288849844,2.7144373741330628e-48,2.2441201350542098e-43,3.3388284387278206,2.24412013505421e-44,0.33388284387278205,1.80742087126452,0.6044380599567091,0.60174
1522.5,1.8087592214592885,1.584255432698046e-48,1.3076085986926501e-43,3.338097803745627,1.3076085986926503e-44,0.33380978037456266,1.807385348486881,0.6044852562737005,0.6047
1525.0,1.8087445700742473,9.24940665954294e-49,7.621735871917273e-44,3.3373685270002347,7.621735871917273e-45,0.33373685270002346,1.8073498360356066,0.6045323632237067,0.60321
1527.5,1.8087299743313692,5.401948341711248e-49,4.444051384717937e-44,3.336640603746292,4.444051384717937e-45,0.3336640603746292,1.8073143335541757,0.604579381148027,0.60088
1530.0,1.8087154338354405,3.156019095581078e-49,2.592137622291926e-44,3.335914029262753,2.592137622291926e-45,0.33359140292627526,1.8072788406889164,0.6046263103860254,0.60455
1532.5,1.8087009481944951,1.8445328990234528e-49,1.5125014042092692e-44,3.3351887988527222,1.5125014042092692e-45,0.33351887988527223,1.807243357088978,0.6046731512751428,0.60342
1535.0,1.8086865170197808,1.0784398578059368e-49,8.828713314974729e-45,3.3344649078432886,8.82871331497473e-46,0.33344649078432886,1.8072078824063023,0.6047199041509109,0.6014
1537.5,1.8086721399257268,6.30773707756335e-50,5.155470689729813e-45,3.3337423515853644,5.155470689729813e-46,0.3333742351585364,1.8071724162955964,0.6047665693469693,0.60387
1540.0,1.8086578165299154,3.690838198969923e-50,3.011716927655193e-45,3.333021125453524,3.0117169276551933e-46,0.3333021125453524,1.8071369584143053,0.6048131471950766,0.60285
1542.5,1.8086435464530484,2.1605092782444866e-50,1.7601141203359394e-45,3.332301224845848,1.7601141203359394e-46,0.3332301224845848,1.8071015084225859,0.6048596380251282,0.602
1545.0,1.8086293293189168,1.2652408954788832e-50,1.0290929455683705e-45,3.331582645183764,1.0290929455683706e-46,0.3331582645183764,1.8070660659832778,0.6049060421651667,0.60538
1547.5,1.8086151647543711,7.412809961869901e-51,6.0195229256653226e-46,3.3308653819118916,6.019522925665323e-47,0.33308653819118916,1.8070306307618798,0.6049523599413984,0.60383
1550.0,1.8086010523892926,4.345022867675683e-51,3.522655979553441e-46,3.3301494304978863,3.5226559795534403e-47,0.3330149430497886,1.8069952024265217,0.6049985916782057,0.60257
1552.5,1.8085869918565591,2.5480517487586637e-51,2.0624645809640817e-46,3.329434786432287,2.0624645809640817e-47,0.3329434786432287,1.806959780647939,0.6050447376981616,0.60553
1555.0,1.8085729827920223,1.4949934646153645e-51,1.2081441763602268e-46,3.3287214452283647,1.2081441763602268e-47,0.3328721445228365,1.8069243650994486,0.6050907983220419,0.60409
1557.5,1.8085590248344734,8.775939707842271e-52,7.080687695538808e-47,3.3280094024219697,7.080687695538808e-48,0.332800940242197,1.8068889554569216,0.6051367738688402,0.60334
1560.0,1.8085451176256175,5.1544251328884626e-52,4.1520779822976893e-47,3.3272986535713835,4.1520779822976895e-48,0.33272986535713833,1.8068535513987598,0.605182664655781,0.60605
1562.5,1.8085312608100437,3.0290658329272964e-52,2.436119287798846e-47,3.326589194257169,2.436119287798846e-48,0.33265891942571685,1.8068181526058706,0.6052284709983301,0.60385
1565.0,1.808517454035198,1.7811042535622474e-52,1.4301607765542975e-47,3.325881020082024,1.4301607765542975e-48,0.3325881020082024,1.806782758761642,0.6052741932102125,0.60336
1567.5,1.808503696951356,1.047932092880751e-52,8.401086480268311e-48,3.325174126670636,8.40108648026831e-49,0.3325174126670636,1.80674736955192,0.6053198316034206,0.60696
1570.0,1.8084899892115944,6.169527916970138e-53,4.9381257528842104e-48,3.3244685096695363,4.9381257528842104e-49,0.33244685096695364,1.8067119846649833,0.6053653864882299,0.60431
1572.5,1.8084763304717648,3.6346149661877035e-53,2.904541730086564e-48,3.3237641647469585,2.904541730086564e-49,0.33237641647469585,1.8066766037915203,0.605410858173209,0.60404
1575.0,1.8084627203904668,2.1427238423056617e-53,1.709603931849946e-48,3.3230610875926887,1.7096039318499458e-49,0.33230610875926886,1.8066412266246061,0.6054562469652366,0.60775
1577.5,1.8084491586290212,1.264124802414049e-53,1.0070022675079872e-48,3.3223592739179355,1.0070022675079872e-49,0.3322359273917936,1.8066058528596787,0.6055015531695092,0.60447
1580.0,1.8084356448514451,7.463549097570238e-54,5.936058484717314e-49,3.3216587194551814,5.936058484717314e-50,0.33216587194551817,1.806570482194517,0.6055467770895551,0.60445
1582.5,1.8084221787244243,4.410110036597249e-54,3.5019953977874325e-49,3.320959419958047,3.5019953977874326e-50,0.3320959419958047,1.806535114329218,0.6055919190272488,0.60803
1585.0,1.8084087599172893,2.608075678323641e-54,2.0677631270732536e-49,3.3202613712011515,2.0677631270732535e-50,0.33202613712011514,1.8064997489661745,0.6056369792828193,0.60409
1587.5,1.8083953881019885,1.543750628299336e-54,1.2220058287470417e-49,3.3195645689799793,1.2220058287470417e-50,0.33195645689799796,1.8064643858100524,0.6056819581548634,0.60484
1590.0,1.808382062953066,9.146209811029168e-55,7.228595107049087e-50,3.3188690091107387,7.228595107049086e-51,0.33188690091107387,1.80642902456777,0.6057268559403609,0.60879
1592.5,1.8083687841476324,5.424185757863979e-55,4.280209011896229e-50,3.3181746874302327,4.280209011896229e-51,0.33181746874302326,1.8063936649484764,0.6057716729346799,0.60468
1595.0,1.808355551365346,3.220187746085073e-55,2.5370578473431325e-50,3.317481599795723,2.5370578473431323e-51,0.3317481599795723,1.8063583066635294,0.6058164094315956,0.60556
1597.5,1.8083423642883825,1.913843990092542e-55,1.505481870270224e-50,3.3167897420847985,1.5054818702702238e-51,0.33167897420847986,1.8063229494264743,0.6058610657232962,0.60857
1600.0,1.8083292226014172,1.1387743337563657e-55,8.943912702564023e-51,3.3160991101952413,8.943912702564024e-52,0.33160991101952414,1.8062875929530244,0.6059056421003961,0.60562
1602.5,1.808316125991596,6.78427397180672e-56,5.320043749084165e-51,3.3154097000449023,5.3200437490841654e-52,0.33154097000449023,1.8062522369610396,0.6059501388519489,0.60686
1605.0,1.8083030741485167,4.047008527095706e-56,3.1686111545767275e-51,3.3147215075715635,3.1686111545767277e-52,0.33147215075715636,1.8062168811705055,0.6059945562654567,0.60857
1607.5,1.8082900667642017,2.417475302625323e-56,1.8898221215458726e-51,3.3140345287328175,1.8898221215458726e-52,0.33140345287328177,1.806181525303514,0.6060388946268822,0.60491
1610.0,1.8082771035330787,1.4461753861864373e-56,1.1287686879616631e-51,3.313348759505937,1.1287686879616631e-52,0.33133487595059374,1.8061461690842429,0.6060831542206588,0.60716
1612.5,1.8082641841519558,8.664555436177234e-57,6.752373012072163e-52,3.312664195887747,6.7523730120721625e-53,0.33126641958877473,1.8061108122389364,0.6061273353297028,0.60903
1615.0,1.80825130832,5.199659617161031e-57,4.0458730537314216e-52,3.3119808338945043,4.0458730537314213e-53,0.33119808338945045,1.8060754544958866,0.6061714382354229,0.60527
1617.5,1.8082384757387149,3.1256845101739944e-57,2.4283468301952474e-52,3.3112986695617663,2.428346830195247e-53,0.33112986695617663,1.806040095585411,0.6062154632177321,0.60791
1620.0,1.808225686111919,1.882332971507432e-57,1.4601292431845914e-52,3.310617698944276,1.4601292431845912e-53,0.3310617698944276,1.806004735239838,0.6062594105550574,0.60915
1622.5,1.808212939145725,1.1357148710799127e-57,8.79618735422455e-53,3.3099379181158333,8.79618735422455e-54,0.33099379181158334,1.8059693731934845,0.6063032805243511,0.60578
1625.0,1.8082002345485155,6.866017719756211e-58,5.309595280690081e-53,3.3092593231691763,5.309595280690081e-54,0.33092593231691764,1.8059340091826384,0.6063470734011018,0.60971
1627.5,1.8081875720309248,4.1595358276580334e-58,3.2116908629220316e-53,3.308581910215861,3.2116908629220315e-54,0.3308581910215861,1.80589864294554,0.6063907894593417,0.61023
1630.0,1.8081749513058178,2.525403659551514e-58,1.9469422292505068e-53,3.307905675386143,1.9469422292505069e-54,0.3307905675386143,1.8058632742223637,0.6064344289716614,0.60578
1632.5,1.8081623720882667,1.5367528050416228e-58,1.1829344741690095e-53,3.3072306148288546,1.1829344741690095e-54,0.33072306148288544,1.8058279027552016,0.6064779922092164,0.60937
1635.0,1.8081498340955335,9.37356896539495e-59,7.204387865346068e-54,3.3065567247112937,7.204387865346069e-55,0.33065567247112937,1.805792528288042,0.6065214794417388,0.60868
1637.5,1.8081373370470484,5.731560726390831e-59,4.3984681701699453e-54,3.3058840012191015,4.398468170169945e-55,0.33058840012191015,1.8057571505667553,0.606564890937547,0.60514
1640.0,1.808124880664389,3.513542277548506e-59,2.6922240505423265e-54,3.305212440556152,2.6922240505423263e-55,0.3305212440556152,1.8057217693390744,0.6066082269635562,0.6102
1642.5,1.8081124646712625,2.1595185685101817e-59,1.652195475220051e-54,3.3045420389444318,1.6521954752200508e-55,0.3304542038944432,1.805686384354578,0.6066514877852865,0.60949
1645.0,1.8081000887934848,1.330884786525217e-59,1.0166803326740528e-54,3.3038727926239297,1.0166803326740528e-55,0.330387279262393,1.8056509953646742,0.6066946736668757,0.60691
1647.5,1.8080877527589603,8.22478775328058e-60,6.2734889913302744e-55,3.303204697852525,6.273488991330274e-56,0.3303204697852525,1.805615602122582,0.6067377848710858,0.6111
1650.0,1.8080754562976649,5.097236996736536e-60,3.8820466188008736e-55,3.302537750905871,3.8820466188008737e-56,0.33025377509058707,1.8055802043833162,0.6067808216593138,0.61
1652.5,1.8080631991416245,3.168048277392303e-60,2.4091297293733032e-55,3.3018719480772867,2.409129729373303e-56,0.3301871948077287,1.8055448019036695,0.6068237842916016,0.60879
1655.0,1.8080509810248984,1.9747492691055915e-60,1.4994218239284446e-55,3.3012072856776458,1.4994218239284447e-56,0.3301207285677646,1.8055093944421972,0.6068666730266458,0.61244
1657.5,1.80803880168356,1.2345447629687291e-60,9.35972671582579e-56,3.3005437600352696,9.35972671582579e-57,0.33005437600352694,1.8054739817592,0.6069094881218036,0.60893
1660.0,1.808026660855678,7.740746920371304e-61,5.859824977912362e-56,3.299881367495813,5.859824977912362e-57,0.3299881367495813,1.8054385636167087,0.606952229833108,0.60743
1662.5,1.8080145582812983,4.867896248277408e-61,3.679506067254285e-56,3.2992201044221607,3.6795060672542845e-57,0.3299220104422161,1.805403139778468,0.6069948984152714,0.61161
1665.0,1.8080024937024262,3.0702820468370113e-61,2.31725538085088e-56,3.2985599671943198,2.31725538085088e-57,0.329855996719432,1.8053677100099206,0.6070374941216992,0.60846
1667.5,1.8079904668630087,1.9421589399235676e-61,1.4636215310986796e-56,3.2979009522093126,1.4636215310986794e-57,0.3297900952209312,1.805332274078192,0.6070800172044933,0.60884
1670.0,1.8079784775089165,1.2321027658885261e-61,9.271293407863613e-57,3.297243055881072,9.271293407863612e-58,0.3297243055881072,1.8052968317520754,0.6071224679144679,0.61301
1672.5,1.8079665253879273,7.838740577637164e-62,5.889657354164694e-57,3.2965862746403354,5.889657354164694e-58,0.32965862746403357,1.8052613828020154,0.6071648465011513,0.60814
1675.0,1.8079546102497084,5.001037600774336e-62,3.751933847622443e-57,3.295930604934545,3.7519338476224425e-58,0.3295930604934545,1.805225927000094,0.6072071532128013,0.60863
1677.5,1.807942731845798,3.199350769586052e-62,2.3966752605635513e-57,3.29527604322774,2.3966752605635513e-58,0.329527604322774,1.8051904641200154,0.6072493882964081,0.61169
1680.0,1.8079308899295912,2.0522089684069447e-62,1.535048718756749e-57,3.294622586000455,1.535048718756749e-58,0.3294622586000455,1.805154993937091,0.6072915519977075,0.6078
1682.5,1.8079190842563206,1.3197950662898947e-62,9.857375297474917e-58,3.293970229749624,9.857375297474917e-59,0.32939702297496243,1.805119516228225,0.6073336445611861,0.61064
1685.0,1.807907314583042,8.509057868800343e-63,6.345873872900552e-58,3.2933189709884743,6.345873872900553e-59,0.3293318970988474,1.8050840307719003,0.6073756662300923,0.61439
1687.5,1.8078955806686157,5.499326967005544e-63,4.095204787966306e-58,3.292668806246427,4.095204787966307e-59,0.3292668806246427,1.8050485373481628,0.6074176172464424,0.61092
1690.0,1.8078838822736927,3.562479709484835e-63,2.6489609665988777e-58,3.2920197320689994,2.648960966598878e-59,0.3292019732068999,1.8050130357386103,0.6074594978510309,0.61301
